project,subject,sample_name,haplotype,genotyper_gene,genotyper_allele,vdjbase_allele,closest_imgt_allele,sense,imgt_allele_match,closest_imgt_seq,ref_extension,notes,exon_reads,exon_min_score,gene_sequence,gene_sequence_CIGAR,L-PART1,L-PART1_CIGAR,V-INTRON,V-INTRON_CIGAR,L-PART2,L-PART2_CIGAR,V-REGION,V-REGION_CIGAR,V-REGION-GAPPED,V-REGION-GAPPED_CIGAR,V-HEPTAMER,V-HEPTAMER_CIGAR,V-SPACER,V-SPACER_CIGAR,V-NONAMER,V-NONAMER_CIGAR,V-UTR,V-UTR_CIGAR,D-5_NONAMER,D-5_NONAMER_CIGAR,D-5_SPACER,D-5_SPACER_CIGAR,D-5_HEPTAMER,D-5_HEPTAMER_CIGAR,D-REGION,D-REGION_CIGAR,D-3_HEPTAMER,D-3_HEPTAMER_CIGAR,D-3_SPACER,D-3_SPACER_CIGAR,D-3_NONAMER,D-3_NONAMER_CIGAR,J-NONAMER,J-NONAMER_CIGAR,J-SPACER,J-SPACER_CIGAR,J-HEPTAMER,J-HEPTAMER_CIGAR,J-REGION,J-REGION_CIGAR,C-REGION,C-REGION_CIGAR
PRJNA555323,W-53,W-53,2,IGHV1-2,,IGHV1-2*02,IGHV1-2*02,-,100.0,CAGGTGCAGCTGGTGCAGTCTGGGGCTGAGGTGAAGAAGCCTGGGGCCTCAGTGAAGGTCTCCTGCAAGGCTTCTGGATACACCTTCACCGGCTACTATATGCACTGGGTGCGACAGGCCCCTGGACAAGGGCTTGAGTGGATGGGATGGATCAACCCTAACAGTGGTGGCACAAACTATGCACAGAAGTTTCAGGGCAGGGTCACCATGACCAGGGACACGTCCATCAGCACAGCCTACATGGAGCTGAGCAGGCTGAGATCTGACGACACGGCCGTGTATTACTGTGCGAGAGA,False,,,,AGCATCACCCAGCAACCACATCTGTCCTCTAGAGAATCCCCTGAGAGCTCCGTTCCTCACCATGGACTGGACCTGGAGGATCCTCTTCTTGGTGGCAGCAGCCACAGGTAAGAGGCTCCCTAGTCCCAGTGATGAGAAAGAGATTGAGTCCAGTCCAGGGAGATCTCATCCACTTCTGTGTTCTCTCCACAGGAGCCCACTCCCAGGTGCAGCTGGTGCAGTCTGGGGCTGAGGTGAAGAAGCCTGGGGCCTCAGTGAAGGTCTCCTGCAAGGCTTCTGGATACACCTTCACCGGCTACTATATGCACTGGGTGCGACAGGCCCCTGGACAAGGGCTTGAGTGGATGGGATGGATCAACCCTAACAGTGGTGGCACAAACTATGCACAGAAGTTTCAGGGCAGGGTCACCATGACCAGGGACACGTCCATCAGCACAGCCTACATGGAGCTGAGCAGGCTGAGATCTGACGACACGGCCGTGTATTACTGTGCGAGAGACACAGTGTGAAAACCCACATCCTGAGGGTGTCAGAAACC,538M,ATGGACTGGACCTGGAGGATCCTCTTCTTGGTGGCAGCAGCCACAG,46M,GTAAGAGGCTCCCTAGTCCCAGTGATGAGAAAGAGATTGAGTCCAGTCCAGGGAGATCTCATCCACTTCTGTGTTCTCTCCACAG,85M,GAGCCCACTCC,11M,CAGGTGCAGCTGGTGCAGTCTGGGGCTGAGGTGAAGAAGCCTGGGGCCTCAGTGAAGGTCTCCTGCAAGGCTTCTGGATACACCTTCACCGGCTACTATATGCACTGGGTGCGACAGGCCCCTGGACAAGGGCTTGAGTGGATGGGATGGATCAACCCTAACAGTGGTGGCACAAACTATGCACAGAAGTTTCAGGGCAGGGTCACCATGACCAGGGACACGTCCATCAGCACAGCCTACATGGAGCTGAGCAGGCTGAGATCTGACGACACGGCCGTGTATTACTGTGCGAGAGA,296M,CAGGTGCAGCTGGTGCAGTCTGGGGCT...GAGGTGAAGAAGCCTGGGGCCTCAGTGAAGGTCTCCTGCAAGGCTTCTGGATACACCTTC............ACCGGCTACTATATGCACTGGGTGCGACAGGCCCCTGGACAAGGGCTTGAGTGGATGGGATGGATCAACCCTAAC......AGTGGTGGCACAAACTATGCACAGAAGTTTCAG...GGCAGGGTCACCATGACCAGGGACACGTCCATCAGCACAGCCTACATGGAGCTGAGCAGGCTGAGATCTGACGACACGGCCGTGTATTACTGTGCGAGAGA,,CACAGTG,7M,TGAAAACCCACATCCTGAGGGTG,23M,TCAGAAACC,9M,AGCATCACCCAGCAACCACATCTGTCCTCTAGAGAATCCCCTGAGAGCTCCGTTCCTCACC,61M,,,,,,,,,,,,,,,,,,,,,,,,
PRJNA555323,W-53,W-53,1,IGHV1-2,,IGHV1-2*04,IGHV1-2*04,-,100.0,CAGGTGCAGCTGGTGCAGTCTGGGGCTGAGGTGAAGAAGCCTGGGGCCTCAGTGAAGGTCTCCTGCAAGGCTTCTGGATACACCTTCACCGGCTACTATATGCACTGGGTGCGACAGGCCCCTGGACAAGGGCTTGAGTGGATGGGATGGATCAACCCTAACAGTGGTGGCACAAACTATGCACAGAAGTTTCAGGGCTGGGTCACCATGACCAGGGACACGTCCATCAGCACAGCCTACATGGAGCTGAGCAGGCTGAGATCTGACGACACGGCCGTGTATTACTGTGCGAGAGA,False,,,,AGCATCACCCAGCAACCACATCTGTCCTCTAGAGAATCCCCTGAGAGCTCCGTTCCTCACCATGGACTGGACCTGGAGGATCCTCTTCTTGGTGGCAGCAGCCACAGGTAAGAGGCTCCCTAGTCCCAGTGATGAGAAAGAGATTGAGTCCAGTCCAGGGAGATCTCATCCACTTCTGTGTTCTCTCCACAGGAGCCCACTCCCAGGTGCAGCTGGTGCAGTCTGGGGCTGAGGTGAAGAAGCCTGGGGCCTCAGTGAAGGTCTCCTGCAAGGCTTCTGGATACACCTTCACCGGCTACTATATGCACTGGGTGCGACAGGCCCCTGGACAAGGGCTTGAGTGGATGGGATGGATCAACCCTAACAGTGGTGGCACAAACTATGCACAGAAGTTTCAGGGCTGGGTCACCATGACCAGGGACACGTCCATCAGCACAGCCTACATGGAGCTGAGCAGGCTGAGATCTGACGACACGGCCGTGTATTACTGTGCGAGAGACACAGTGTGAAAACCCACATCCTGAGGGTGTCAGAAACC,538M,ATGGACTGGACCTGGAGGATCCTCTTCTTGGTGGCAGCAGCCACAG,46M,GTAAGAGGCTCCCTAGTCCCAGTGATGAGAAAGAGATTGAGTCCAGTCCAGGGAGATCTCATCCACTTCTGTGTTCTCTCCACAG,85M,GAGCCCACTCC,11M,CAGGTGCAGCTGGTGCAGTCTGGGGCTGAGGTGAAGAAGCCTGGGGCCTCAGTGAAGGTCTCCTGCAAGGCTTCTGGATACACCTTCACCGGCTACTATATGCACTGGGTGCGACAGGCCCCTGGACAAGGGCTTGAGTGGATGGGATGGATCAACCCTAACAGTGGTGGCACAAACTATGCACAGAAGTTTCAGGGCTGGGTCACCATGACCAGGGACACGTCCATCAGCACAGCCTACATGGAGCTGAGCAGGCTGAGATCTGACGACACGGCCGTGTATTACTGTGCGAGAGA,296M,CAGGTGCAGCTGGTGCAGTCTGGGGCT...GAGGTGAAGAAGCCTGGGGCCTCAGTGAAGGTCTCCTGCAAGGCTTCTGGATACACCTTC............ACCGGCTACTATATGCACTGGGTGCGACAGGCCCCTGGACAAGGGCTTGAGTGGATGGGATGGATCAACCCTAAC......AGTGGTGGCACAAACTATGCACAGAAGTTTCAG...GGCTGGGTCACCATGACCAGGGACACGTCCATCAGCACAGCCTACATGGAGCTGAGCAGGCTGAGATCTGACGACACGGCCGTGTATTACTGTGCGAGAGA,,CACAGTG,7M,TGAAAACCCACATCCTGAGGGTG,23M,TCAGAAACC,9M,AGCATCACCCAGCAACCACATCTGTCCTCTAGAGAATCCCCTGAGAGCTCCGTTCCTCACC,61M,,,,,,,,,,,,,,,,,,,,,,,,
PRJNA555323,W-53,W-53,1,IGHV1-3,,IGHV1-3*02_a258g,IGHV1-3*02,-,99.66,CAGGTTCAGCTGGTGCAGTCTGGGGCTGAGGTGAAGAAGCCTGGGGCCTCAGTGAAGGTTTCCTGCAAGGCTTCTGGATACACCTTCACTAGCTATGCTATGCATTGGGTGCGCCAGGCCCCCGGACAAAGGCTTGAGTGGATGGGATGGAGCAACGCTGGCAATGGTAACACAAAATATTCACAGGAGTTCCAGGGCAGAGTCACCATTACCAGGGACACATCCGCGAGCACAGCCTACATGGAGCTGAGCAGCCTGAGATCTGAGGACATGGCTGTGTATTACTGTGCGAGAGA,False,,,,AACCACATCCCTCCTCAGAAGCCCCCAGAGCACAACTCCTCACCATGGACTGGACCTGGAGGATCCTCTTTTTGGTGGCAGCAGCCACAGGTAAGGGGCTGCCAAATCCCAGTGAGGAGGAAGGGATCGAAGCCAGTCAAGGGGGCTTCCATCCACTCCTGTGTCTTCTCTACAGGTGTCCACTCCCAGGTTCAGCTGGTGCAGTCTGGGGCTGAGGTGAAGAAGCCTGGGGCCTCAGTGAAGGTTTCCTGCAAGGCTTCTGGATACACCTTCACTAGCTATGCTATGCATTGGGTGCGCCAGGCCCCCGGACAAAGGCTTGAGTGGATGGGATGGAGCAACGCTGGCAATGGTAACACAAAATATTCACAGGAGTTCCAGGGCAGAGTCACCATTACCAGGGACACATCCGCGAGCACGGCCTACATGGAGCTGAGCAGCCTGAGATCTGAGGACATGGCTGTGTATTACTGTGCGAGAGACACAGTGTGAAAACCCACATCCTGAGAGTGTCAGAAACC,521M,ATGGACTGGACCTGGAGGATCCTCTTTTTGGTGGCAGCAGCCACAG,46M,GTAAGGGGCTGCCAAATCCCAGTGAGGAGGAAGGGATCGAAGCCAGTCAAGGGGGCTTCCATCCACTCCTGTGTCTTCTCTACAG,85M,GTGTCCACTCC,11M,CAGGTTCAGCTGGTGCAGTCTGGGGCTGAGGTGAAGAAGCCTGGGGCCTCAGTGAAGGTTTCCTGCAAGGCTTCTGGATACACCTTCACTAGCTATGCTATGCATTGGGTGCGCCAGGCCCCCGGACAAAGGCTTGAGTGGATGGGATGGAGCAACGCTGGCAATGGTAACACAAAATATTCACAGGAGTTCCAGGGCAGAGTCACCATTACCAGGGACACATCCGCGAGCACGGCCTACATGGAGCTGAGCAGCCTGAGATCTGAGGACATGGCTGTGTATTACTGTGCGAGAGA,296M,CAGGTTCAGCTGGTGCAGTCTGGGGCT...GAGGTGAAGAAGCCTGGGGCCTCAGTGAAGGTTTCCTGCAAGGCTTCTGGATACACCTTC............ACTAGCTATGCTATGCATTGGGTGCGCCAGGCCCCCGGACAAAGGCTTGAGTGGATGGGATGGAGCAACGCTGGC......AATGGTAACACAAAATATTCACAGGAGTTCCAG...GGCAGAGTCACCATTACCAGGGACACATCCGCGAGCACGGCCTACATGGAGCTGAGCAGCCTGAGATCTGAGGACATGGCTGTGTATTACTGTGCGAGAGA,,CACAGTG,7M,TGAAAACCCACATCCTGAGAGTG,23M,TCAGAAACC,9M,AACCACATCCCTCCTCAGAAGCCCCCAGAGCACAACTCCTCACC,44M,,,,,,,,,,,,,,,,,,,,,,,,
PRJNA555323,W-53,W-53,1,IGHV7-4-1,,,IGHV7-4-1*03,-,,CAGGTGCAGCTGGTGCAATCTGGGTCTGAGTTGAAGAAGCCTGGGGCCTCAGTGAAGGTTTCCTGCAAGGCTTCTGGATACACCTTCACTAGCTATGCTATGAATTGGGTGCGACAGGCCCCTGGACAAGGGCTTGAGTGGATGGGATGGATCAACACCAACACTGGGAACCCAACGTATGCCCAGGGCTTCACAGGACGGTTTGTCTTCTCCTTGGACACCTCTGTCAGCACGGCATATCTGCAGATCAGCACGCTAAAGGCTGAGGACACTG,False,Heptamer does not match\nNonamer does not match,,,,530D,,46D,,84D,,11D,,296D,,,,7D,,23D,,9D,,54D,,,,,,,,,,,,,,,,,,,,,,,,
PRJNA555323,W-53,W-53,1,IGHV2-5,,IGHV2-5*01,IGHV2-5*01,-,100.0,CAGATCACCTTGAAGGAGTCTGGTCCTACGCTGGTGAAACCCACACAGACCCTCACGCTGACCTGCACCTTCTCTGGGTTCTCACTCAGCACTAGTGGAGTGGGTGTGGGCTGGATCCGTCAGCCCCCAGGAAAGGCCCTGGAGTGGCTTGCACTCATTTATTGGAATGATGATAAGCGCTACAGCCCATCTCTGAAGAGCAGGCTCACCATCACCAAGGACACCTCCAAAAACCAGGTGGTCCTTACAATGACCAACATGGACCCTGTGGACACAGCCACATATTACTGTGCACACAGAC,False,,,,ACTCCTGTGCCCCACCATGGACACACTTTGCTCCACGCTCCTGCTGCTGACCATCCCTTCATGTGAGTGCTGTGGTCAGGGACTCCTTCACGGGTGAAACATCAGTTTTCTTGTTTGTGGGCTTCATCTTCTTATGCTTTCTCCACAGGGGTCTTGTCCCAGATCACCTTGAAGGAGTCTGGTCCTACGCTGGTGAAACCCACACAGACCCTCACGCTGACCTGCACCTTCTCTGGGTTCTCACTCAGCACTAGTGGAGTGGGTGTGGGCTGGATCCGTCAGCCCCCAGGAAAGGCCCTGGAGTGGCTTGCACTCATTTATTGGAATGATGATAAGCGCTACAGCCCATCTCTGAAGAGCAGGCTCACCATCACCAAGGACACCTCCAAAAACCAGGTGGTCCTTACAATGACCAACATGGACCCTGTGGACACAGCCACATATTACTGTGCACACAGACCACAAAGACACAGCCCAGGGCACCTCCTGTACAAAAACC,499M,ATGGACACACTTTGCTCCACGCTCCTGCTGCTGACCATCCCTTCAT,46M,GTGAGTGCTGTGGTCAGGGACTCCTTCACGGGTGAAACATCAGTTTTCTTGTTTGTGGGCTTCATCTTCTTATGCTTTCTCCACAG,86M,GGGTCTTGTCC,11M,CAGATCACCTTGAAGGAGTCTGGTCCTACGCTGGTGAAACCCACACAGACCCTCACGCTGACCTGCACCTTCTCTGGGTTCTCACTCAGCACTAGTGGAGTGGGTGTGGGCTGGATCCGTCAGCCCCCAGGAAAGGCCCTGGAGTGGCTTGCACTCATTTATTGGAATGATGATAAGCGCTACAGCCCATCTCTGAAGAGCAGGCTCACCATCACCAAGGACACCTCCAAAAACCAGGTGGTCCTTACAATGACCAACATGGACCCTGTGGACACAGCCACATATTACTGTGCACACAGAC,301M,CAGATCACCTTGAAGGAGTCTGGTCCT...ACGCTGGTGAAACCCACACAGACCCTCACGCTGACCTGCACCTTCTCTGGGTTCTCACTCAGC......ACTAGTGGAGTGGGTGTGGGCTGGATCCGTCAGCCCCCAGGAAAGGCCCTGGAGTGGCTTGCACTCATTTATTGGAAT.........GATGATAAGCGCTACAGCCCATCTCTGAAG...AGCAGGCTCACCATCACCAAGGACACCTCCAAAAACCAGGTGGTCCTTACAATGACCAACATGGACCCTGTGGACACAGCCACATATTACTGTGCACACAGAC,,CACAAAG,7M,ACACAGCCCAGGGCACCTCCTGT,23M,ACAAAAACC,9M,ACTCCTGTGCCCCACC,16M,,,,,,,,,,,,,,,,,,,,,,,,
PRJNA555323,W-53,W-53,2,IGHV2-5,,IGHV2-5*02,IGHV2-5*02,-,100.0,CAGATCACCTTGAAGGAGTCTGGTCCTACGCTGGTGAAACCCACACAGACCCTCACGCTGACCTGCACCTTCTCTGGGTTCTCACTCAGCACTAGTGGAGTGGGTGTGGGCTGGATCCGTCAGCCCCCAGGAAAGGCCCTGGAGTGGCTTGCACTCATTTATTGGGATGATGATAAGCGCTACAGCCCATCTCTGAAGAGCAGGCTCACCATCACCAAGGACACCTCCAAAAACCAGGTGGTCCTTACAATGACCAACATGGACCCTGTGGACACAGCCACATATTACTGTGCACACAGAC,False,,,,ACTCCTGTGCCCCACCATGGACACACTTTGCTCCACGCTCCTGCTGCTGACCATCCCTTCATGTGAGTGCTGTGGTCAGGGACTCCTTCACGGGTGAAACATCAGTTTTCTTGTTTGTGGGCTTCATCTTCTTATGCTTTCTCCACAGGGGTCTTGTCCCAGATCACCTTGAAGGAGTCTGGTCCTACGCTGGTGAAACCCACACAGACCCTCACGCTGACCTGCACCTTCTCTGGGTTCTCACTCAGCACTAGTGGAGTGGGTGTGGGCTGGATCCGTCAGCCCCCAGGAAAGGCCCTGGAGTGGCTTGCACTCATTTATTGGGATGATGATAAGCGCTACAGCCCATCTCTGAAGAGCAGGCTCACCATCACCAAGGACACCTCCAAAAACCAGGTGGTCCTTACAATGACCAACATGGACCCTGTGGACACAGCCACATATTACTGTGCACACAGACCACAAAGACACAGCCCAGGGCACCTCCTGTACAAAAACC,499M,ATGGACACACTTTGCTCCACGCTCCTGCTGCTGACCATCCCTTCAT,46M,GTGAGTGCTGTGGTCAGGGACTCCTTCACGGGTGAAACATCAGTTTTCTTGTTTGTGGGCTTCATCTTCTTATGCTTTCTCCACAG,86M,GGGTCTTGTCC,11M,CAGATCACCTTGAAGGAGTCTGGTCCTACGCTGGTGAAACCCACACAGACCCTCACGCTGACCTGCACCTTCTCTGGGTTCTCACTCAGCACTAGTGGAGTGGGTGTGGGCTGGATCCGTCAGCCCCCAGGAAAGGCCCTGGAGTGGCTTGCACTCATTTATTGGGATGATGATAAGCGCTACAGCCCATCTCTGAAGAGCAGGCTCACCATCACCAAGGACACCTCCAAAAACCAGGTGGTCCTTACAATGACCAACATGGACCCTGTGGACACAGCCACATATTACTGTGCACACAGAC,301M,CAGATCACCTTGAAGGAGTCTGGTCCT...ACGCTGGTGAAACCCACACAGACCCTCACGCTGACCTGCACCTTCTCTGGGTTCTCACTCAGC......ACTAGTGGAGTGGGTGTGGGCTGGATCCGTCAGCCCCCAGGAAAGGCCCTGGAGTGGCTTGCACTCATTTATTGGGAT.........GATGATAAGCGCTACAGCCCATCTCTGAAG...AGCAGGCTCACCATCACCAAGGACACCTCCAAAAACCAGGTGGTCCTTACAATGACCAACATGGACCCTGTGGACACAGCCACATATTACTGTGCACACAGAC,,CACAAAG,7M,ACACAGCCCAGGGCACCTCCTGT,23M,ACAAAAACC,9M,ACTCCTGTGCCCCACC,16M,,,,,,,,,,,,,,,,,,,,,,,,
PRJNA555323,W-53,W-53,0,IGHV3-64D,,IGHV3-64D*09,IGHV3-64D*09,-,100.0,GAGGTGCAGCTGGTGGAGTCTGGGGGAGGCTTGGTCCAGCCTGGGGGGTCCCTGAGACTCTCCTGTTCAGCCTCTGGATTCACCTTCAGTAGCTATGCTATGCACTGGGTCCGCCAGGCTCCAGGGAAGGGACTGGAATATGTTTCAGCTATTAGTAGTAATGGGGGTAGCACATACTACGCAGACTCAGTGAAGGGCAGATTCACCATCTCCAGAGACAATTCCAAGAACACGCTGTATCTTCAAATGAGCAGTCTGAGAGCTGAGGACACGGCTGTGTATTACTGTGTGAAAGA,False,,,,GCTCTGGGAGAGGAGCCCCAGGCCCGGGATTCCCAGGTGTTTCCATTCAGTGATCAGCACTGAAGACAGAAGACTCATCATGGAGTTCTGGCTGAGCTGGGTTCTCCTTGTTGCCATTTTAAAAGGTAATTCATGGAGAACTAGAGATAGTGTGAGTGGACGTGAGTGAGAGAAACAGTGGATATGTGTGGCAGTTTCTGACCTTGGTGTCTCTTTGTTTGCAGATGTCCAGTGTGAGGTGCAGCTGGTGGAGTCTGGGGGAGGCTTGGTCCAGCCTGGGGGGTCCCTGAGACTCTCCTGTTCAGCCTCTGGATTCACCTTCAGTAGCTATGCTATGCACTGGGTCCGCCAGGCTCCAGGGAAGGGACTGGAATATGTTTCAGCTATTAGTAGTAATGGGGGTAGCACATACTACGCAGACTCAGTGAAGGGCAGATTCACCATCTCCAGAGACAATTCCAAGAACACGCTGTATCTTCAAATGAGCAGTCTGAGAGCTGAGGACACGGCTGTGTATTACTGTGTGAAAGACACAGTGAGGGGAAGTCAGTGTGAGCCCAGACACAAAC,569M,TGGAGTTCTGGCTGAGCTGGGTTCTCCTTGTTGCCATTTTAAAAGG,46M,TAATTCATGGAGAACTAGAGATAGTGTGAGTGGACGTGAGTGAGAGAAACAGTGGATATGTGTGGCAGTTTCTGACCTTGGTGTCTCTTTGTTTGCAG,98M,ATGTCCAGTGT,11M,GAGGTGCAGCTGGTGGAGTCTGGGGGAGGCTTGGTCCAGCCTGGGGGGTCCCTGAGACTCTCCTGTTCAGCCTCTGGATTCACCTTCAGTAGCTATGCTATGCACTGGGTCCGCCAGGCTCCAGGGAAGGGACTGGAATATGTTTCAGCTATTAGTAGTAATGGGGGTAGCACATACTACGCAGACTCAGTGAAGGGCAGATTCACCATCTCCAGAGACAATTCCAAGAACACGCTGTATCTTCAAATGAGCAGTCTGAGAGCTGAGGACACGGCTGTGTATTACTGTGTGAAAGA,296M,GAGGTGCAGCTGGTGGAGTCTGGGGGA...GGCTTGGTCCAGCCTGGGGGGTCCCTGAGACTCTCCTGTTCAGCCTCTGGATTCACCTTC............AGTAGCTATGCTATGCACTGGGTCCGCCAGGCTCCAGGGAAGGGACTGGAATATGTTTCAGCTATTAGTAGTAAT......GGGGGTAGCACATACTACGCAGACTCAGTGAAG...GGCAGATTCACCATCTCCAGAGACAATTCCAAGAACACGCTGTATCTTCAAATGAGCAGTCTGAGAGCTGAGGACACGGCTGTGTATTACTGTGTGAAAGA,,CACAGTG,7M,AGGGGAAGTCAGTGTGAGCCCA,22M,GACACAAAC,9M,GCTCTGGGAGAGGAGCCCCAGGCCCGGGATTCCCAGGTGTTTCCATTCAGTGATCAGCACTGAAGACAGAAGACTCATCA,80M,,,,,,,,,,,,,,,,,,,,,,,,
PRJNA555323,W-53,W-53,0,IGHV5-10-1,,IGHV5-10-1*03_c21t,IGHV5-10-1*03,-,99.66,GAAGTGCAGCTGGTGCAGTCCGGAGCAGAGGTGAAAAAGCCCGGGGAGTCTCTGAGGATCTCCTGTAAGGGTTCTGGATACAGCTTTACCAGCTACTGGATCAGCTGGGTGCGCCAGATGCCCGGGAAAGGCCTGGAGTGGATGGGGAGGATTGATCCTAGTGACTCTTATACCAACTACAGCCCGTCCTTCCAAGGCCACGTCACCATCTCAGCTGACAAGTCCATCAGCACTGCCTACCTGCAGTGGAGCAGCCTGAAGGCCTCGGACACCGCCATGTATTACTGTGCGAGA,False,,,,AGTCTCCTTCACCACCCAGCTGGGATCTCAGGGCTTCCTTTTCTGTCCTCCTCCAGGATGGGGTCAACCGCCATCCTTGGCCTCCTCCTGGCTGTTCTCCAAGGTCAGTCCTGCCGAGGGCTTGAGGTCACAGAGGAGAACGGGTGGAAAGCAACTCCTGATTCAAATTTTGTGTCTTCCATACAGGAGTCTGTGCCGAAGTGCAGCTGGTGCAGTCTGGAGCAGAGGTGAAAAAGCCCGGGGAGTCTCTGAGGATCTCCTGTAAGGGTTCTGGATACAGCTTTACCAGCTACTGGATCAGCTGGGTGCGCCAGATGCCCGGGAAAGGCCTGGAGTGGATGGGGAGGATTGATCCTAGTGACTCTTATACCAACTACAGCCCGTCCTTCCAAGGCCACGTCACCATCTCAGCTGACAAGTCCATCAGCACTGCCTACCTGCAGTGGAGCAGCCTGAAGGCCTCGGACACCGCCATGTATTACTGTGCGAGACACACAGTGAGAGAAACCAGCACTGAGCCCGTCTAAAAC,530M,ATGGGGTCAACCGCCATCCTTGGCCTCCTCCTGGCTGTTCTCCAAG,46M,GTCAGTCCTGCCGAGGGCTTGAGGTCACAGAGGAGAACGGGTGGAAAGCAACTCCTGATTCAAATTTTGTGTCTTCCATACAG,83M,GAGTCTGTGCC,11M,GAAGTGCAGCTGGTGCAGTCTGGAGCAGAGGTGAAAAAGCCCGGGGAGTCTCTGAGGATCTCCTGTAAGGGTTCTGGATACAGCTTTACCAGCTACTGGATCAGCTGGGTGCGCCAGATGCCCGGGAAAGGCCTGGAGTGGATGGGGAGGATTGATCCTAGTGACTCTTATACCAACTACAGCCCGTCCTTCCAAGGCCACGTCACCATCTCAGCTGACAAGTCCATCAGCACTGCCTACCTGCAGTGGAGCAGCCTGAAGGCCTCGGACACCGCCATGTATTACTGTGCGAGA,294M,GAAGTGCAGCTGGTGCAGTCTGGAGCA...GAGGTGAAAAAGCCCGGGGAGTCTCTGAGGATCTCCTGTAAGGGTTCTGGATACAGCTTT............ACCAGCTACTGGATCAGCTGGGTGCGCCAGATGCCCGGGAAAGGCCTGGAGTGGATGGGGAGGATTGATCCTAGT......GACTCTTATACCAACTACAGCCCGTCCTTCCAA...GGCCACGTCACCATCTCAGCTGACAAGTCCATCAGCACTGCCTACCTGCAGTGGAGCAGCCTGAAGGCCTCGGACACCGCCATGTATTACTGTGCGAGA,,CACACAG,7M,TGAGAGAAACCAGCACTGAGCCC,23M,GTCTAAAAC,9M,AGTCTCCTTCACCACCCAGCTGGGATCTCAGGGCTTCCTTTTCTGTCCTCCTCCAGG,57M,,,,,,,,,,,,,,,,,,,,,,,,
PRJNA555323,W-53,W-53,2,IGHV3-13,,IGHV3-13*01,IGHV3-13*01,-,100.0,GAGGTGCAGCTGGTGGAGTCTGGGGGAGGCTTGGTACAGCCTGGGGGGTCCCTGAGACTCTCCTGTGCAGCCTCTGGATTCACCTTCAGTAGCTACGACATGCACTGGGTCCGCCAAGCTACAGGAAAAGGTCTGGAGTGGGTCTCAGCTATTGGTACTGCTGGTGACACATACTATCCAGGCTCCGTGAAGGGCCGATTCACCATCTCCAGAGAAAATGCCAAGAACTCCTTGTATCTTCAAATGAACAGCCTGAGAGCCGGGGACACGGCTGTGTATTACTGTGCAAGAGA,False,,,,AGCTCTGGGAGTGGAGCCCCAGCCTTGGGATTCCCAAGTGTTTGTATTCAGTGATCAGGACTGAACACACAGGACTCACCATGGAGTTGGGGCTGAGCTGGGTTTTCCTTGTTGCTATATTAGAAGGTGATTCATGGAGAACTAGAGATATTGAGTGTGAATGGGCATGAATGAGAGAAACAGTGGGTATGTGTGGCAATTTCTGACTTTTGTGTCTCTGTGTTTGCAGGTGTCCAGTGTGAGGTGCAGCTGGTGGAGTCTGGGGGAGGCTTGGTACAGCCTGGGGGGTCCCTGAGACTCTCCTGTGCAGCCTCTGGATTCACCTTCAGTAGCTACGACATGCACTGGGTCCGCCAAGCTACAGGAAAAGGTCTGGAGTGGGTCTCAGCTATTGGTACTGCTGGTGACACATACTATCCAGGCTCCGTGAAGGGCCGATTCACCATCTCCAGAGAAAATGCCAAGAACTCCTTGTATCTTCAAATGAACAGCCTGAGAGCCGGGGACACGGCTGTGTATTACTGTGCAAGAGACACAGTGAGGGGAAGTCAGTATGAGCCCAGACACAAACC,572M,ATGGAGTTGGGGCTGAGCTGGGTTTTCCTTGTTGCTATATTAGAAG,46M,GTGATTCATGGAGAACTAGAGATATTGAGTGTGAATGGGCATGAATGAGAGAAACAGTGGGTATGTGTGGCAATTTCTGACTTTTGTGTCTCTGTGTTTGCAG,103M,GTGTCCAGTGT,11M,GAGGTGCAGCTGGTGGAGTCTGGGGGAGGCTTGGTACAGCCTGGGGGGTCCCTGAGACTCTCCTGTGCAGCCTCTGGATTCACCTTCAGTAGCTACGACATGCACTGGGTCCGCCAAGCTACAGGAAAAGGTCTGGAGTGGGTCTCAGCTATTGGTACTGCTGGTGACACATACTATCCAGGCTCCGTGAAGGGCCGATTCACCATCTCCAGAGAAAATGCCAAGAACTCCTTGTATCTTCAAATGAACAGCCTGAGAGCCGGGGACACGGCTGTGTATTACTGTGCAAGAGA,293M,GAGGTGCAGCTGGTGGAGTCTGGGGGA...GGCTTGGTACAGCCTGGGGGGTCCCTGAGACTCTCCTGTGCAGCCTCTGGATTCACCTTC............AGTAGCTACGACATGCACTGGGTCCGCCAAGCTACAGGAAAAGGTCTGGAGTGGGTCTCAGCTATTGGTACTGCT.........GGTGACACATACTATCCAGGCTCCGTGAAG...GGCCGATTCACCATCTCCAGAGAAAATGCCAAGAACTCCTTGTATCTTCAAATGAACAGCCTGAGAGCCGGGGACACGGCTGTGTATTACTGTGCAAGAGA,,CACAGTG,7M,AGGGGAAGTCAGTATGAGCCCAG,23M,ACACAAACC,9M,AGCTCTGGGAGTGGAGCCCCAGCCTTGGGATTCCCAAGTGTTTGTATTCAGTGATCAGGACTGAACACACAGGACTCACC,80M,,,,,,,,,,,,,,,,,,,,,,,,
PRJNA555323,W-53,W-53,1,IGHV3-13,,IGHV3-13*04,IGHV3-13*04,-,100.0,GAGGTGCAGCTGGTGGAGTCTGGGGGAGGCTTGGTACAGCCTGGGGGGTCCCTGAGACTCTCCTGTGCAGCCTCTGGATTCACCTTCAGTAGCTACGACATGCACTGGGTCCGCCAAGCTACAGGAAAAGGTCTGGAATGGGTCTCAGCTATTGGTACTGCTGGTGACACATACTATCCAGGCTCCGTGAAGGGCCGATTCACCATCTCCAGAGAAAATGCCAAGAACTCCTTGTATCTTCAAATGAACAGCCTGAGAGCCGGGGACACGGCTGTGTATTACTGTGCAAGAGA,False,,,,AGCTCTGGGAGTGGAGCCCCAGCCTTGGGATTCCCAAGTGTTTGTATTCAGTGATCAGGACTGAACACACAGGACTCACCATGGAGTTGGGGCTGAGCTGGGTTTTCCTTGTTGCTATATTAGAAGGTGATTCATGGAGAACTAGAGATATTGAGTGTGAATGGGCATGAATGAGAGAAACAGTGGGTATGTGTGGCAATTTCTGACTTTTGTGTCTCTGTGTTTGCAGGTGTCCAGTGTGAGGTGCAGCTGGTGGAGTCTGGGGGAGGCTTGGTACAGCCTGGGGGGTCCCTGAGACTCTCCTGTGCAGCCTCTGGATTCACCTTCAGTAGCTACGACATGCACTGGGTCCGCCAAGCTACAGGAAAAGGTCTGGAATGGGTCTCAGCTATTGGTACTGCTGGTGACACATACTATCCAGGCTCCGTGAAGGGCCGATTCACCATCTCCAGAGAAAATGCCAAGAACTCCTTGTATCTTCAAATGAACAGCCTGAGAGCCGGGGACACGGCTGTGTATTACTGTGCAAGAGACACAGTGAGGGGAAGTCAGTATGAGCCCAGACACAAACC,572M,ATGGAGTTGGGGCTGAGCTGGGTTTTCCTTGTTGCTATATTAGAAG,46M,GTGATTCATGGAGAACTAGAGATATTGAGTGTGAATGGGCATGAATGAGAGAAACAGTGGGTATGTGTGGCAATTTCTGACTTTTGTGTCTCTGTGTTTGCAG,103M,GTGTCCAGTGT,11M,GAGGTGCAGCTGGTGGAGTCTGGGGGAGGCTTGGTACAGCCTGGGGGGTCCCTGAGACTCTCCTGTGCAGCCTCTGGATTCACCTTCAGTAGCTACGACATGCACTGGGTCCGCCAAGCTACAGGAAAAGGTCTGGAATGGGTCTCAGCTATTGGTACTGCTGGTGACACATACTATCCAGGCTCCGTGAAGGGCCGATTCACCATCTCCAGAGAAAATGCCAAGAACTCCTTGTATCTTCAAATGAACAGCCTGAGAGCCGGGGACACGGCTGTGTATTACTGTGCAAGAGA,293M,GAGGTGCAGCTGGTGGAGTCTGGGGGA...GGCTTGGTACAGCCTGGGGGGTCCCTGAGACTCTCCTGTGCAGCCTCTGGATTCACCTTC............AGTAGCTACGACATGCACTGGGTCCGCCAAGCTACAGGAAAAGGTCTGGAATGGGTCTCAGCTATTGGTACTGCT.........GGTGACACATACTATCCAGGCTCCGTGAAG...GGCCGATTCACCATCTCCAGAGAAAATGCCAAGAACTCCTTGTATCTTCAAATGAACAGCCTGAGAGCCGGGGACACGGCTGTGTATTACTGTGCAAGAGA,,CACAGTG,7M,AGGGGAAGTCAGTATGAGCCCAG,23M,ACACAAACC,9M,AGCTCTGGGAGTGGAGCCCCAGCCTTGGGATTCCCAAGTGTTTGTATTCAGTGATCAGGACTGAACACACAGGACTCACC,80M,,,,,,,,,,,,,,,,,,,,,,,,
PRJNA555323,W-53,W-53,2,IGHV3-16,,IGHV3-16*03,IGHV3-16*03,-,100.0,GAGGTGCAGCTGGTGGAGTCTGGGGGAGGCTTGGTACAGCCTGGGGGGTCCCTGAGACTCTCCTGTGCAGCCTCTGGATTCACCTTCAGTAACAGTGACATGAACTGGGCCTGCAAGGCTCCAGGAAAGGGGCTGGAGTGGGTATCGGGTGTTAGTTGGAATGGCAGTAGGACGCACTATGTGGACTCCGTGAAGCGCCGATTCATCATCTCCAGAGACAATTCCAGGAACTCCCTGTATCTGCAAAAGAACAGACGGAGAGCCGAGGACATGGCTGTGTATTACTGTGTGAGAAA,False,,,,AGCCCTGGGAGAGAAGCCCCAGCCCTGGGATTCTCAGGTGTTTCTATTGGGTCAACAGCAATAAACAAATTACCATGGAATTTGGGCTGAGCTGGGTTTTTCTTGCTGGTATTTTAAAAGGTGATTCATGGAGAAATAAGGATATTGAGTGAGTGGACATGAGTGAGAGAAACAGTGGATATGTGTGGCAGTTTCTGACCAGGGTGTCTCTGTGTTTGCAGGTGTCCAGTGTGAGGTGCAGCTGGTGGAGTCTGGGGGAGGCTTGGTACAGCCTGGGGGGTCCCTGAGACTCTCCTGTGCAGCCTCTGGATTCACCTTCAGTAACAGTGACATGAACTGGGCCTGCAAGGCTCCAGGAAAGGGGCTGGAGTGGGTATCGGGTGTTAGTTGGAATGGCAGTAGGACGCACTATGTGGACTCCGTGAAGCGCCGATTCATCATCTCCAGAGACAATTCCAGGAACTCCCTGTATCTGCAAAAGAACAGACGGAGAGCCGAGGACATGGCTGTGTATTACTGTGTGAGAAATCCTGTGAGGGGACACAAGTGCGAGCCCAGACACAAACC,567M,ATGGAATTTGGGCTGAGCTGGGTTTTTCTTGCTGGTATTTTAAAAG,46M,GTGATTCATGGAGAAATAAGGATATTGAGTGAGTGGACATGAGTGAGAGAAACAGTGGATATGTGTGGCAGTTTCTGACCAGGGTGTCTCTGTGTTTGCAG,101M,GTGTCCAGTGT,11M,GAGGTGCAGCTGGTGGAGTCTGGGGGAGGCTTGGTACAGCCTGGGGGGTCCCTGAGACTCTCCTGTGCAGCCTCTGGATTCACCTTCAGTAACAGTGACATGAACTGGGCCTGCAAGGCTCCAGGAAAGGGGCTGGAGTGGGTATCGGGTGTTAGTTGGAATGGCAGTAGGACGCACTATGTGGACTCCGTGAAGCGCCGATTCATCATCTCCAGAGACAATTCCAGGAACTCCCTGTATCTGCAAAAGAACAGACGGAGAGCCGAGGACATGGCTGTGTATTACTGTGTGAGAAA,296M,GAGGTGCAGCTGGTGGAGTCTGGGGGA...GGCTTGGTACAGCCTGGGGGGTCCCTGAGACTCTCCTGTGCAGCCTCTGGATTCACCTTC............AGTAACAGTGACATGAACTGGGCCTGCAAGGCTCCAGGAAAGGGGCTGGAGTGGGTATCGGGTGTTAGTTGGAAT......GGCAGTAGGACGCACTATGTGGACTCCGTGAAG...CGCCGATTCATCATCTCCAGAGACAATTCCAGGAACTCCCTGTATCTGCAAAAGAACAGACGGAGAGCCGAGGACATGGCTGTGTATTACTGTGTGAGAAA,,TCCTGTG,7M,AGGGGACACAAGTGCGAGCCCAG,23M,ACACAAACC,9M,AGCCCTGGGAGAGAAGCCCCAGCCCTGGGATTCTCAGGTGTTTCTATTGGGTCAACAGCAATAAACAAATTACC,74M,,,,,,,,,,,,,,,,,,,,,,,,
PRJNA555323,W-53,W-53,1,IGHV3-16,,IGHV3-16*02,IGHV3-16*02,-,100.0,GAGGTGCAGCTGGTGGAGTCTGGGGGAGGCTTGGTACAGCCTGGGGGGTCCCTGAGACTCTCCTGTGCAGCCTCTGGATTCACCTTCAGTAACAGTGACATGAACTGGGCCCGCAAGGCTCCAGGAAAGGGGCTGGAGTGGGTATCGGGTGTTAGTTGGAATGGCAGTAGGACGCACTATGTGGACTCCGTGAAGCGCCGATTCATCATCTCCAGAGACAATTCCAGGAACTCCCTGTATCTGCAAAAGAACAGACGGAGAGCCGAGGACATGGCTGTGTATTACTGTGTGAGAAA,False,,,,AGCCCTGGGAGAGAAGCCCCAGCCCTGGGATTCTCAGGTGTTTCTATTGGGTCAACAGCAATAAACAAATTACCATGGAATTTGGGCTGAGCTGGGTTTTTCTTGCTGGTATTTTAAAAGGTGATTCATGGAGAACTAAGGATATTGAGTGAGTGGACATGAGTGAGAGAAACAGTGGATATGTGTGGCAGTTTCTGACCAGGGTGTCTCTGTGTTTGCAGGTGTCCAGTGTGAGGTGCAGCTGGTGGAGTCTGGGGGAGGCTTGGTACAGCCTGGGGGGTCCCTGAGACTCTCCTGTGCAGCCTCTGGATTCACCTTCAGTAACAGTGACATGAACTGGGCCCGCAAGGCTCCAGGAAAGGGGCTGGAGTGGGTATCGGGTGTTAGTTGGAATGGCAGTAGGACGCACTATGTGGACTCCGTGAAGCGCCGATTCATCATCTCCAGAGACAATTCCAGGAACTCCCTGTATCTGCAAAAGAACAGACGGAGAGCCGAGGACATGGCTGTGTATTACTGTGTGAGAAATCCTGTGAGGGGACACAAGTGCGAGCCCAGACACAAACC,567M,ATGGAATTTGGGCTGAGCTGGGTTTTTCTTGCTGGTATTTTAAAAG,46M,GTGATTCATGGAGAACTAAGGATATTGAGTGAGTGGACATGAGTGAGAGAAACAGTGGATATGTGTGGCAGTTTCTGACCAGGGTGTCTCTGTGTTTGCAG,101M,GTGTCCAGTGT,11M,GAGGTGCAGCTGGTGGAGTCTGGGGGAGGCTTGGTACAGCCTGGGGGGTCCCTGAGACTCTCCTGTGCAGCCTCTGGATTCACCTTCAGTAACAGTGACATGAACTGGGCCCGCAAGGCTCCAGGAAAGGGGCTGGAGTGGGTATCGGGTGTTAGTTGGAATGGCAGTAGGACGCACTATGTGGACTCCGTGAAGCGCCGATTCATCATCTCCAGAGACAATTCCAGGAACTCCCTGTATCTGCAAAAGAACAGACGGAGAGCCGAGGACATGGCTGTGTATTACTGTGTGAGAAA,296M,GAGGTGCAGCTGGTGGAGTCTGGGGGA...GGCTTGGTACAGCCTGGGGGGTCCCTGAGACTCTCCTGTGCAGCCTCTGGATTCACCTTC............AGTAACAGTGACATGAACTGGGCCCGCAAGGCTCCAGGAAAGGGGCTGGAGTGGGTATCGGGTGTTAGTTGGAAT......GGCAGTAGGACGCACTATGTGGACTCCGTGAAG...CGCCGATTCATCATCTCCAGAGACAATTCCAGGAACTCCCTGTATCTGCAAAAGAACAGACGGAGAGCCGAGGACATGGCTGTGTATTACTGTGTGAGAAA,,TCCTGTG,7M,AGGGGACACAAGTGCGAGCCCAG,23M,ACACAAACC,9M,AGCCCTGGGAGAGAAGCCCCAGCCCTGGGATTCTCAGGTGTTTCTATTGGGTCAACAGCAATAAACAAATTACC,74M,,,,,,,,,,,,,,,,,,,,,,,,
PRJNA555323,W-53,W-53,1,IGHV1-18,,IGHV1-18*01,IGHV1-18*01,-,100.0,CAGGTTCAGCTGGTGCAGTCTGGAGCTGAGGTGAAGAAGCCTGGGGCCTCAGTGAAGGTCTCCTGCAAGGCTTCTGGTTACACCTTTACCAGCTATGGTATCAGCTGGGTGCGACAGGCCCCTGGACAAGGGCTTGAGTGGATGGGATGGATCAGCGCTTACAATGGTAACACAAACTATGCACAGAAGCTCCAGGGCAGAGTCACCATGACCACAGACACATCCACGAGCACAGCCTACATGGAGCTGAGGAGCCTGAGATCTGACGACACGGCCGTGTATTACTGTGCGAGAGA,False,,,,ACCCAAAAACCACACCCCTCCTTGGGAGAATCCCCTAGATCACAGCTCCTCACCATGGACTGGACCTGGAGCATCCTTTTCTTGGTGGCAGCAGCAACAGGTAACGGACTCCCCAGTCCCAGGGCTGAGAGAGAAACCAGGCCAGTCATGTGAGACTTCACCCACTCCTGTGTCCTCTCCACAGGTGCCCACTCCCAGGTTCAGCTGGTGCAGTCTGGAGCTGAGGTGAAGAAGCCTGGGGCCTCAGTGAAGGTCTCCTGCAAGGCTTCTGGTTACACCTTTACCAGCTATGGTATCAGCTGGGTGCGACAGGCCCCTGGACAAGGGCTTGAGTGGATGGGATGGATCAGCGCTTACAATGGTAACACAAACTATGCACAGAAGCTCCAGGGCAGAGTCACCATGACCACAGACACATCCACGAGCACAGCCTACATGGAGCTGAGGAGCCTGAGATCTGACGACACGGCCGTGTATTACTGTGCGAGAGACACAGTGTGAAAACCCACATCCTGAGGGTTTCAGAAACC,530M,ATGGACTGGACCTGGAGCATCCTTTTCTTGGTGGCAGCAGCAACAG,46M,GTAACGGACTCCCCAGTCCCAGGGCTGAGAGAGAAACCAGGCCAGTCATGTGAGACTTCACCCACTCCTGTGTCCTCTCCACAG,84M,GTGCCCACTCC,11M,CAGGTTCAGCTGGTGCAGTCTGGAGCTGAGGTGAAGAAGCCTGGGGCCTCAGTGAAGGTCTCCTGCAAGGCTTCTGGTTACACCTTTACCAGCTATGGTATCAGCTGGGTGCGACAGGCCCCTGGACAAGGGCTTGAGTGGATGGGATGGATCAGCGCTTACAATGGTAACACAAACTATGCACAGAAGCTCCAGGGCAGAGTCACCATGACCACAGACACATCCACGAGCACAGCCTACATGGAGCTGAGGAGCCTGAGATCTGACGACACGGCCGTGTATTACTGTGCGAGAGA,296M,CAGGTTCAGCTGGTGCAGTCTGGAGCT...GAGGTGAAGAAGCCTGGGGCCTCAGTGAAGGTCTCCTGCAAGGCTTCTGGTTACACCTTT............ACCAGCTATGGTATCAGCTGGGTGCGACAGGCCCCTGGACAAGGGCTTGAGTGGATGGGATGGATCAGCGCTTAC......AATGGTAACACAAACTATGCACAGAAGCTCCAG...GGCAGAGTCACCATGACCACAGACACATCCACGAGCACAGCCTACATGGAGCTGAGGAGCCTGAGATCTGACGACACGGCCGTGTATTACTGTGCGAGAGA,,CACAGTG,7M,TGAAAACCCACATCCTGAGGGTT,23M,TCAGAAACC,9M,ACCCAAAAACCACACCCCTCCTTGGGAGAATCCCCTAGATCACAGCTCCTCACC,54M,,,,,,,,,,,,,,,,,,,,,,,,
PRJNA555323,W-53,W-53,2,IGHV1-18,,IGHV1-18*01,IGHV1-18*01,-,100.0,CAGGTTCAGCTGGTGCAGTCTGGAGCTGAGGTGAAGAAGCCTGGGGCCTCAGTGAAGGTCTCCTGCAAGGCTTCTGGTTACACCTTTACCAGCTATGGTATCAGCTGGGTGCGACAGGCCCCTGGACAAGGGCTTGAGTGGATGGGATGGATCAGCGCTTACAATGGTAACACAAACTATGCACAGAAGCTCCAGGGCAGAGTCACCATGACCACAGACACATCCACGAGCACAGCCTACATGGAGCTGAGGAGCCTGAGATCTGACGACACGGCCGTGTATTACTGTGCGAGAGA,False,,,,ACCCAAAAACCACACCCCTCCTTGGGAGAATCCCCTAGATCACAGCTCCTCACCATGGACTGGACCTGGAGCATCCTTTTCTTGGTGGCAGCAGCAACAGGTAACGGACTCCCCAGTCCCAGGGCTGAGAGAGAAACCAGGCCAGTCATGTGAGACTTCACCCACTCCTGTGTCCTCTCCACAGGTGCCCACTCCCAGGTTCAGCTGGTGCAGTCTGGAGCTGAGGTGAAGAAGCCTGGGGCCTCAGTGAAGGTCTCCTGCAAGGCTTCTGGTTACACCTTTACCAGCTATGGTATCAGCTGGGTGCGACAGGCCCCTGGACAAGGGCTTGAGTGGATGGGATGGATCAGCGCTTACAATGGTAACACAAACTATGCACAGAAGCTCCAGGGCAGAGTCACCATGACCACAGACACATCCACGAGCACAGCCTACATGGAGCTGAGGAGCCTGAGATCTGACGACACGGCCGTGTATTACTGTGCGAGAGACACAGTGTGAAAACCCACATCCTGAGGGTTTCAGAAACC,530M,ATGGACTGGACCTGGAGCATCCTTTTCTTGGTGGCAGCAGCAACAG,46M,GTAACGGACTCCCCAGTCCCAGGGCTGAGAGAGAAACCAGGCCAGTCATGTGAGACTTCACCCACTCCTGTGTCCTCTCCACAG,84M,GTGCCCACTCC,11M,CAGGTTCAGCTGGTGCAGTCTGGAGCTGAGGTGAAGAAGCCTGGGGCCTCAGTGAAGGTCTCCTGCAAGGCTTCTGGTTACACCTTTACCAGCTATGGTATCAGCTGGGTGCGACAGGCCCCTGGACAAGGGCTTGAGTGGATGGGATGGATCAGCGCTTACAATGGTAACACAAACTATGCACAGAAGCTCCAGGGCAGAGTCACCATGACCACAGACACATCCACGAGCACAGCCTACATGGAGCTGAGGAGCCTGAGATCTGACGACACGGCCGTGTATTACTGTGCGAGAGA,296M,CAGGTTCAGCTGGTGCAGTCTGGAGCT...GAGGTGAAGAAGCCTGGGGCCTCAGTGAAGGTCTCCTGCAAGGCTTCTGGTTACACCTTT............ACCAGCTATGGTATCAGCTGGGTGCGACAGGCCCCTGGACAAGGGCTTGAGTGGATGGGATGGATCAGCGCTTAC......AATGGTAACACAAACTATGCACAGAAGCTCCAG...GGCAGAGTCACCATGACCACAGACACATCCACGAGCACAGCCTACATGGAGCTGAGGAGCCTGAGATCTGACGACACGGCCGTGTATTACTGTGCGAGAGA,,CACAGTG,7M,TGAAAACCCACATCCTGAGGGTT,23M,TCAGAAACC,9M,ACCCAAAAACCACACCCCTCCTTGGGAGAATCCCCTAGATCACAGCTCCTCACC,54M,,,,,,,,,,,,,,,,,,,,,,,,
PRJNA555323,W-53,W-53,0,IGHV3-23,,IGHV3-23*01,IGHV3-23*01,-,100.0,GAGGTGCAGCTGTTGGAGTCTGGGGGAGGCTTGGTACAGCCTGGGGGGTCCCTGAGACTCTCCTGTGCAGCCTCTGGATTCACCTTTAGCAGCTATGCCATGAGCTGGGTCCGCCAGGCTCCAGGGAAGGGGCTGGAGTGGGTCTCAGCTATTAGTGGTAGTGGTGGTAGCACATACTACGCAGACTCCGTGAAGGGCCGGTTCACCATCTCCAGAGACAATTCCAAGAACACGCTGTATCTGCAAATGAACAGCCTGAGAGCCGAGGACACGGCCGTATATTACTGTGCGAAAGA,False,,,,AGCTCTGAGAGAGGAGCCCAGCCCTGGGATTTTCAGGTGTTTTCATTTGGTGATCAGGACTGAACAGAGAGAACTCACCATGGAGTTTGGGCTGAGCTGGCTTTTTCTTGTGGCTATTTTAAAAGGTAATTCATGGAGAAATAGAAAAATTGAGTGTGAATGGATAAGAGTGAGAGAAACAGTGGATACGTGTGGCAGTTTCTGACCAGGGTTTCTTTTTGTTTGCAGGTGTCCAGTGTGAGGTGCAGCTGTTGGAGTCTGGGGGAGGCTTGGTACAGCCTGGGGGGTCCCTGAGACTCTCCTGTGCAGCCTCTGGATTCACCTTTAGCAGCTATGCCATGAGCTGGGTCCGCCAGGCTCCAGGGAAGGGGCTGGAGTGGGTCTCAGCTATTAGTGGTAGTGGTGGTAGCACATACTACGCAGACTCCGTGAAGGGCCGGTTCACCATCTCCAGAGACAATTCCAAGAACACGCTGTATCTGCAAATGAACAGCCTGAGAGCCGAGGACACGGCCGTATATTACTGTGCGAAAGACACAGTGAGGGGAAGTCATTGTGAGCCCAGACACAAACC,574M,ATGGAGTTTGGGCTGAGCTGGCTTTTTCTTGTGGCTATTTTAAAAG,46M,GTAATTCATGGAGAAATAGAAAAATTGAGTGTGAATGGATAAGAGTGAGAGAAACAGTGGATACGTGTGGCAGTTTCTGACCAGGGTTTCTTTTTGTTTGCAG,103M,GTGTCCAGTGT,11M,GAGGTGCAGCTGTTGGAGTCTGGGGGAGGCTTGGTACAGCCTGGGGGGTCCCTGAGACTCTCCTGTGCAGCCTCTGGATTCACCTTTAGCAGCTATGCCATGAGCTGGGTCCGCCAGGCTCCAGGGAAGGGGCTGGAGTGGGTCTCAGCTATTAGTGGTAGTGGTGGTAGCACATACTACGCAGACTCCGTGAAGGGCCGGTTCACCATCTCCAGAGACAATTCCAAGAACACGCTGTATCTGCAAATGAACAGCCTGAGAGCCGAGGACACGGCCGTATATTACTGTGCGAAAGA,296M,GAGGTGCAGCTGTTGGAGTCTGGGGGA...GGCTTGGTACAGCCTGGGGGGTCCCTGAGACTCTCCTGTGCAGCCTCTGGATTCACCTTT............AGCAGCTATGCCATGAGCTGGGTCCGCCAGGCTCCAGGGAAGGGGCTGGAGTGGGTCTCAGCTATTAGTGGTAGT......GGTGGTAGCACATACTACGCAGACTCCGTGAAG...GGCCGGTTCACCATCTCCAGAGACAATTCCAAGAACACGCTGTATCTGCAAATGAACAGCCTGAGAGCCGAGGACACGGCCGTATATTACTGTGCGAAAGA,,CACAGTG,7M,AGGGGAAGTCATTGTGAGCCCAG,23M,ACACAAACC,9M,AGCTCTGAGAGAGGAGCCCAGCCCTGGGATTTTCAGGTGTTTTCATTTGGTGATCAGGACTGAACAGAGAGAACTCACC,79M,,,,,,,,,,,,,,,,,,,,,,,,
PRJNA555323,W-53,W-53,2,IGHV3-23D,,IGHV3-23D*01,IGHV3-23D*01,-,100.0,GAGGTGCAGCTGTTGGAGTCTGGGGGAGGCTTGGTACAGCCTGGGGGGTCCCTGAGACTCTCCTGTGCAGCCTCTGGATTCACCTTTAGCAGCTATGCCATGAGCTGGGTCCGCCAGGCTCCAGGGAAGGGGCTGGAGTGGGTCTCAGCTATTAGTGGTAGTGGTGGTAGCACATACTACGCAGACTCCGTGAAGGGCCGGTTCACCATCTCCAGAGACAATTCCAAGAACACGCTGTATCTGCAAATGAACAGCCTGAGAGCCGAGGACACGGCCGTATATTACTGTGCGAAAGA,False,,,,AGCTCTGAGAGAGGAGCCCAGCCCTGGGATTTTCAGGTGTTTTCATTTGGTGATCAGGACTGAACAGAGAGAACTCACCATGGAGTTTGGGCTGAGCTGGCTTTTTCTTGTGGCTATTTTAAAAGGTAATTCATGGAGAAATAGAAAAATTGAGTGTGAATGGATAAGAGTGAGAGAAACAGTGGATACGTGTGGCAGTTTCTGACCAGGGTTTCTTTTTGTTTGCAGGTGTCCAGTGTGAGGTGCAGCTGTTGGAGTCTGGGGGAGGCTTGGTACAGCCTGGGGGGTCCCTGAGACTCTCCTGTGCAGCCTCTGGATTCACCTTTAGCAGCTATGCCATGAGCTGGGTCCGCCAGGCTCCAGGGAAGGGGCTGGAGTGGGTCTCAGCTATTAGTGGTAGTGGTGGTAGCACATACTACGCAGACTCCGTGAAGGGCCGGTTCACCATCTCCAGAGACAATTCCAAGAACACGCTGTATCTGCAAATGAACAGCCTGAGAGCCGAGGACACGGCCGTATATTACTGTGCGAAAGACACAGTGAGGGGAAGTCATTGTGAGCCCAGACACAAACC,574M,ATGGAGTTTGGGCTGAGCTGGCTTTTTCTTGTGGCTATTTTAAAAG,46M,GTAATTCATGGAGAAATAGAAAAATTGAGTGTGAATGGATAAGAGTGAGAGAAACAGTGGATACGTGTGGCAGTTTCTGACCAGGGTTTCTTTTTGTTTGCAG,103M,GTGTCCAGTGT,11M,GAGGTGCAGCTGTTGGAGTCTGGGGGAGGCTTGGTACAGCCTGGGGGGTCCCTGAGACTCTCCTGTGCAGCCTCTGGATTCACCTTTAGCAGCTATGCCATGAGCTGGGTCCGCCAGGCTCCAGGGAAGGGGCTGGAGTGGGTCTCAGCTATTAGTGGTAGTGGTGGTAGCACATACTACGCAGACTCCGTGAAGGGCCGGTTCACCATCTCCAGAGACAATTCCAAGAACACGCTGTATCTGCAAATGAACAGCCTGAGAGCCGAGGACACGGCCGTATATTACTGTGCGAAAGA,296M,GAGGTGCAGCTGTTGGAGTCTGGGGGA...GGCTTGGTACAGCCTGGGGGGTCCCTGAGACTCTCCTGTGCAGCCTCTGGATTCACCTTT............AGCAGCTATGCCATGAGCTGGGTCCGCCAGGCTCCAGGGAAGGGGCTGGAGTGGGTCTCAGCTATTAGTGGTAGT......GGTGGTAGCACATACTACGCAGACTCCGTGAAG...GGCCGGTTCACCATCTCCAGAGACAATTCCAAGAACACGCTGTATCTGCAAATGAACAGCCTGAGAGCCGAGGACACGGCCGTATATTACTGTGCGAAAGA,,CACAGTG,7M,AGGGGAAGTCATTGTGAGCCCAG,23M,ACACAAACC,9M,AGCTCTGAGAGAGGAGCCCAGCCCTGGGATTTTCAGGTGTTTTCATTTGGTGATCAGGACTGAACAGAGAGAACTCACC,79M,,,,,,,,,,,,,,,,,,,,,,,,
PRJNA555323,W-53,W-53,1,IGHV3-23D,,IGHV3-23D*01,IGHV3-23D*01,-,100.0,GAGGTGCAGCTGTTGGAGTCTGGGGGAGGCTTGGTACAGCCTGGGGGGTCCCTGAGACTCTCCTGTGCAGCCTCTGGATTCACCTTTAGCAGCTATGCCATGAGCTGGGTCCGCCAGGCTCCAGGGAAGGGGCTGGAGTGGGTCTCAGCTATTAGTGGTAGTGGTGGTAGCACATACTACGCAGACTCCGTGAAGGGCCGGTTCACCATCTCCAGAGACAATTCCAAGAACACGCTGTATCTGCAAATGAACAGCCTGAGAGCCGAGGACACGGCCGTATATTACTGTGCGAAAGA,False,,,,AGCTCTGAGAGAGGAGCCCAGCCCTGGGATTTTCAGGTGTTTTCATTTGGTGATCAGGACTGAACAGAGAGAACTCACCATGGAGTTTGGGCTGAGCTGGCTTTTTCTTGTGGCTATTTTAAAAGGTAATTCATGGAGAAATAGAAAAATTGAGTGTGAATGGATAAGAGTGAGAGAAACAGTGGATACGTGTGGCAGTTTCTGACCAGGGTTTCTTTTTGTTTGCAGGTGTCCAGTGTGAGGTGCAGCTGTTGGAGTCTGGGGGAGGCTTGGTACAGCCTGGGGGGTCCCTGAGACTCTCCTGTGCAGCCTCTGGATTCACCTTTAGCAGCTATGCCATGAGCTGGGTCCGCCAGGCTCCAGGGAAGGGGCTGGAGTGGGTCTCAGCTATTAGTGGTAGTGGTGGTAGCACATACTACGCAGACTCCGTGAAGGGCCGGTTCACCATCTCCAGAGACAATTCCAAGAACACGCTGTATCTGCAAATGAACAGCCTGAGAGCCGAGGACACGGCCGTATATTACTGTGCGAAAGACACAGTGAGGGGAAGTCATTGTGAGCCCAGACACAAACC,574M,ATGGAGTTTGGGCTGAGCTGGCTTTTTCTTGTGGCTATTTTAAAAG,46M,GTAATTCATGGAGAAATAGAAAAATTGAGTGTGAATGGATAAGAGTGAGAGAAACAGTGGATACGTGTGGCAGTTTCTGACCAGGGTTTCTTTTTGTTTGCAG,103M,GTGTCCAGTGT,11M,GAGGTGCAGCTGTTGGAGTCTGGGGGAGGCTTGGTACAGCCTGGGGGGTCCCTGAGACTCTCCTGTGCAGCCTCTGGATTCACCTTTAGCAGCTATGCCATGAGCTGGGTCCGCCAGGCTCCAGGGAAGGGGCTGGAGTGGGTCTCAGCTATTAGTGGTAGTGGTGGTAGCACATACTACGCAGACTCCGTGAAGGGCCGGTTCACCATCTCCAGAGACAATTCCAAGAACACGCTGTATCTGCAAATGAACAGCCTGAGAGCCGAGGACACGGCCGTATATTACTGTGCGAAAGA,296M,GAGGTGCAGCTGTTGGAGTCTGGGGGA...GGCTTGGTACAGCCTGGGGGGTCCCTGAGACTCTCCTGTGCAGCCTCTGGATTCACCTTT............AGCAGCTATGCCATGAGCTGGGTCCGCCAGGCTCCAGGGAAGGGGCTGGAGTGGGTCTCAGCTATTAGTGGTAGT......GGTGGTAGCACATACTACGCAGACTCCGTGAAG...GGCCGGTTCACCATCTCCAGAGACAATTCCAAGAACACGCTGTATCTGCAAATGAACAGCCTGAGAGCCGAGGACACGGCCGTATATTACTGTGCGAAAGA,,CACAGTG,7M,AGGGGAAGTCATTGTGAGCCCAG,23M,ACACAAACC,9M,AGCTCTGAGAGAGGAGCCCAGCCCTGGGATTTTCAGGTGTTTTCATTTGGTGATCAGGACTGAACAGAGAGAACTCACC,79M,,,,,,,,,,,,,,,,,,,,,,,,
PRJNA555323,W-53,W-53,2,IGHV2-26,,IGHV2-26*01,IGHV2-26*01,-,100.0,CAGGTCACCTTGAAGGAGTCTGGTCCTGTGCTGGTGAAACCCACAGAGACCCTCACGCTGACCTGCACCGTCTCTGGGTTCTCACTCAGCAATGCTAGAATGGGTGTGAGCTGGATCCGTCAGCCCCCAGGGAAGGCCCTGGAGTGGCTTGCACACATTTTTTCGAATGACGAAAAATCCTACAGCACATCTCTGAAGAGCAGGCTCACCATCTCCAAGGACACCTCCAAAAGCCAGGTGGTCCTTACCATGACCAACATGGACCCTGTGGACACAGCCACATATTACTGTGCACGGATAC,False,,,,ACTCCTGTGCCCCACCATGGACACACTTTGCTACACACTCCTGCTGCTGACCACCCCTTCCTGTGAGTGCTGTGGTCAGGGACTTCCTCAGAAGTGAAACATCAGTTGTCTCCTTTGTGGGCTTCATCTTCTTATGTCTTCTCCACAGGGGTCTTGTCCCAGGTCACCTTGAAGGAGTCTGGTCCTGTGCTGGTGAAACCCACAGAGACCCTCACGCTGACCTGCACCGTCTCTGGGTTCTCACTCAGCAATGCTAGAATGGGTGTGAGCTGGATCCGTCAGCCCCCAGGGAAGGCCCTGGAGTGGCTTGCACACATTTTTTCGAATGACGAAAAATCCTACAGCACATCTCTGAAGAGCAGGCTCACCATCTCCAAGGACACCTCCAAAAGCCAGGTGGTCCTTACCATGACCAACATGGACCCTGTGGACACAGCCACATATTACTGTGCACGGATACCACAGAGACACAGCCCAGGATGCCTCCTGTACAAGAACC,499M,ATGGACACACTTTGCTACACACTCCTGCTGCTGACCACCCCTTCCT,46M,GTGAGTGCTGTGGTCAGGGACTTCCTCAGAAGTGAAACATCAGTTGTCTCCTTTGTGGGCTTCATCTTCTTATGTCTTCTCCACAG,86M,GGGTCTTGTCC,11M,CAGGTCACCTTGAAGGAGTCTGGTCCTGTGCTGGTGAAACCCACAGAGACCCTCACGCTGACCTGCACCGTCTCTGGGTTCTCACTCAGCAATGCTAGAATGGGTGTGAGCTGGATCCGTCAGCCCCCAGGGAAGGCCCTGGAGTGGCTTGCACACATTTTTTCGAATGACGAAAAATCCTACAGCACATCTCTGAAGAGCAGGCTCACCATCTCCAAGGACACCTCCAAAAGCCAGGTGGTCCTTACCATGACCAACATGGACCCTGTGGACACAGCCACATATTACTGTGCACGGATAC,301M,CAGGTCACCTTGAAGGAGTCTGGTCCT...GTGCTGGTGAAACCCACAGAGACCCTCACGCTGACCTGCACCGTCTCTGGGTTCTCACTCAGC......AATGCTAGAATGGGTGTGAGCTGGATCCGTCAGCCCCCAGGGAAGGCCCTGGAGTGGCTTGCACACATTTTTTCGAAT.........GACGAAAAATCCTACAGCACATCTCTGAAG...AGCAGGCTCACCATCTCCAAGGACACCTCCAAAAGCCAGGTGGTCCTTACCATGACCAACATGGACCCTGTGGACACAGCCACATATTACTGTGCACGGATAC,,CACAGAG,7M,ACACAGCCCAGGATGCCTCCTGT,23M,ACAAGAACC,9M,ACTCCTGTGCCCCACC,16M,,,,,,,,,,,,,,,,,,,,,,,,
PRJNA555323,W-53,W-53,1,IGHV2-26,,IGHV2-26*01,IGHV2-26*01,-,100.0,CAGGTCACCTTGAAGGAGTCTGGTCCTGTGCTGGTGAAACCCACAGAGACCCTCACGCTGACCTGCACCGTCTCTGGGTTCTCACTCAGCAATGCTAGAATGGGTGTGAGCTGGATCCGTCAGCCCCCAGGGAAGGCCCTGGAGTGGCTTGCACACATTTTTTCGAATGACGAAAAATCCTACAGCACATCTCTGAAGAGCAGGCTCACCATCTCCAAGGACACCTCCAAAAGCCAGGTGGTCCTTACCATGACCAACATGGACCCTGTGGACACAGCCACATATTACTGTGCACGGATAC,False,,,,ACTCCTGTGCCCCACCATGGACACACTTTGCTACACACTCCTGCTGCTGACCACCCCTTCCTGTGAGTGCTGTGGTCAGGGACTTCCTCAGAAGTGAAACATCAGTTGTCTCCTTTGTGGGCTTCATCTTCTTATGTCTTCTCCACAGGGGTCTTGTCCCAGGTCACCTTGAAGGAGTCTGGTCCTGTGCTGGTGAAACCCACAGAGACCCTCACGCTGACCTGCACCGTCTCTGGGTTCTCACTCAGCAATGCTAGAATGGGTGTGAGCTGGATCCGTCAGCCCCCAGGGAAGGCCCTGGAGTGGCTTGCACACATTTTTTCGAATGACGAAAAATCCTACAGCACATCTCTGAAGAGCAGGCTCACCATCTCCAAGGACACCTCCAAAAGCCAGGTGGTCCTTACCATGACCAACATGGACCCTGTGGACACAGCCACATATTACTGTGCACGGATACCACAGAGACACAGCCCAGGATGCCTCCTGTACAAGAACC,499M,ATGGACACACTTTGCTACACACTCCTGCTGCTGACCACCCCTTCCT,46M,GTGAGTGCTGTGGTCAGGGACTTCCTCAGAAGTGAAACATCAGTTGTCTCCTTTGTGGGCTTCATCTTCTTATGTCTTCTCCACAG,86M,GGGTCTTGTCC,11M,CAGGTCACCTTGAAGGAGTCTGGTCCTGTGCTGGTGAAACCCACAGAGACCCTCACGCTGACCTGCACCGTCTCTGGGTTCTCACTCAGCAATGCTAGAATGGGTGTGAGCTGGATCCGTCAGCCCCCAGGGAAGGCCCTGGAGTGGCTTGCACACATTTTTTCGAATGACGAAAAATCCTACAGCACATCTCTGAAGAGCAGGCTCACCATCTCCAAGGACACCTCCAAAAGCCAGGTGGTCCTTACCATGACCAACATGGACCCTGTGGACACAGCCACATATTACTGTGCACGGATAC,301M,CAGGTCACCTTGAAGGAGTCTGGTCCT...GTGCTGGTGAAACCCACAGAGACCCTCACGCTGACCTGCACCGTCTCTGGGTTCTCACTCAGC......AATGCTAGAATGGGTGTGAGCTGGATCCGTCAGCCCCCAGGGAAGGCCCTGGAGTGGCTTGCACACATTTTTTCGAAT.........GACGAAAAATCCTACAGCACATCTCTGAAG...AGCAGGCTCACCATCTCCAAGGACACCTCCAAAAGCCAGGTGGTCCTTACCATGACCAACATGGACCCTGTGGACACAGCCACATATTACTGTGCACGGATAC,,CACAGAG,7M,ACACAGCCCAGGATGCCTCCTGT,23M,ACAAGAACC,9M,ACTCCTGTGCCCCACC,16M,,,,,,,,,,,,,,,,,,,,,,,,
PRJNA555323,W-53,W-53,0,IGHV3-30-5,,IGHV3-30-5*01,IGHV3-30-5*01,-,100.0,CAGGTGCAGCTGGTGGAGTCTGGGGGAGGCGTGGTCCAGCCTGGGAGGTCCCTGAGACTCTCCTGTGCAGCCTCTGGATTCACCTTCAGTAGCTATGGCATGCACTGGGTCCGCCAGGCTCCAGGCAAGGGGCTGGAGTGGGTGGCAGTTATATCATATGATGGAAGTAATAAATACTATGCAGACTCCGTGAAGGGCCGATTCACCATCTCCAGAGACAATTCCAAGAACACGCTGTATCTGCAAATGAACAGCCTGAGAGCTGAGGACACGGCTGTGTATTACTGTGCGAAAGA,False,,,,AGCTCTGGGAGAGGAGCCCAGCACTAGAAGTCGGCGGTGTTTCCATTCGGTGATCAGCACTGAACACAGAGGACTCACCATGGAGTTTGGGCTGAGCTGGGTTTTCCTCGTTGCTCTTTTAAGAGGTGATTCATGGAGAAATAGAGAGACTGAGTGTGAGTGAACATGAGTGAGAAAAACTGGATTTGTGTGGCATTTTCTGATAACGGTGTCCTTCTGTTTGCAGGTGTCCAGTGTCAGGTGCAGCTGGTGGAGTCTGGGGGAGGCGTGGTCCAGCCTGGGAGGTCCCTGAGACTCTCCTGTGCAGCCTCTGGATTCACCTTCAGTAGCTATGGCATGCACTGGGTCCGCCAGGCTCCAGGCAAGGGGCTGGAGTGGGTGGCAGTTATATCATATGATGGAAGTAATAAATACTATGCAGACTCCGTGAAGGGCCGATTCACCATCTCCAGAGACAATTCCAAGAACACGCTGTATCTGCAAATGAACAGCCTGAGAGCTGAGGACACGGCTGTGTATTACTGTGCGAAAGACACAGTGAGGGGAAGTCATTGTGCGCCCAGACACAAACC,572M,ATGGAGTTTGGGCTGAGCTGGGTTTTCCTCGTTGCTCTTTTAAGAG,46M,GTGATTCATGGAGAAATAGAGAGACTGAGTGTGAGTGAACATGAGTGAGAAAAACTGGATTTGTGTGGCATTTTCTGATAACGGTGTCCTTCTGTTTGCAG,101M,GTGTCCAGTGT,11M,CAGGTGCAGCTGGTGGAGTCTGGGGGAGGCGTGGTCCAGCCTGGGAGGTCCCTGAGACTCTCCTGTGCAGCCTCTGGATTCACCTTCAGTAGCTATGGCATGCACTGGGTCCGCCAGGCTCCAGGCAAGGGGCTGGAGTGGGTGGCAGTTATATCATATGATGGAAGTAATAAATACTATGCAGACTCCGTGAAGGGCCGATTCACCATCTCCAGAGACAATTCCAAGAACACGCTGTATCTGCAAATGAACAGCCTGAGAGCTGAGGACACGGCTGTGTATTACTGTGCGAAAGA,296M,CAGGTGCAGCTGGTGGAGTCTGGGGGA...GGCGTGGTCCAGCCTGGGAGGTCCCTGAGACTCTCCTGTGCAGCCTCTGGATTCACCTTC............AGTAGCTATGGCATGCACTGGGTCCGCCAGGCTCCAGGCAAGGGGCTGGAGTGGGTGGCAGTTATATCATATGAT......GGAAGTAATAAATACTATGCAGACTCCGTGAAG...GGCCGATTCACCATCTCCAGAGACAATTCCAAGAACACGCTGTATCTGCAAATGAACAGCCTGAGAGCTGAGGACACGGCTGTGTATTACTGTGCGAAAGA,,CACAGTG,7M,AGGGGAAGTCATTGTGCGCCCAG,23M,ACACAAACC,9M,AGCTCTGGGAGAGGAGCCCAGCACTAGAAGTCGGCGGTGTTTCCATTCGGTGATCAGCACTGAACACAGAGGACTCACC,79M,,,,,,,,,,,,,,,,,,,,,,,,
PRJNA555323,W-53,W-53,2,IGHV3-33,,IGHV3-33*01,IGHV3-33*01,-,100.0,CAGGTGCAGCTGGTGGAGTCTGGGGGAGGCGTGGTCCAGCCTGGGAGGTCCCTGAGACTCTCCTGTGCAGCGTCTGGATTCACCTTCAGTAGCTATGGCATGCACTGGGTCCGCCAGGCTCCAGGCAAGGGGCTGGAGTGGGTGGCAGTTATATGGTATGATGGAAGTAATAAATACTATGCAGACTCCGTGAAGGGCCGATTCACCATCTCCAGAGACAATTCCAAGAACACGCTGTATCTGCAAATGAACAGCCTGAGAGCCGAGGACACGGCTGTGTATTACTGTGCGAGAGA,False,,,,AGCTCTGGGAGAGGAGCCCAGCACTAGAAGTCGGCGGTGTTTCCATTCGGTGATCAGCACTGAACACAGAGGACTCACCATGGAGTTTGGGCTGAGCTGGGTTTTCCTCGTTGCTCTTTTAAGAGGTGATTCATGGAGAAATAGAGAGACTGAGTGTGAGTGAACATGAGTGAGAAAAACTGGATTTGTGTGGCATTTTCTGATAACGGTGTCCTTCTGTTTGCAGGTGTCCAGTGTCAGGTGCAGCTGGTGGAGTCTGGGGGAGGCGTGGTCCAGCCTGGGAGGTCCCTGAGACTCTCCTGTGCAGCGTCTGGATTCACCTTCAGTAGCTATGGCATGCACTGGGTCCGCCAGGCTCCAGGCAAGGGGCTGGAGTGGGTGGCAGTTATATGGTATGATGGAAGTAATAAATACTATGCAGACTCCGTGAAGGGCCGATTCACCATCTCCAGAGACAATTCCAAGAACACGCTGTATCTGCAAATGAACAGCCTGAGAGCCGAGGACACGGCTGTGTATTACTGTGCGAGAGACACAGTGAGGGGAGGTCATTGTGCGCCCAGACACAAACC,572M,ATGGAGTTTGGGCTGAGCTGGGTTTTCCTCGTTGCTCTTTTAAGAG,46M,GTGATTCATGGAGAAATAGAGAGACTGAGTGTGAGTGAACATGAGTGAGAAAAACTGGATTTGTGTGGCATTTTCTGATAACGGTGTCCTTCTGTTTGCAG,101M,GTGTCCAGTGT,11M,CAGGTGCAGCTGGTGGAGTCTGGGGGAGGCGTGGTCCAGCCTGGGAGGTCCCTGAGACTCTCCTGTGCAGCGTCTGGATTCACCTTCAGTAGCTATGGCATGCACTGGGTCCGCCAGGCTCCAGGCAAGGGGCTGGAGTGGGTGGCAGTTATATGGTATGATGGAAGTAATAAATACTATGCAGACTCCGTGAAGGGCCGATTCACCATCTCCAGAGACAATTCCAAGAACACGCTGTATCTGCAAATGAACAGCCTGAGAGCCGAGGACACGGCTGTGTATTACTGTGCGAGAGA,296M,CAGGTGCAGCTGGTGGAGTCTGGGGGA...GGCGTGGTCCAGCCTGGGAGGTCCCTGAGACTCTCCTGTGCAGCGTCTGGATTCACCTTC............AGTAGCTATGGCATGCACTGGGTCCGCCAGGCTCCAGGCAAGGGGCTGGAGTGGGTGGCAGTTATATGGTATGAT......GGAAGTAATAAATACTATGCAGACTCCGTGAAG...GGCCGATTCACCATCTCCAGAGACAATTCCAAGAACACGCTGTATCTGCAAATGAACAGCCTGAGAGCCGAGGACACGGCTGTGTATTACTGTGCGAGAGA,,CACAGTG,7M,AGGGGAGGTCATTGTGCGCCCAG,23M,ACACAAACC,9M,AGCTCTGGGAGAGGAGCCCAGCACTAGAAGTCGGCGGTGTTTCCATTCGGTGATCAGCACTGAACACAGAGGACTCACC,79M,,,,,,,,,,,,,,,,,,,,,,,,
PRJNA555323,W-53,W-53,1,IGHV3-35,,IGHV3-35*01,IGHV3-35*01,-,100.0,GAGGTGCAGCTGGTGGAGTCTGGGGGAGGCTTGGTACAGCCTGGGGGATCCCTGAGACTCTCCTGTGCAGCCTCTGGATTCACCTTCAGTAACAGTGACATGAACTGGGTCCATCAGGCTCCAGGAAAGGGGCTGGAGTGGGTATCGGGTGTTAGTTGGAATGGCAGTAGGACGCACTATGCAGACTCTGTGAAGGGCCGATTCATCATCTCCAGAGACAATTCCAGGAACACCCTGTATCTGCAAACGAATAGCCTGAGGGCCGAGGACACGGCTGTGTATTACTGTGTGAGAAA,False,,,,AGCCCTGGGAGAGAAGCACCAGCCCTGGGATTCTCAGGTGTTTCCACTTTGTCATCAGCAACAAACAAATTACCATGGAATTTGGGCTGAGCTGGGTTTTTCTTGCTGCTATTTTAAAAGGTGATTCATGAAGAACTAAGGATATTGAGTGAGTGGACATGAGTGAGAGAAACAGTGGATTTGTGTGGCAGTTTCTGACCAGGGTGTCTCTGTGTTTGCAGGTGTCCAGTGTGAGGTGCAGCTGGTGGAGTCTGGGGGAGGCTTGGTACAGCCTGGGGGATCCCTGAGACTCTCCTGTGCAGCCTCTGGATTCACCTTCAGTAACAGTGACATGAACTGGGTCCATCAGGCTCCAGGAAAGGGGCTGGAGTGGGTATCGGGTGTTAGTTGGAATGGCAGTAGGACGCACTATGCAGACTCTGTGAAGGGCCGATTCATCATCTCCAGAGACAATTCCAGGAACACCCTGTATCTGCAAACGAATAGCCTGAGGGCCGAGGACACGGCTGTGTATTACTGTGTGAGAAACACTGTGAGAGGTCGGAAGTGTGAGCCCAGACACAAACC,567M,ATGGAATTTGGGCTGAGCTGGGTTTTTCTTGCTGCTATTTTAAAAG,46M,GTGATTCATGAAGAACTAAGGATATTGAGTGAGTGGACATGAGTGAGAGAAACAGTGGATTTGTGTGGCAGTTTCTGACCAGGGTGTCTCTGTGTTTGCAG,101M,GTGTCCAGTGT,11M,GAGGTGCAGCTGGTGGAGTCTGGGGGAGGCTTGGTACAGCCTGGGGGATCCCTGAGACTCTCCTGTGCAGCCTCTGGATTCACCTTCAGTAACAGTGACATGAACTGGGTCCATCAGGCTCCAGGAAAGGGGCTGGAGTGGGTATCGGGTGTTAGTTGGAATGGCAGTAGGACGCACTATGCAGACTCTGTGAAGGGCCGATTCATCATCTCCAGAGACAATTCCAGGAACACCCTGTATCTGCAAACGAATAGCCTGAGGGCCGAGGACACGGCTGTGTATTACTGTGTGAGAAA,296M,GAGGTGCAGCTGGTGGAGTCTGGGGGA...GGCTTGGTACAGCCTGGGGGATCCCTGAGACTCTCCTGTGCAGCCTCTGGATTCACCTTC............AGTAACAGTGACATGAACTGGGTCCATCAGGCTCCAGGAAAGGGGCTGGAGTGGGTATCGGGTGTTAGTTGGAAT......GGCAGTAGGACGCACTATGCAGACTCTGTGAAG...GGCCGATTCATCATCTCCAGAGACAATTCCAGGAACACCCTGTATCTGCAAACGAATAGCCTGAGGGCCGAGGACACGGCTGTGTATTACTGTGTGAGAAA,,CACTGTG,7M,AGAGGTCGGAAGTGTGAGCCCAG,23M,ACACAAACC,9M,AGCCCTGGGAGAGAAGCACCAGCCCTGGGATTCTCAGGTGTTTCCACTTTGTCATCAGCAACAAACAAATTACC,74M,,,,,,,,,,,,,,,,,,,,,,,,
PRJNA555323,W-53,W-53,2,IGHV3-35,,IGHV3-35*01,IGHV3-35*01,-,100.0,GAGGTGCAGCTGGTGGAGTCTGGGGGAGGCTTGGTACAGCCTGGGGGATCCCTGAGACTCTCCTGTGCAGCCTCTGGATTCACCTTCAGTAACAGTGACATGAACTGGGTCCATCAGGCTCCAGGAAAGGGGCTGGAGTGGGTATCGGGTGTTAGTTGGAATGGCAGTAGGACGCACTATGCAGACTCTGTGAAGGGCCGATTCATCATCTCCAGAGACAATTCCAGGAACACCCTGTATCTGCAAACGAATAGCCTGAGGGCCGAGGACACGGCTGTGTATTACTGTGTGAGAAA,False,,,,AGCCCTGGGAGAGAAGCACCAGCCCTGGGATTCTCAGGTGTTTCCACTTTGTCATCAGCAACAAACAAATTACCATGGAATTTGGGCTGAGCTGGGTTTTTCTTGCTGCTATTTTAAAAGGTGATTCATGAAGAACTAAGGATATTGAGTGAGTGGACATGAGTGAGAGAAACAGTGGATTTGTGTGGCAGTTTCTGACCAGGGTGTCTCTGTGTTTGCAGGTGTCCAGTGTGAGGTGCAGCTGGTGGAGTCTGGGGGAGGCTTGGTACAGCCTGGGGGATCCCTGAGACTCTCCTGTGCAGCCTCTGGATTCACCTTCAGTAACAGTGACATGAACTGGGTCCATCAGGCTCCAGGAAAGGGGCTGGAGTGGGTATCGGGTGTTAGTTGGAATGGCAGTAGGACGCACTATGCAGACTCTGTGAAGGGCCGATTCATCATCTCCAGAGACAATTCCAGGAACACCCTGTATCTGCAAACGAATAGCCTGAGGGCCGAGGACACGGCTGTGTATTACTGTGTGAGAAACACTGTGAGAGGTCGGAAGTGTGAGCCCAGACACAAACC,567M,ATGGAATTTGGGCTGAGCTGGGTTTTTCTTGCTGCTATTTTAAAAG,46M,GTGATTCATGAAGAACTAAGGATATTGAGTGAGTGGACATGAGTGAGAGAAACAGTGGATTTGTGTGGCAGTTTCTGACCAGGGTGTCTCTGTGTTTGCAG,101M,GTGTCCAGTGT,11M,GAGGTGCAGCTGGTGGAGTCTGGGGGAGGCTTGGTACAGCCTGGGGGATCCCTGAGACTCTCCTGTGCAGCCTCTGGATTCACCTTCAGTAACAGTGACATGAACTGGGTCCATCAGGCTCCAGGAAAGGGGCTGGAGTGGGTATCGGGTGTTAGTTGGAATGGCAGTAGGACGCACTATGCAGACTCTGTGAAGGGCCGATTCATCATCTCCAGAGACAATTCCAGGAACACCCTGTATCTGCAAACGAATAGCCTGAGGGCCGAGGACACGGCTGTGTATTACTGTGTGAGAAA,296M,GAGGTGCAGCTGGTGGAGTCTGGGGGA...GGCTTGGTACAGCCTGGGGGATCCCTGAGACTCTCCTGTGCAGCCTCTGGATTCACCTTC............AGTAACAGTGACATGAACTGGGTCCATCAGGCTCCAGGAAAGGGGCTGGAGTGGGTATCGGGTGTTAGTTGGAAT......GGCAGTAGGACGCACTATGCAGACTCTGTGAAG...GGCCGATTCATCATCTCCAGAGACAATTCCAGGAACACCCTGTATCTGCAAACGAATAGCCTGAGGGCCGAGGACACGGCTGTGTATTACTGTGTGAGAAA,,CACTGTG,7M,AGAGGTCGGAAGTGTGAGCCCAG,23M,ACACAAACC,9M,AGCCCTGGGAGAGAAGCACCAGCCCTGGGATTCTCAGGTGTTTCCACTTTGTCATCAGCAACAAACAAATTACC,74M,,,,,,,,,,,,,,,,,,,,,,,,
PRJNA555323,W-53,W-53,1,IGHV3-38,,IGHV3-38*02,IGHV3-38*02,-,100.0,GAGGTGCAGCTGGTGGAGTCTGGGGGAGGCTTGGTACAGCCTAGGGGGTCCCTGAGACTCTCCTGTGCAGCCTCTGGATTCACCGTCAGTAGCAATGAGATGAGCTGGATCCGCCAGGCTCCAGGGAAGGGGCTGGAGTGGGTCTCATCCATTAGTGGTGGTAGCACATACTACGCAGACTCCAGGAAGGGCAGATTCACCATCTCCAGAGACAATTCCAAGAACACGCTGTATCTTCAAATGAACAACCTGAGAGCTGAGGGCACGGCCGTGTATTACTGTGCCAGATATA,False,,,,AGCACTCTGGGAGTGGAGCCCCAGCCTTGGGATTCCCAGGTGTTTCCCTTCAGTGATCAGGACTGAACACACACAACTCATCATGCAGTTTGTGCTGAGCTGGGTTTTCCTTGTTGGTATTTTAAAAGGTGATTCATGGAGAACTACAGATGTTGAGTGTGAGTGGACATGAGTGAGCAAAACAGTGGGTTTGTGTGGCAGTTTCTGACCTTGGTGTCTCTGTGTTTGCAGGTGTCCAGTGTGAGGTGCAGCTGGTGGAGTCTGGGGGAGGCTTGGTACAGCCTAGGGGGTCCCTGAGACTCTCCTGTGCAGCCTCTGGATTCACCGTCAGTAGCAATGAGATGAGCTGGATCCGCCAGGCTCCAGGGAAGGGGCTGGAGTGGGTCTCATCCATTAGTGGTGGTAGCACATACTACGCAGACTCCAGGAAGGGCAGATTCACCATCTCCAGAGACAATTCCAAGAACACGCTGTATCTTCAAATGAACAACCTGAGAGCTGAGGGCACGGCCGTGTATTACTGTGCCAGATATACACAGAGGGGAAGTCATTGTGCGCCCAGACACAAACCTC,573M,ATGCAGTTTGTGCTGAGCTGGGTTTTCCTTGTTGGTATTTTAAAAG,46M,GTGATTCATGGAGAACTACAGATGTTGAGTGTGAGTGGACATGAGTGAGCAAAACAGTGGGTTTGTGTGGCAGTTTCTGACCTTGGTGTCTCTGTGTTTGCAG,103M,GTGTCCAGTGT,11M,GAGGTGCAGCTGGTGGAGTCTGGGGGAGGCTTGGTACAGCCTAGGGGGTCCCTGAGACTCTCCTGTGCAGCCTCTGGATTCACCGTCAGTAGCAATGAGATGAGCTGGATCCGCCAGGCTCCAGGGAAGGGGCTGGAGTGGGTCTCATCCATTAGTGGTGGTAGCACATACTACGCAGACTCCAGGAAGGGCAGATTCACCATCTCCAGAGACAATTCCAAGAACACGCTGTATCTTCAAATGAACAACCTGAGAGCTGAGGGCACGGCCGTGTATTACTGTGCCAGATATA,292M,GAGGTGCAGCTGGTGGAGTCTGGGGGA...GGCTTGGTACAGCCTAGGGGGTCCCTGAGACTCTCCTGTGCAGCCTCTGGATTCACCGTC............AGTAGCAATGAGATGAGCTGGATCCGCCAGGCTCCAGGGAAGGGGCTGGAGTGGGTCTCATCCATTAGTGGT............GGTAGCACATACTACGCAGACTCCAGGAAG...GGCAGATTCACCATCTCCAGAGACAATTCCAAGAACACGCTGTATCTTCAAATGAACAACCTGAGAGCTGAGGGCACGGCCGTGTATTACTGTGCCAGATATA,,CACAGAG,7M,GGGAAGTCATTGTGCGCCCAGAC,23M,ACAAACCTC,9M,AGCACTCTGGGAGTGGAGCCCCAGCCTTGGGATTCCCAGGTGTTTCCCTTCAGTGATCAGGACTGAACACACACAACTCATC,82M,,,,,,,,,,,,,,,,,,,,,,,,
PRJNA555323,W-53,W-53,2,IGHV3-38,,IGHV3-38*03,IGHV3-38*03,-,100.0,GAGGTGCAGCTGGTGGAGTCTGGGGGAGGCTTGGTACAGCCTAGGGGGTCCCTGAGACTCTCCTGTGCAGCCTCTGGATTCACCGTCAGTAGCAATGAGATGAGCTGGATCCGCCAGGCTCCAGGGAAGGGTCTGGAGTGGGTCTCATCCATTAGTGGTGGTAGCACATACTACGCAGACTCCAGGAAGGGCAGATTCACCATCTCCAGAGACAATTCCAAGAACACGCTGTATCTTCAAATGAACAACCTGAGAGCTGAGGGCACGGCCGTGTATTACTGTGCCAGATATA,False,,,,AGCACTCTGGGAGTGGAGCCCCAGCCTTGGGATTCCCAGGTGTTTCCCTTCAGTGATCAGGACTGAACACACACAACTCATCATGCAGTTTGTGCTGAGCTGGGTTTTCCTTGTTGGTATTTTAAAAGGTGATTCATGGAGAACTACAGATGTTGAGTGTGAGTGGACATGAGTGAGCAAAACAGTGGGTTTGTGTGGCAGTTTCTGACCTTGGTGTCTCTGTGTTTGCAGGTGTCCAGTGTGAGGTGCAGCTGGTGGAGTCTGGGGGAGGCTTGGTACAGCCTAGGGGGTCCCTGAGACTCTCCTGTGCAGCCTCTGGATTCACCGTCAGTAGCAATGAGATGAGCTGGATCCGCCAGGCTCCAGGGAAGGGTCTGGAGTGGGTCTCATCCATTAGTGGTGGTAGCACATACTACGCAGACTCCAGGAAGGGCAGATTCACCATCTCCAGAGACAATTCCAAGAACACGCTGTATCTTCAAATGAACAACCTGAGAGCTGAGGGCACGGCCGTGTATTACTGTGCCAGATATACACAGAGGGGAAGTCATTGTGCGCCCAGACACAAACCTC,573M,ATGCAGTTTGTGCTGAGCTGGGTTTTCCTTGTTGGTATTTTAAAAG,46M,GTGATTCATGGAGAACTACAGATGTTGAGTGTGAGTGGACATGAGTGAGCAAAACAGTGGGTTTGTGTGGCAGTTTCTGACCTTGGTGTCTCTGTGTTTGCAG,103M,GTGTCCAGTGT,11M,GAGGTGCAGCTGGTGGAGTCTGGGGGAGGCTTGGTACAGCCTAGGGGGTCCCTGAGACTCTCCTGTGCAGCCTCTGGATTCACCGTCAGTAGCAATGAGATGAGCTGGATCCGCCAGGCTCCAGGGAAGGGTCTGGAGTGGGTCTCATCCATTAGTGGTGGTAGCACATACTACGCAGACTCCAGGAAGGGCAGATTCACCATCTCCAGAGACAATTCCAAGAACACGCTGTATCTTCAAATGAACAACCTGAGAGCTGAGGGCACGGCCGTGTATTACTGTGCCAGATATA,292M,GAGGTGCAGCTGGTGGAGTCTGGGGGA...GGCTTGGTACAGCCTAGGGGGTCCCTGAGACTCTCCTGTGCAGCCTCTGGATTCACCGTC............AGTAGCAATGAGATGAGCTGGATCCGCCAGGCTCCAGGGAAGGGTCTGGAGTGGGTCTCATCCATTAGTGGT............GGTAGCACATACTACGCAGACTCCAGGAAG...GGCAGATTCACCATCTCCAGAGACAATTCCAAGAACACGCTGTATCTTCAAATGAACAACCTGAGAGCTGAGGGCACGGCCGTGTATTACTGTGCCAGATATA,,CACAGAG,7M,GGGAAGTCATTGTGCGCCCAGAC,23M,ACAAACCTC,9M,AGCACTCTGGGAGTGGAGCCCCAGCCTTGGGATTCCCAGGTGTTTCCCTTCAGTGATCAGGACTGAACACACACAACTCATC,82M,,,,,,,,,,,,,,,,,,,,,,,,
PRJNA555323,W-53,W-53,0,IGHV3-43,,IGHV3-43*01,IGHV3-43*01,-,100.0,GAAGTGCAGCTGGTGGAGTCTGGGGGAGTCGTGGTACAGCCTGGGGGGTCCCTGAGACTCTCCTGTGCAGCCTCTGGATTCACCTTTGATGATTATACCATGCACTGGGTCCGTCAAGCTCCGGGGAAGGGTCTGGAGTGGGTCTCTCTTATTAGTTGGGATGGTGGTAGCACATACTATGCAGACTCTGTGAAGGGCCGATTCACCATCTCCAGAGACAACAGCAAAAACTCCCTGTATCTGCAAATGAACAGTCTGAGAACTGAGGACACCGCCTTGTATTACTGTGCAAAAGATA,False,,,,AGCTCTGGGAGAGGAGCCCCAGCCCTGAGATTCCCAGGTGTTTCCATTCGGTGATCAGCACTGAACACAGAGAACGCACCATGGAGTTTGGACTGAGCTGGGTTTTCCTTGTTGCTATTTTAAAAGGTGATTCATGGATAAATAGAGATGTTGAGTGTGAGTGAACATGAGTGAGAGAAACAGTGGATATGTGTGGCAGTGTCTGACCAGGGTGTCTCTGTGTTTGCAGGTGTCCAGTGTGAAGTGCAGCTGGTGGAGTCTGGGGGAGTCGTGGTACAGCCTGGGGGGTCCCTGAGACTCTCCTGTGCAGCCTCTGGATTCACCTTTGATGATTATACCATGCACTGGGTCCGTCAAGCTCCGGGGAAGGGTCTGGAGTGGGTCTCTCTTATTAGTTGGGATGGTGGTAGCACATACTATGCAGACTCTGTGAAGGGCCGATTCACCATCTCCAGAGACAACAGCAAAAACTCCCTGTATCTGCAAATGAACAGTCTGAGAACTGAGGACACCGCCTTGTATTACTGTGCAAAAGATACACAGTGAGGGGAAGTCAGCGAGAGCCCAGACAAAAACC,577M,ATGGAGTTTGGACTGAGCTGGGTTTTCCTTGTTGCTATTTTAAAAG,46M,GTGATTCATGGATAAATAGAGATGTTGAGTGTGAGTGAACATGAGTGAGAGAAACAGTGGATATGTGTGGCAGTGTCTGACCAGGGTGTCTCTGTGTTTGCAG,103M,GTGTCCAGTGT,11M,GAAGTGCAGCTGGTGGAGTCTGGGGGAGTCGTGGTACAGCCTGGGGGGTCCCTGAGACTCTCCTGTGCAGCCTCTGGATTCACCTTTGATGATTATACCATGCACTGGGTCCGTCAAGCTCCGGGGAAGGGTCTGGAGTGGGTCTCTCTTATTAGTTGGGATGGTGGTAGCACATACTATGCAGACTCTGTGAAGGGCCGATTCACCATCTCCAGAGACAACAGCAAAAACTCCCTGTATCTGCAAATGAACAGTCTGAGAACTGAGGACACCGCCTTGTATTACTGTGCAAAAGATA,298M,GAAGTGCAGCTGGTGGAGTCTGGGGGA...GTCGTGGTACAGCCTGGGGGGTCCCTGAGACTCTCCTGTGCAGCCTCTGGATTCACCTTT............GATGATTATACCATGCACTGGGTCCGTCAAGCTCCGGGGAAGGGTCTGGAGTGGGTCTCTCTTATTAGTTGGGAT......GGTGGTAGCACATACTATGCAGACTCTGTGAAG...GGCCGATTCACCATCTCCAGAGACAACAGCAAAAACTCCCTGTATCTGCAAATGAACAGTCTGAGAACTGAGGACACCGCCTTGTATTACTGTGCAAAAGATA,,CACAGTG,7M,AGGGGAAGTCAGCGAGAGCCCAG,23M,ACAAAAACC,9M,AGCTCTGGGAGAGGAGCCCCAGCCCTGAGATTCCCAGGTGTTTCCATTCGGTGATCAGCACTGAACACAGAGAACGCACC,80M,,,,,,,,,,,,,,,,,,,,,,,,
PRJNA555323,W-53,W-53,0,IGHV1-45,,IGHV1-45*02,IGHV1-45*02,-,100.0,CAGATGCAGCTGGTGCAGTCTGGGGCTGAGGTGAAGAAGACTGGGTCCTCAGTGAAGGTTTCCTGCAAGGCTTCCGGATACACCTTCACCTACCGCTACCTGCACTGGGTGCGACAGGCCCCCGGACAAGCGCTTGAGTGGATGGGATGGATCACACCTTTCAATGGTAACACCAACTACGCACAGAAATTCCAGGACAGAGTCACCATTACCAGGGACAGGTCTATGAGCACAGCCTACATGGAGCTGAGCAGCCTGAGATCTGAGGACACAGCCATGTATTACTGTGCAAGATA,False,,,,ATGGACTGGACCTGGAGAATCCTCTTCTTGGTGGCAGCAGCCACAGGTAAGGGGCTCCCAAGTCCCAGTGATGAGGAGGGGATTGAGTCCAGTCAAGGTGGCTTTTATCCACTCCTGTGTCCCCTCCACAGATGCCTACTCCCAGATGCAGCTGGTGCAGTCTGGGGCTGAGGTGAAGAAGACTGGGTCCTCAGTGAAGGTTTCCTGCAAGGCTTCCGGATACACCTTCACCTACCGCTACCTGCACTGGGTGCGACAGGCCCCCGGACAAGCGCTTGAGTGGATGGGATGGATCACACCTTTCAATGGTAACACCAACTACGCACAGAAATTCCAGGACAGAGTCACCATTACCAGGGACAGGTCTATGAGCACAGCCTACATGGAGCTGAGCAGCCTGAGATCTGAGGACACAGCCATGTATTACTGTGCAAGATACACAGTGTGAAAACCCACATCCTGAGACCGTCAGAAACC,477M,ATGGACTGGACCTGGAGAATCCTCTTCTTGGTGGCAGCAGCCACAG,46M,GTAAGGGGCTCCCAAGTCCCAGTGATGAGGAGGGGATTGAGTCCAGTCAAGGTGGCTTTTATCCACTCCTGTGTCCCCTCCACAG,85M,ATGCCTACTCC,11M,CAGATGCAGCTGGTGCAGTCTGGGGCTGAGGTGAAGAAGACTGGGTCCTCAGTGAAGGTTTCCTGCAAGGCTTCCGGATACACCTTCACCTACCGCTACCTGCACTGGGTGCGACAGGCCCCCGGACAAGCGCTTGAGTGGATGGGATGGATCACACCTTTCAATGGTAACACCAACTACGCACAGAAATTCCAGGACAGAGTCACCATTACCAGGGACAGGTCTATGAGCACAGCCTACATGGAGCTGAGCAGCCTGAGATCTGAGGACACAGCCATGTATTACTGTGCAAGATA,296M,CAGATGCAGCTGGTGCAGTCTGGGGCT...GAGGTGAAGAAGACTGGGTCCTCAGTGAAGGTTTCCTGCAAGGCTTCCGGATACACCTTC............ACCTACCGCTACCTGCACTGGGTGCGACAGGCCCCCGGACAAGCGCTTGAGTGGATGGGATGGATCACACCTTTC......AATGGTAACACCAACTACGCACAGAAATTCCAG...GACAGAGTCACCATTACCAGGGACAGGTCTATGAGCACAGCCTACATGGAGCTGAGCAGCCTGAGATCTGAGGACACAGCCATGTATTACTGTGCAAGATA,,CACAGTG,7M,TGAAAACCCACATCCTGAGACCG,23M,TCAGAAACC,9M,,,,,,,,,,,,,,,,,,,,,,,,,,
PRJNA555323,W-53,W-53,0,IGHV1-46,,IGHV1-46*01,IGHV1-46*01,-,100.0,CAGGTGCAGCTGGTGCAGTCTGGGGCTGAGGTGAAGAAGCCTGGGGCCTCAGTGAAGGTTTCCTGCAAGGCATCTGGATACACCTTCACCAGCTACTATATGCACTGGGTGCGACAGGCCCCTGGACAAGGGCTTGAGTGGATGGGAATAATCAACCCTAGTGGTGGTAGCACAAGCTACGCACAGAAGTTCCAGGGCAGAGTCACCATGACCAGGGACACGTCCACGAGCACAGTCTACATGGAGCTGAGCAGCCTGAGATCTGAGGACACGGCCGTGTATTACTGTGCGAGAGA,False,,,,ATCATCCAACAACCACATCCCTTCTCTACAGAAGCCTCTGAGAGGAAAGTTCTTCACCATGGACTGGACCTGGAGGGTCTTCTGCTTGCTGGCTGTAGCTCCAGGTAAAGGGCCAACTGGTTCCAGGGCTGAGGAAGGGATTTTTTCCAGTTTAGAGGACTGTCATTCTCTACTGTGTCCTCTCCGCAGGTGCTCACTCCCAGGTGCAGCTGGTGCAGTCTGGGGCTGAGGTGAAGAAGCCTGGGGCCTCAGTGAAGGTTTCCTGCAAGGCATCTGGATACACCTTCACCAGCTACTATATGCACTGGGTGCGACAGGCCCCTGGACAAGGGCTTGAGTGGATGGGAATAATCAACCCTAGTGGTGGTAGCACAAGCTACGCACAGAAGTTCCAGGGCAGAGTCACCATGACCAGGGACACGTCCACGAGCACAGTCTACATGGAGCTGAGCAGCCTGAGATCTGAGGACACGGCCGTGTATTACTGTGCGAGAGACACAGTGTGAGAAACCACATCCTCAGAGTGTCAGAAACC,535M,ATGGACTGGACCTGGAGGGTCTTCTGCTTGCTGGCTGTAGCTCCAG,46M,GTAAAGGGCCAACTGGTTCCAGGGCTGAGGAAGGGATTTTTTCCAGTTTAGAGGACTGTCATTCTCTACTGTGTCCTCTCCGCAG,85M,GTGCTCACTCC,11M,CAGGTGCAGCTGGTGCAGTCTGGGGCTGAGGTGAAGAAGCCTGGGGCCTCAGTGAAGGTTTCCTGCAAGGCATCTGGATACACCTTCACCAGCTACTATATGCACTGGGTGCGACAGGCCCCTGGACAAGGGCTTGAGTGGATGGGAATAATCAACCCTAGTGGTGGTAGCACAAGCTACGCACAGAAGTTCCAGGGCAGAGTCACCATGACCAGGGACACGTCCACGAGCACAGTCTACATGGAGCTGAGCAGCCTGAGATCTGAGGACACGGCCGTGTATTACTGTGCGAGAGA,296M,CAGGTGCAGCTGGTGCAGTCTGGGGCT...GAGGTGAAGAAGCCTGGGGCCTCAGTGAAGGTTTCCTGCAAGGCATCTGGATACACCTTC............ACCAGCTACTATATGCACTGGGTGCGACAGGCCCCTGGACAAGGGCTTGAGTGGATGGGAATAATCAACCCTAGT......GGTGGTAGCACAAGCTACGCACAGAAGTTCCAG...GGCAGAGTCACCATGACCAGGGACACGTCCACGAGCACAGTCTACATGGAGCTGAGCAGCCTGAGATCTGAGGACACGGCCGTGTATTACTGTGCGAGAGA,,CACAGTG,7M,TGAGAAACCACATCCTCAGAGTG,23M,TCAGAAACC,9M,ATCATCCAACAACCACATCCCTTCTCTACAGAAGCCTCTGAGAGGAAAGTTCTTCACC,58M,,,,,,,,,,,,,,,,,,,,,,,,
PRJNA555323,W-53,W-53,1,IGHV3-49,,IGHV3-49*05_c248-,IGHV3-49*05,-,81.06,GAGGTGCAGCTGGTGGAGTCTGGGGGAGGCTTGGTAAAGCCAGGGCGGTCCCTGAGACTCTCCTGTACAGCTTCTGGATTCACCTTTGGTGATTATGCTATGAGCTGGTTCCGCCAGGCTCCAGGGAAGGGGCTGGAGTGGGTAGGTTTCATTAGAAGCAAAGCTTATGGTGGGACAACAGAATACGCCGCGTCTGTGAAAGGCAGATTCACCATCTCAAGAGATGATTCCAAAAGCATCGCCTATCTGCAAATGAACAGCCTGAAAACCGAGGACACAGCCGTGTATTACTGTACTAGAGA,False,"length mismatch in V-REGION: seq 301 vs co-ords 302 - likely indel\nStop codon in V-REGION before 2nd cysteine, Second cysteine not found",,,CTCTGGGAGAGGAGCCCCAGCCGTGAGATTCCCAGGAGTTTCCACTTGGTGATCAGCACTGAACACAGACCACCAACCATGGAGTTTGGGCTTAGCTGGGTTTTCCTTGTTGCTATTTTAAAAGGTAATTCATGGTGTACTAGAGATACTGAGTGTGAGGGGACATGAGTGGTAGAAACAGTGGATATGTGTGGCAGTTTCTGACCTTGGTGTTTCTGTGTTTGCAGGTGTCCAATGTGAGGTGCAGCTGGTGGAGTCTGGGGGAGGCTTGGTAAAGCCAGGGCGGTCCCTGAGACTCTCCTGTACAGCTTCTGGATTCACCTTTGGTGATTATGCTATGAGCTGGTTCCGCCAGGCTCCAGGGAAGGGGCTGGAGTGGGTAGGTTTCATTAGAAGCAAAGCTTATGGTGGGACAACAGAATACGCCGCGTCTGTGAAAGGCAGATTCACCATCTCAAGAGATGATTCAAAAGCATCGCCTATCTGCAAATGAACAGCCTGAAAACCGAGGACACAGCCGTGTATTACTGTACTAGAGACACAGTGAGGGGAGGTCAATGTGAGCCCAGACACAAACC,110M1D468M,ATGGAGTTTGGGCTTAGCTGGGTTTTCCTTGTTGCTATTTTAAAAG,46M,GTAATTCATGGTGTACTAGAGATACTGAGTGTGAGGGGACATGAGTGGTAGAAACAGTGGATATGTGTGGCAGTTTCTGACCTTGGTGTTTCTGTGTTTGCAG,103M,GTGTCCAATGT,11M,GAGGTGCAGCTGGTGGAGTCTGGGGGAGGCTTGGTAAAGCCAGGGCGGTCCCTGAGACTCTCCTGTACAGCTTCTGGATTCACCTTTGGTGATTATGCTATGAGCTGGTTCCGCCAGGCTCCAGGGAAGGGGCTGGAGTGGGTAGGTTTCATTAGAAGCAAAGCTTATGGTGGGACAACAGAATACGCCGCGTCTGTGAAAGGCAGATTCACCATCTCAAGAGATGATTCAAAAGCATCGCCTATCTGCAAATGAACAGCCTGAAAACCGAGGACACAGCCGTGTATTACTGTACTAGAGA,71M1D230M,GAGGTGCAGCTGGTGGAGTCTGGGGGA...GGCTTGGTAAAGCCAGGGCGGTCCCTGAGACTCTCCTGTACAGCTTCTGGATTCACCTTT............GGTGATTATGCTATGAGCTGGTTCCGCCAGGCTCCAGGGAAGGGGCTGGAGTGGGTAGGTTTCATTAGAAGCAAAGCTTATGGTGGGACAACAGAATACGCCGCGTCTGTGAAA...GGCAGATTCACCATCTCAAGAGATGATT-CAAAAGCATCGCCTATCTGCAAATGAACAGCCTGAAAACCGAGGACACAGCCGTGTATTACTGTACTAGAGA,,CACAGTG,7M,AGGGGAGGTCAATGTGAGCCCAG,23M,ACACAAACC,9M,CTCTGGGAGAGGAGCCCCAGCCGTGAGATTCCCAGGAGTTTCCACTTGGTGATCAGCACTGAACACAGACCACCAACC,78M,,,,,,,,,,,,,,,,,,,,,,,,
PRJNA555323,W-53,W-53,0,IGHV3-53,,IGHV3-53*01,IGHV3-53*01,-,100.0,GAGGTGCAGCTGGTGGAGTCTGGAGGAGGCTTGATCCAGCCTGGGGGGTCCCTGAGACTCTCCTGTGCAGCCTCTGGGTTCACCGTCAGTAGCAACTACATGAGCTGGGTCCGCCAGGCTCCAGGGAAGGGGCTGGAGTGGGTCTCAGTTATTTATAGCGGTGGTAGCACATACTACGCAGACTCCGTGAAGGGCCGATTCACCATCTCCAGAGACAATTCCAAGAACACGCTGTATCTTCAAATGAACAGCCTGAGAGCCGAGGACACGGCCGTGTATTACTGTGCGAGAGA,False,,,,AGAGGAGCCCAGCACTGGGATTCCGAGGTGTTTCCATTCGGTGATCAGCACTGAACACAGAGGACTCACCATGGAGTTTTGGCTGAGCTGGGTTTTCCTTGTTGCTATTTTAAAAGGTGATTCATGGAGAACTAGAGATATTGAGTGTGAGTGAACACGAGTGAGAGAAACAGTGGATATGTGTGGCAGTTTCTAACCAATGTCTCTGTGTTTGCAGGTGTCCAGTGTGAGGTGCAGCTGGTGGAGTCTGGAGGAGGCTTGATCCAGCCTGGGGGGTCCCTGAGACTCTCCTGTGCAGCCTCTGGGTTCACCGTCAGTAGCAACTACATGAGCTGGGTCCGCCAGGCTCCAGGGAAGGGGCTGGAGTGGGTCTCAGTTATTTATAGCGGTGGTAGCACATACTACGCAGACTCCGTGAAGGGCCGATTCACCATCTCCAGAGACAATTCCAAGAACACGCTGTATCTTCAAATGAACAGCCTGAGAGCCGAGGACACGGCCGTGTATTACTGTGCGAGAGACACAGTGAGGGGAAGTCATTGTGCGCCCAGACACAAACC,560M,ATGGAGTTTTGGCTGAGCTGGGTTTTCCTTGTTGCTATTTTAAAAG,46M,GTGATTCATGGAGAACTAGAGATATTGAGTGTGAGTGAACACGAGTGAGAGAAACAGTGGATATGTGTGGCAGTTTCTAACCAATGTCTCTGTGTTTGCAG,101M,GTGTCCAGTGT,11M,GAGGTGCAGCTGGTGGAGTCTGGAGGAGGCTTGATCCAGCCTGGGGGGTCCCTGAGACTCTCCTGTGCAGCCTCTGGGTTCACCGTCAGTAGCAACTACATGAGCTGGGTCCGCCAGGCTCCAGGGAAGGGGCTGGAGTGGGTCTCAGTTATTTATAGCGGTGGTAGCACATACTACGCAGACTCCGTGAAGGGCCGATTCACCATCTCCAGAGACAATTCCAAGAACACGCTGTATCTTCAAATGAACAGCCTGAGAGCCGAGGACACGGCCGTGTATTACTGTGCGAGAGA,293M,GAGGTGCAGCTGGTGGAGTCTGGAGGA...GGCTTGATCCAGCCTGGGGGGTCCCTGAGACTCTCCTGTGCAGCCTCTGGGTTCACCGTC............AGTAGCAACTACATGAGCTGGGTCCGCCAGGCTCCAGGGAAGGGGCTGGAGTGGGTCTCAGTTATTTATAGCGGT.........GGTAGCACATACTACGCAGACTCCGTGAAG...GGCCGATTCACCATCTCCAGAGACAATTCCAAGAACACGCTGTATCTTCAAATGAACAGCCTGAGAGCCGAGGACACGGCCGTGTATTACTGTGCGAGAGA,,CACAGTG,7M,AGGGGAAGTCATTGTGCGCCCAG,23M,ACACAAACC,9M,AGAGGAGCCCAGCACTGGGATTCCGAGGTGTTTCCATTCGGTGATCAGCACTGAACACAGAGGACTCACC,70M,,,,,,,,,,,,,,,,,,,,,,,,
PRJNA555323,W-53,W-53,0,IGHV3-62,,IGHV3-62*03,IGHV3-62*03,-,100.0,GAGGTGCAGCTGGTGGAGTCTGGGGAAGGCTTGGTCCAGCCTGGGGGGTCCCTGAGACTCTCCTGTGCAGCCTCTGGATTCACCTTCAGTAGCTCTGCTATGCACTGGGTCCGCCAGGCTCCAAGAAAGGGTTTGTAGTGGGTCTCAGTTATTAGTACAAGTGGTGATACCGTACTCTACACAGACTCTGTGAAGGGCCGATTCACCATCTCCAGAGACAATGCCCAGAATTCACTGTATCTGCAAATGAACAGCCTGAGAGCCGACGACATGGCTGTGTATTACTGTGTGAAAGA,False,Stop codon in V-REGION before 2nd cysteine,,,GTCGGCGGTGTTTCCATTCCGTGATCAGCACTGAACACAGAGGACTCACCATGGAGTTTGGGCTGAGCTGGGTTTTCCTTGTTGCTATTTTAAGAGGTGATTCATAGATAAATAGAGATGTTGAGTGGGAGTGGACATGAGTGAGAGAAACAGTGGATGTGTGTGGCAGTTTCTGACCTTGGTGTCTTTGTGTTTGCAGGTGTCCAGTGTGAGGTGCAGCTGGTGGAGTCTGGGGAAGGCTTGGTCCAGCCTGGGGGGTCCCTGAGACTCTCCTGTGCAGCCTCTGGATTCACCTTCAGTAGCTCTGCTATGCACTGGGTCCGCCAGGCTCCAAGAAAGGGTTTGTAGTGGGTCTCAGTTATTAGTACAAGTGGTGATACCGTACTCTACACAGACTCTGTGAAGGGCCGATTCACCATCTCCAGAGACAATGCCCAGAATTCACTGTATCTGCAAATGAACAGCCTGAGAGCCGACGACATGGCTGTGTATTACTGTGTGAAAGACGCAGTGAGAAGTCAGTGTGAGCCCAGACACAAACCTC,544M,TGGAGTTTGGGCTGAGCTGGGTTTTCCTTGTTGCTATTTTAAGAGG,46M,TGATTCATAGATAAATAGAGATGTTGAGTGGGAGTGGACATGAGTGAGAGAAACAGTGGATGTGTGTGGCAGTTTCTGACCTTGGTGTCTTTGTGTTTGCAG,102M,GTGTCCAGTGT,11M,GAGGTGCAGCTGGTGGAGTCTGGGGAAGGCTTGGTCCAGCCTGGGGGGTCCCTGAGACTCTCCTGTGCAGCCTCTGGATTCACCTTCAGTAGCTCTGCTATGCACTGGGTCCGCCAGGCTCCAAGAAAGGGTTTGTAGTGGGTCTCAGTTATTAGTACAAGTGGTGATACCGTACTCTACACAGACTCTGTGAAGGGCCGATTCACCATCTCCAGAGACAATGCCCAGAATTCACTGTATCTGCAAATGAACAGCCTGAGAGCCGACGACATGGCTGTGTATTACTGTGTGAAAGA,296M,GAGGTGCAGCTGGTGGAGTCTGGGGAA...GGCTTGGTCCAGCCTGGGGGGTCCCTGAGACTCTCCTGTGCAGCCTCTGGATTCACCTTC............AGTAGCTCTGCTATGCACTGGGTCCGCCAGGCTCCAAGAAAGGGTTTGTAGTGGGTCTCAGTTATTAGTACAAGT......GGTGATACCGTACTCTACACAGACTCTGTGAAG...GGCCGATTCACCATCTCCAGAGACAATGCCCAGAATTCACTGTATCTGCAAATGAACAGCCTGAGAGCCGACGACATGGCTGTGTATTACTGTGTGAAAGA,,CGCAGTG,7M,AGAAGTCAGTGTGAGCCCAGAC,22M,ACAAACCTC,9M,GTCGGCGGTGTTTCCATTCCGTGATCAGCACTGAACACAGAGGACTCACC,50M,,,,,,,,,,,,,,,,,,,,,,,,
PRJNA555323,W-53,W-53,0,IGHV3-64,,IGHV3-64*02,IGHV3-64*02,-,100.0,GAGGTGCAGCTGGTGGAGTCTGGGGAAGGCTTGGTCCAGCCTGGGGGGTCCCTGAGACTCTCCTGTGCAGCCTCTGGATTCACCTTCAGTAGCTATGCTATGCACTGGGTCCGCCAGGCTCCAGGGAAGGGACTGGAATATGTTTCAGCTATTAGTAGTAATGGGGGTAGCACATATTATGCAGACTCTGTGAAGGGCAGATTCACCATCTCCAGAGACAATTCCAAGAACACGCTGTATCTTCAAATGGGCAGCCTGAGAGCTGAGGACATGGCTGTGTATTACTGTGCGAGAGA,False,,,,GCTCTGGGAGAGGAGCCCCCGCCCTGGGATTCCCAGGTGTTTTCATTTGGTGATCAGCACTGAACACAGAAGAGTCATGATGGAGTTTGGGCTGAGCTGGGTTTTCCTTGTTGCTATTTTTAAAGGTGATTCATGAGGAAATAGAGATATTGAGTGTGAGTGGACATGAGTGAGAGAAACAGTGGATTTGTGTGGCAGTTTCTGACCTTGGTGTCTCTGTGTTTGCAGGTGTCCAGTGTGAGGTGCAGCTGGTGGAGTCTGGGGAAGGCTTGGTCCAGCCTGGGGGGTCCCTGAGACTCTCCTGTGCAGCCTCTGGATTCACCTTCAGTAGCTATGCTATGCACTGGGTCCGCCAGGCTCCAGGGAAGGGACTGGAATATGTTTCAGCTATTAGTAGTAATGGGGGTAGCACATATTATGCAGACTCTGTGAAGGGCAGATTCACCATCTCCAGAGACAATTCCAAGAACACGCTGTATCTTCAAATGGGCAGCCTGAGAGCTGAGGACATGGCTGTGTATTACTGTGCGAGAGACACAGTGAGGAGAAGTTAATGTGGGACCATGCAGAAACC,574M,ATGATGGAGTTTGGGCTGAGCTGGGTTTTCCTTGTTGCTATTTTTAAAG,49M,GTGATTCATGAGGAAATAGAGATATTGAGTGTGAGTGGACATGAGTGAGAGAAACAGTGGATTTGTGTGGCAGTTTCTGACCTTGGTGTCTCTGTGTTTGCAG,103M,GTGTCCAGTGT,11M,GAGGTGCAGCTGGTGGAGTCTGGGGAAGGCTTGGTCCAGCCTGGGGGGTCCCTGAGACTCTCCTGTGCAGCCTCTGGATTCACCTTCAGTAGCTATGCTATGCACTGGGTCCGCCAGGCTCCAGGGAAGGGACTGGAATATGTTTCAGCTATTAGTAGTAATGGGGGTAGCACATATTATGCAGACTCTGTGAAGGGCAGATTCACCATCTCCAGAGACAATTCCAAGAACACGCTGTATCTTCAAATGGGCAGCCTGAGAGCTGAGGACATGGCTGTGTATTACTGTGCGAGAGA,296M,GAGGTGCAGCTGGTGGAGTCTGGGGAA...GGCTTGGTCCAGCCTGGGGGGTCCCTGAGACTCTCCTGTGCAGCCTCTGGATTCACCTTC............AGTAGCTATGCTATGCACTGGGTCCGCCAGGCTCCAGGGAAGGGACTGGAATATGTTTCAGCTATTAGTAGTAAT......GGGGGTAGCACATATTATGCAGACTCTGTGAAG...GGCAGATTCACCATCTCCAGAGACAATTCCAAGAACACGCTGTATCTTCAAATGGGCAGCCTGAGAGCTGAGGACATGGCTGTGTATTACTGTGCGAGAGA,,CACAGTG,7M,AGGAGAAGTTAATGTGGGACCAT,23M,GCAGAAACC,9M,GCTCTGGGAGAGGAGCCCCCGCCCTGGGATTCCCAGGTGTTTTCATTTGGTGATCAGCACTGAACACAGAAGAGTC,76M,,,,,,,,,,,,,,,,,,,,,,,,
PRJNA555323,W-53,W-53,2,IGHV1-69,,IGHV1-69*01,IGHV1-69*01,-,100.0,CAGGTGCAGCTGGTGCAGTCTGGGGCTGAGGTGAAGAAGCCTGGGTCCTCGGTGAAGGTCTCCTGCAAGGCTTCTGGAGGCACCTTCAGCAGCTATGCTATCAGCTGGGTGCGACAGGCCCCTGGACAAGGGCTTGAGTGGATGGGAGGGATCATCCCTATCTTTGGTACAGCAAACTACGCACAGAAGTTCCAGGGCAGAGTCACGATTACCGCGGACGAATCCACGAGCACAGCCTACATGGAGCTGAGCAGCCTGAGATCTGAGGACACGGCCGTGTATTACTGTGCGAGAGA,False,,,,ATCACATAACAACCACATTCCTCCTCTAAAGAAGCCCCTGGGAGCACAGCTCATCACCATGGACTGGACCTGGAGGTTCCTCTTTGTGGTGGCAGCAGCTACAGGTAAGGGGCTTCCTAGTCCTAAGGCTGAGGAAGGGATCCTGGTTTAGTTAAAGAGGATTTTATTCACCCCTGTGTCCTCTCCACAGGTGTCCAGTCCCAGGTGCAGCTGGTGCAGTCTGGGGCTGAGGTGAAGAAGCCTGGGTCCTCGGTGAAGGTCTCCTGCAAGGCTTCTGGAGGCACCTTCAGCAGCTATGCTATCAGCTGGGTGCGACAGGCCCCTGGACAAGGGCTTGAGTGGATGGGAGGGATCATCCCTATCTTTGGTACAGCAAACTACGCACAGAAGTTCCAGGGCAGAGTCACGATTACCGCGGACGAATCCACGAGCACAGCCTACATGGAGCTGAGCAGCCTGAGATCTGAGGACACGGCCGTGTATTACTGTGCGAGAGACACAGTGTGAAAACCCACATCCTGAGAGTGTCAGAAACC,536M,ATGGACTGGACCTGGAGGTTCCTCTTTGTGGTGGCAGCAGCTACAG,46M,GTAAGGGGCTTCCTAGTCCTAAGGCTGAGGAAGGGATCCTGGTTTAGTTAAAGAGGATTTTATTCACCCCTGTGTCCTCTCCACAG,86M,GTGTCCAGTCC,11M,CAGGTGCAGCTGGTGCAGTCTGGGGCTGAGGTGAAGAAGCCTGGGTCCTCGGTGAAGGTCTCCTGCAAGGCTTCTGGAGGCACCTTCAGCAGCTATGCTATCAGCTGGGTGCGACAGGCCCCTGGACAAGGGCTTGAGTGGATGGGAGGGATCATCCCTATCTTTGGTACAGCAAACTACGCACAGAAGTTCCAGGGCAGAGTCACGATTACCGCGGACGAATCCACGAGCACAGCCTACATGGAGCTGAGCAGCCTGAGATCTGAGGACACGGCCGTGTATTACTGTGCGAGAGA,296M,CAGGTGCAGCTGGTGCAGTCTGGGGCT...GAGGTGAAGAAGCCTGGGTCCTCGGTGAAGGTCTCCTGCAAGGCTTCTGGAGGCACCTTC............AGCAGCTATGCTATCAGCTGGGTGCGACAGGCCCCTGGACAAGGGCTTGAGTGGATGGGAGGGATCATCCCTATC......TTTGGTACAGCAAACTACGCACAGAAGTTCCAG...GGCAGAGTCACGATTACCGCGGACGAATCCACGAGCACAGCCTACATGGAGCTGAGCAGCCTGAGATCTGAGGACACGGCCGTGTATTACTGTGCGAGAGA,,CACAGTG,7M,TGAAAACCCACATCCTGAGAGTG,23M,TCAGAAACC,9M,ATCACATAACAACCACATTCCTCCTCTAAAGAAGCCCCTGGGAGCACAGCTCATCACC,58M,,,,,,,,,,,,,,,,,,,,,,,,
PRJNA555323,W-53,W-53,1,IGHV1-69,,IGHV1-69*17,IGHV1-69*17,-,100.0,CAGGTGCAGCTGGTGCAGTCTGGGGCTGAGGTGAAGAAGCCTGGGTCCTCGGTGAAGGTCTCCTGCAAGGCTTCTGGAGGCACCTTCAGCAGCTATGCTATCAGCTGGGTGCGACAGGCCCCTGGACAAGGGCTTGAGTGGATGGGAGGGATCATCCCTATCTTTGGTATAGCAAACTACGCACAGAAGTTCCAGGGCAGAGTCACGATTACCGCGGACAAATCCACGAGCACAGCCTACATGGAGCTGAGCAGCCTGAGATCTGAGGACACGGCCGTGTATTACTGTGCGAGAGA,False,,,,ATCACATAACAACCACATTCCTCCTCTGAAGAAGCCCCTGGGAGCACAGCTCATCACCATGGACTGGACCTGGAGGTTCCTCTTTGTGGTGGCAGCAGCTACAGGTAAGGGGCTTCCTAGTCCTAAGGCTGAGGAAGGGATCCTGGTTTAGTTAAAGAGGATTTTATTCACCCCTGTGTCCTCTCCACAGGTGTCCAGTCCCAGGTGCAGCTGGTGCAGTCTGGGGCTGAGGTGAAGAAGCCTGGGTCCTCGGTGAAGGTCTCCTGCAAGGCTTCTGGAGGCACCTTCAGCAGCTATGCTATCAGCTGGGTGCGACAGGCCCCTGGACAAGGGCTTGAGTGGATGGGAGGGATCATCCCTATCTTTGGTATAGCAAACTACGCACAGAAGTTCCAGGGCAGAGTCACGATTACCGCGGACAAATCCACGAGCACAGCCTACATGGAGCTGAGCAGCCTGAGATCTGAGGACACGGCCGTGTATTACTGTGCGAGAGACACAGTGTGAAAACCCACATCCTGAGAGTGTCAGAAACC,536M,ATGGACTGGACCTGGAGGTTCCTCTTTGTGGTGGCAGCAGCTACAG,46M,GTAAGGGGCTTCCTAGTCCTAAGGCTGAGGAAGGGATCCTGGTTTAGTTAAAGAGGATTTTATTCACCCCTGTGTCCTCTCCACAG,86M,GTGTCCAGTCC,11M,CAGGTGCAGCTGGTGCAGTCTGGGGCTGAGGTGAAGAAGCCTGGGTCCTCGGTGAAGGTCTCCTGCAAGGCTTCTGGAGGCACCTTCAGCAGCTATGCTATCAGCTGGGTGCGACAGGCCCCTGGACAAGGGCTTGAGTGGATGGGAGGGATCATCCCTATCTTTGGTATAGCAAACTACGCACAGAAGTTCCAGGGCAGAGTCACGATTACCGCGGACAAATCCACGAGCACAGCCTACATGGAGCTGAGCAGCCTGAGATCTGAGGACACGGCCGTGTATTACTGTGCGAGAGA,296M,CAGGTGCAGCTGGTGCAGTCTGGGGCT...GAGGTGAAGAAGCCTGGGTCCTCGGTGAAGGTCTCCTGCAAGGCTTCTGGAGGCACCTTC............AGCAGCTATGCTATCAGCTGGGTGCGACAGGCCCCTGGACAAGGGCTTGAGTGGATGGGAGGGATCATCCCTATC......TTTGGTATAGCAAACTACGCACAGAAGTTCCAG...GGCAGAGTCACGATTACCGCGGACAAATCCACGAGCACAGCCTACATGGAGCTGAGCAGCCTGAGATCTGAGGACACGGCCGTGTATTACTGTGCGAGAGA,,CACAGTG,7M,TGAAAACCCACATCCTGAGAGTG,23M,TCAGAAACC,9M,ATCACATAACAACCACATTCCTCCTCTGAAGAAGCCCCTGGGAGCACAGCTCATCACC,58M,,,,,,,,,,,,,,,,,,,,,,,,
PRJNA555323,W-53,W-53,0,IGHV2-70D,,IGHV2-70D*04,IGHV2-70D*04,-,100.0,CAGGTCACCTTGAAGGAGTCTGGTCCTGCGCTGGTGAAACCCACACAGACCCTCACACTGACCTGCACCTTCTCTGGGTTCTCACTCAGCACTAGTGGAATGCGTGTGAGCTGGATCCGTCAGCCCCCAGGGAAGGCCCTGGAGTGGCTTGCACGCATTGATTGGGATGATGATAAATTCTACAGCACATCTCTGAAGACCAGGCTCACCATCTCCAAGGACACCTCCAAAAACCAGGTGGTCCTTACAATGACCAACATGGACCCTGTGGACACAGCCACGTATTACTGTGCACGGATAC,False,,,,AATCCTGCTCTCCACCATGGACATACTTTGTTCCACGCTCCTGCTACTGACTGTCCCGTCCTGTGAGTGCTGTGGTCAGGTAGTACTTCAGAAGCAAAAAATCTATTCTCTCCTTTGTGGGCTTCATCTTCTTATGTCTTCTCCACAGGGGTCTTATCCCAGGTCACCTTGAAGGAGTCTGGTCCTGCGCTGGTGAAACCCACACAGACCCTCACACTGACCTGCACCTTCTCTGGGTTCTCACTCAGCACTAGTGGAATGCGTGTGAGCTGGATCCGTCAGCCCCCAGGGAAGGCCCTGGAGTGGCTTGCACGCATTGATTGGGATGATGATAAATTCTACAGCACATCTCTGAAGACCAGGCTCACCATCTCCAAGGACACCTCCAAAAACCAGGTGGTCCTTACAATGACCAACATGGACCCTGTGGACACAGCCACGTATTACTGTGCACGGATACCACAGAGACACAGCCCAGGGCGCCTCCTGTACAAGAACC,499M,ATGGACATACTTTGTTCCACGCTCCTGCTACTGACTGTCCCGTCCT,46M,GTGAGTGCTGTGGTCAGGTAGTACTTCAGAAGCAAAAAATCTATTCTCTCCTTTGTGGGCTTCATCTTCTTATGTCTTCTCCACAG,86M,GGGTCTTATCC,11M,CAGGTCACCTTGAAGGAGTCTGGTCCTGCGCTGGTGAAACCCACACAGACCCTCACACTGACCTGCACCTTCTCTGGGTTCTCACTCAGCACTAGTGGAATGCGTGTGAGCTGGATCCGTCAGCCCCCAGGGAAGGCCCTGGAGTGGCTTGCACGCATTGATTGGGATGATGATAAATTCTACAGCACATCTCTGAAGACCAGGCTCACCATCTCCAAGGACACCTCCAAAAACCAGGTGGTCCTTACAATGACCAACATGGACCCTGTGGACACAGCCACGTATTACTGTGCACGGATAC,301M,CAGGTCACCTTGAAGGAGTCTGGTCCT...GCGCTGGTGAAACCCACACAGACCCTCACACTGACCTGCACCTTCTCTGGGTTCTCACTCAGC......ACTAGTGGAATGCGTGTGAGCTGGATCCGTCAGCCCCCAGGGAAGGCCCTGGAGTGGCTTGCACGCATTGATTGGGAT.........GATGATAAATTCTACAGCACATCTCTGAAG...ACCAGGCTCACCATCTCCAAGGACACCTCCAAAAACCAGGTGGTCCTTACAATGACCAACATGGACCCTGTGGACACAGCCACGTATTACTGTGCACGGATAC,,CACAGAG,7M,ACACAGCCCAGGGCGCCTCCTGT,23M,ACAAGAACC,9M,AATCCTGCTCTCCACC,16M,,,,,,,,,,,,,,,,,,,,,,,,
PRJNA555323,W-53,W-53,0,IGHV1-69-2,,IGHV1-69-2*01,IGHV1-69-2*01,-,100.0,GAGGTCCAGCTGGTACAGTCTGGGGCTGAGGTGAAGAAGCCTGGGGCTACAGTGAAAATCTCCTGCAAGGTTTCTGGATACACCTTCACCGACTACTACATGCACTGGGTGCAACAGGCCCCTGGAAAAGGGCTTGAGTGGATGGGACTTGTTGATCCTGAAGATGGTGAAACAATATACGCAGAGAAGTTCCAGGGCAGAGTCACCATAACCGCGGACACGTCTACAGACACAGCCTACATGGAGCTGAGCAGCCTGAGATCTGAGGACACGGCCGTGTATTACTGTGCAACAGA,False,,,,TCACACAACAGCCACATCCCTCCCCTACAGAAGCCCCCAGAGAGCAGCACCTCACCATGGACTGCACCTGGAGGATCCTCCTCTTGGTGGCAGCAGCTACAGGTAAGAGAATCCTTAGTTCCAGGGCTGATGAGGGGACTGGGTCCAGTTAAGTGGTGTCTCATCCACTCCTTTCTCTTCTCCACAGGCACCCACGCCGAGGTCCAGCTGGTACAGTCTGGGGCTGAGGTGAAGAAGCCTGGGGCTACAGTGAAAATCTCCTGCAAGGTTTCTGGATACACCTTCACCGACTACTACATGCACTGGGTGCAACAGGCCCCTGGAAAAGGGCTTGAGTGGATGGGACTTGTTGATCCTGAAGATGGTGAAACAATATACGCAGAGAAGTTCCAGGGCAGAGTCACCATAACCGCGGACACGTCTACAGACACAGCCTACATGGAGCTGAGCAGCCTGAGATCTGAGGACACGGCCGTGTATTACTGTGCAACAGACACAGTGTGAAAACCCACATGCTGAGAGTGTCAGAAAC,532M,TGGACTGCACCTGGAGGATCCTCCTCTTGGTGGCAGCAGCTACAGG,46M,TAAGAGAATCCTTAGTTCCAGGGCTGATGAGGGGACTGGGTCCAGTTAAGTGGTGTCTCATCCACTCCTTTCTCTTCTCCACAG,84M,GCACCCACGCC,11M,GAGGTCCAGCTGGTACAGTCTGGGGCTGAGGTGAAGAAGCCTGGGGCTACAGTGAAAATCTCCTGCAAGGTTTCTGGATACACCTTCACCGACTACTACATGCACTGGGTGCAACAGGCCCCTGGAAAAGGGCTTGAGTGGATGGGACTTGTTGATCCTGAAGATGGTGAAACAATATACGCAGAGAAGTTCCAGGGCAGAGTCACCATAACCGCGGACACGTCTACAGACACAGCCTACATGGAGCTGAGCAGCCTGAGATCTGAGGACACGGCCGTGTATTACTGTGCAACAGA,296M,GAGGTCCAGCTGGTACAGTCTGGGGCT...GAGGTGAAGAAGCCTGGGGCTACAGTGAAAATCTCCTGCAAGGTTTCTGGATACACCTTC............ACCGACTACTACATGCACTGGGTGCAACAGGCCCCTGGAAAAGGGCTTGAGTGGATGGGACTTGTTGATCCTGAA......GATGGTGAAACAATATACGCAGAGAAGTTCCAG...GGCAGAGTCACCATAACCGCGGACACGTCTACAGACACAGCCTACATGGAGCTGAGCAGCCTGAGATCTGAGGACACGGCCGTGTATTACTGTGCAACAGA,,CACAGTG,7M,TGAAAACCCACATGCTGAGAGT,22M,GTCAGAAAC,9M,TCACACAACAGCCACATCCCTCCCCTACAGAAGCCCCCAGAGAGCAGCACCTCACCA,57M,,,,,,,,,,,,,,,,,,,,,,,,
PRJNA555323,W-53,W-53,0,IGHV1-69D,,IGHV1-69D*01,IGHV1-69D*01,-,100.0,CAGGTGCAGCTGGTGCAGTCTGGGGCTGAGGTGAAGAAGCCTGGGTCCTCGGTGAAGGTCTCCTGCAAGGCTTCTGGAGGCACCTTCAGCAGCTATGCTATCAGCTGGGTGCGACAGGCCCCTGGACAAGGGCTTGAGTGGATGGGAGGGATCATCCCTATCTTTGGTACAGCAAACTACGCACAGAAGTTCCAGGGCAGAGTCACGATTACCGCGGACGAATCCACGAGCACAGCCTACATGGAGCTGAGCAGCCTGAGATCTGAGGACACGGCCGTGTATTACTGTGCGAGAGA,False,,,,ATCACATAACAACCACATTCCTCCTCTAAAGAAGCCCCTGGGAGCACAGCTCATCACCATGGACTGGACCTGGAGGTTCCTCTTTGTGGTGGCAGCAGCTACAGGTAAGGGGCTTCCTAGTCCTAAGGCTGAGGAAGGGATCCTGGTTTAGTTAAAGAGGATTTTATTCACCCCTGTGTCCTCTCCACAGGTGTCCAGTCCCAGGTGCAGCTGGTGCAGTCTGGGGCTGAGGTGAAGAAGCCTGGGTCCTCGGTGAAGGTCTCCTGCAAGGCTTCTGGAGGCACCTTCAGCAGCTATGCTATCAGCTGGGTGCGACAGGCCCCTGGACAAGGGCTTGAGTGGATGGGAGGGATCATCCCTATCTTTGGTACAGCAAACTACGCACAGAAGTTCCAGGGCAGAGTCACGATTACCGCGGACGAATCCACGAGCACAGCCTACATGGAGCTGAGCAGCCTGAGATCTGAGGACACGGCCGTGTATTACTGTGCGAGAGACACAGTGTGAAAACCCACATCCTGAGAGTGTCAGAAACC,536M,ATGGACTGGACCTGGAGGTTCCTCTTTGTGGTGGCAGCAGCTACAG,46M,GTAAGGGGCTTCCTAGTCCTAAGGCTGAGGAAGGGATCCTGGTTTAGTTAAAGAGGATTTTATTCACCCCTGTGTCCTCTCCACAG,86M,GTGTCCAGTCC,11M,CAGGTGCAGCTGGTGCAGTCTGGGGCTGAGGTGAAGAAGCCTGGGTCCTCGGTGAAGGTCTCCTGCAAGGCTTCTGGAGGCACCTTCAGCAGCTATGCTATCAGCTGGGTGCGACAGGCCCCTGGACAAGGGCTTGAGTGGATGGGAGGGATCATCCCTATCTTTGGTACAGCAAACTACGCACAGAAGTTCCAGGGCAGAGTCACGATTACCGCGGACGAATCCACGAGCACAGCCTACATGGAGCTGAGCAGCCTGAGATCTGAGGACACGGCCGTGTATTACTGTGCGAGAGA,296M,CAGGTGCAGCTGGTGCAGTCTGGGGCT...GAGGTGAAGAAGCCTGGGTCCTCGGTGAAGGTCTCCTGCAAGGCTTCTGGAGGCACCTTC............AGCAGCTATGCTATCAGCTGGGTGCGACAGGCCCCTGGACAAGGGCTTGAGTGGATGGGAGGGATCATCCCTATC......TTTGGTACAGCAAACTACGCACAGAAGTTCCAG...GGCAGAGTCACGATTACCGCGGACGAATCCACGAGCACAGCCTACATGGAGCTGAGCAGCCTGAGATCTGAGGACACGGCCGTGTATTACTGTGCGAGAGA,,CACAGTG,7M,TGAAAACCCACATCCTGAGAGTG,23M,TCAGAAACC,9M,ATCACATAACAACCACATTCCTCCTCTAAAGAAGCCCCTGGGAGCACAGCTCATCACC,58M,,,,,,,,,,,,,,,,,,,,,,,,
PRJNA555323,W-53,W-53,0,IGHV2-70,,IGHV2-70*01,IGHV2-70*01,-,100.0,CAGGTCACCTTGAGGGAGTCTGGTCCTGCGCTGGTGAAACCCACACAGACCCTCACACTGACCTGCACCTTCTCTGGGTTCTCACTCAGCACTAGTGGAATGTGTGTGAGCTGGATCCGTCAGCCCCCAGGGAAGGCCCTGGAGTGGCTTGCACTCATTGATTGGGATGATGATAAATACTACAGCACATCTCTGAAGACCAGGCTCACCATCTCCAAGGACACCTCCAAAAACCAGGTGGTCCTTACAATGACCAACATGGACCCTGTGGACACAGCCACGTATTACTGTGCACGGATAC,False,,,,AATCCTGCTCTCCACCATGGACATACTTTGTTCCACGCTCCTGCTACTGACTGTCCCGTCCTGTGAGTGCTGTGGTCAGGTAGTACTTCAGAAGCAAAAAATCTATTCTCTCCTTTGTGGGCTTCATCTTCTTATGTCTTCTCCACAGGGGTCTTATCCCAGGTCACCTTGAGGGAGTCTGGTCCTGCGCTGGTGAAACCCACACAGACCCTCACACTGACCTGCACCTTCTCTGGGTTCTCACTCAGCACTAGTGGAATGTGTGTGAGCTGGATCCGTCAGCCCCCAGGGAAGGCCCTGGAGTGGCTTGCACTCATTGATTGGGATGATGATAAATACTACAGCACATCTCTGAAGACCAGGCTCACCATCTCCAAGGACACCTCCAAAAACCAGGTGGTCCTTACAATGACCAACATGGACCCTGTGGACACAGCCACGTATTACTGTGCACGGATACCACAGAGACACAGCCCAGGGCGCCTCCTGTACAAGAACC,499M,ATGGACATACTTTGTTCCACGCTCCTGCTACTGACTGTCCCGTCCT,46M,GTGAGTGCTGTGGTCAGGTAGTACTTCAGAAGCAAAAAATCTATTCTCTCCTTTGTGGGCTTCATCTTCTTATGTCTTCTCCACAG,86M,GGGTCTTATCC,11M,CAGGTCACCTTGAGGGAGTCTGGTCCTGCGCTGGTGAAACCCACACAGACCCTCACACTGACCTGCACCTTCTCTGGGTTCTCACTCAGCACTAGTGGAATGTGTGTGAGCTGGATCCGTCAGCCCCCAGGGAAGGCCCTGGAGTGGCTTGCACTCATTGATTGGGATGATGATAAATACTACAGCACATCTCTGAAGACCAGGCTCACCATCTCCAAGGACACCTCCAAAAACCAGGTGGTCCTTACAATGACCAACATGGACCCTGTGGACACAGCCACGTATTACTGTGCACGGATAC,301M,CAGGTCACCTTGAGGGAGTCTGGTCCT...GCGCTGGTGAAACCCACACAGACCCTCACACTGACCTGCACCTTCTCTGGGTTCTCACTCAGC......ACTAGTGGAATGTGTGTGAGCTGGATCCGTCAGCCCCCAGGGAAGGCCCTGGAGTGGCTTGCACTCATTGATTGGGAT.........GATGATAAATACTACAGCACATCTCTGAAG...ACCAGGCTCACCATCTCCAAGGACACCTCCAAAAACCAGGTGGTCCTTACAATGACCAACATGGACCCTGTGGACACAGCCACGTATTACTGTGCACGGATAC,,CACAGAG,7M,ACACAGCCCAGGGCGCCTCCTGT,23M,ACAAGAACC,9M,AATCCTGCTCTCCACC,16M,,,,,,,,,,,,,,,,,,,,,,,,
PRJNA555323,W-53,W-53,0,IGHV1-8,,IGHV1-8*01,IGHV1-8*01,-,100.0,CAGGTGCAGCTGGTGCAGTCTGGGGCTGAGGTGAAGAAGCCTGGGGCCTCAGTGAAGGTCTCCTGCAAGGCTTCTGGATACACCTTCACCAGTTATGATATCAACTGGGTGCGACAGGCCACTGGACAAGGGCTTGAGTGGATGGGATGGATGAACCCTAACAGTGGTAACACAGGCTATGCACAGAAGTTCCAGGGCAGAGTCACCATGACCAGGAACACCTCCATAAGCACAGCCTACATGGAGCTGAGCAGCCTGAGATCTGAGGACACGGCCGTGTATTACTGTGCGAGAGG,False,,,,CTCAACAACCACATCTGTCCTCTAGAGAAAACCCTGTGAGCACAGCTCCTCACCATGGACTGGACCTGGAGGATCCTCTTCTTGGTGGCAGCAGCTACAAGTAAGGGGCTTCCTAGTCTCAAAGCTGAGGAACGGATCCTGGTTCAGTCAAAGAGGATTTTATTCTCTCCTGTGTTCTCTCCACAGGTGCCCACTCCCAGGTGCAGCTGGTGCAGTCTGGGGCTGAGGTGAAGAAGCCTGGGGCCTCAGTGAAGGTCTCCTGCAAGGCTTCTGGATACACCTTCACCAGTTATGATATCAACTGGGTGCGACAGGCCACTGGACAAGGGCTTGAGTGGATGGGATGGATGAACCCTAACAGTGGTAACACAGGCTATGCACAGAAGTTCCAGGGCAGAGTCACCATGACCAGGAACACCTCCATAAGCACAGCCTACATGGAGCTGAGCAGCCTGAGATCTGAGGACACGGCCGTGTATTACTGTGCGAGAGGCACAGTGTGAAAAACCACATCCTCAGAGAGTCAGAAAC,531M,TGGACTGGACCTGGAGGATCCTCTTCTTGGTGGCAGCAGCTACAAG,46M,TAAGGGGCTTCCTAGTCTCAAAGCTGAGGAACGGATCCTGGTTCAGTCAAAGAGGATTTTATTCTCTCCTGTGTTCTCTCCACAG,85M,GTGCCCACTCC,11M,CAGGTGCAGCTGGTGCAGTCTGGGGCTGAGGTGAAGAAGCCTGGGGCCTCAGTGAAGGTCTCCTGCAAGGCTTCTGGATACACCTTCACCAGTTATGATATCAACTGGGTGCGACAGGCCACTGGACAAGGGCTTGAGTGGATGGGATGGATGAACCCTAACAGTGGTAACACAGGCTATGCACAGAAGTTCCAGGGCAGAGTCACCATGACCAGGAACACCTCCATAAGCACAGCCTACATGGAGCTGAGCAGCCTGAGATCTGAGGACACGGCCGTGTATTACTGTGCGAGAGG,296M,CAGGTGCAGCTGGTGCAGTCTGGGGCT...GAGGTGAAGAAGCCTGGGGCCTCAGTGAAGGTCTCCTGCAAGGCTTCTGGATACACCTTC............ACCAGTTATGATATCAACTGGGTGCGACAGGCCACTGGACAAGGGCTTGAGTGGATGGGATGGATGAACCCTAAC......AGTGGTAACACAGGCTATGCACAGAAGTTCCAG...GGCAGAGTCACCATGACCAGGAACACCTCCATAAGCACAGCCTACATGGAGCTGAGCAGCCTGAGATCTGAGGACACGGCCGTGTATTACTGTGCGAGAGG,,CACAGTG,7M,TGAAAAACCACATCCTCAGAGA,22M,GTCAGAAAC,9M,CTCAACAACCACATCTGTCCTCTAGAGAAAACCCTGTGAGCACAGCTCCTCACCA,55M,,,,,,,,,,,,,,,,,,,,,,,,
