sample_name,project,subject,sample,haplotype,genotyper_gene,genotyper_allele,vdjbase_allele,closest_imgt_allele,imgt_allele_match,closest_imgt_seq,ref_extension,notes,exon_reads,exon_min_score,gene_sequence,gene_sequence_CIGAR,L-PART1,L-PART1_CIGAR,V-INTRON,V-INTRON_CIGAR,L-PART2,L-PART2_CIGAR,V-REGION,V-REGION_CIGAR,V-REGION-GAPPED,V-REGION-GAPPED_CIGAR,V-HEPTAMER,V-HEPTAMER_CIGAR,V-SPACER,V-SPACER_CIGAR,V-NONAMER,V-NONAMER_CIGAR,V-UTR,V-UTR_CIGAR,D-5_NONAMER,D-5_NONAMER_CIGAR,D-5_SPACER,D-5_SPACER_CIGAR,D-5_HEPTAMER,D-5_HEPTAMER_CIGAR,D-REGION,D-REGION_CIGAR,D-3_HEPTAMER,D-3_HEPTAMER_CIGAR,D-3_SPACER,D-3_SPACER_CIGAR,D-3_NONAMER,D-3_NONAMER_CIGAR,J-NONAMER,J-NONAMER_CIGAR,J-SPACER,J-SPACER_CIGAR,J-HEPTAMER,J-HEPTAMER_CIGAR,J-REGION,J-REGION_CIGAR
W-127,PRJNA555323,W-127,1,1,IGHV6-1,,IGHV6-1*01,IGHV6-1*01,100.0,CAGGTACAGCTGCAGCAGTCAGGTCCAGGACTGGTGAAGCCCTCGCAGACCCTCTCACTCACCTGTGCCATCTCCGGGGACAGTGTCTCTAGCAACAGTGCTGCTTGGAACTGGATCAGGCAGTCCCCATCGAGAGGCCTTGAGTGGCTGGGAAGGACATACTACAGGTCCAAGTGGTATAATGATTATGCAGTATCTGTGAAAAGTCGAATAACCATCAACCCAGACACATCCAAGAACCAGTTCTCCCTGCAGCTGAACTCTGTGACTCCCGAGGACACGGCTGTGTATTACTGTGCAAGAGA,False,,,,AGAGCCTGCTGAATTCTGGCTGACCAGGGCAGTCACCAGAGCTCCAGACAATGTCTGTCTCCTTCCTCATCTTCCTGCCCGTGCTGGGCCTCCCATGGGGTCAGTGTCAGGGAGATGCCGTATTCACAGCAGCATTCACAGACTGAGGGGTGTTTCACTTTGCTGTTTCCTTTTGTCTCCAGGTGTCCTGTCACAGGTACAGCTGCAGCAGTCAGGTCCAGGACTGGTGAAGCCCTCGCAGACCCTCTCACTCACCTGTGCCATCTCCGGGGACAGTGTCTCTAGCAACAGTGCTGCTTGGAACTGGATCAGGCAGTCCCCATCGAGAGGCCTTGAGTGGCTGGGAAGGACATACTACAGGTCCAAGTGGTATAATGATTATGCAGTATCTGTGAAAAGTCGAATAACCATCAACCCAGACACATCCAAGAACCAGTTCTCCCTGCAGCTGAACTCTGTGACTCCCGAGGACACGGCTGTGTATTACTGTGCAAGAGACACAGTGAGGGGAAGTCAGTGTGAGCCCAGACACAAACC,537M,ATGTCTGTCTCCTTCCTCATCTTCCTGCCCGTGCTGGGCCTCCCATGGG,49M,GTCAGTGTCAGGGAGATGCCGTATTCACAGCAGCATTCACAGACTGAGGGGTGTTTCACTTTGCTGTTTCCTTTTGTCTCCAG,83M,CACAGTGAGGG,11M,CAGGTACAGCTGCAGCAGTCAGGTCCAGGACTGGTGAAGCCCTCGCAGACCCTCTCACTCACCTGTGCCATCTCCGGGGACAGTGTCTCTAGCAACAGTGCTGCTTGGAACTGGATCAGGCAGTCCCCATCGAGAGGCCTTGAGTGGCTGGGAAGGACATACTACAGGTCCAAGTGGTATAATGATTATGCAGTATCTGTGAAAAGTCGAATAACCATCAACCCAGACACATCCAAGAACCAGTTCTCCCTGCAGCTGAACTCTGTGACTCCCGAGGACACGGCTGTGTATTACTGTGCAAGAGA,305M,CAGGTACAGCTGCAGCAGTCAGGTCCA...GGACTGGTGAAGCCCTCGCAGACCCTCTCACTCACCTGTGCCATCTCCGGGGACAGTGTCTCT......AGCAACAGTGCTGCTTGGAACTGGATCAGGCAGTCCCCATCGAGAGGCCTTGAGTGGCTGGGAAGGACATACTACAGGTCC...AAGTGGTATAATGATTATGCAGTATCTGTGAAA...AGTCGAATAACCATCAACCCAGACACATCCAAGAACCAGTTCTCCCTGCAGCTGAACTCTGTGACTCCCGAGGACACGGCTGTGTATTACTGTGCAAGAGA,,CACAGTG,7M,AGGGGAAGTCAGTGTGAGCCCAG,23M,ACACAAACC,9M,AGAGCCTGCTGAATTCTGGCTGACCAGGGCAGTCACCAGAGCTCCAGACA,50M,,,,,,,,,,,,,,,,,,,,,,
W-127,PRJNA555323,W-127,1,2,IGHV6-1,,IGHV6-1*01,IGHV6-1*01,100.0,CAGGTACAGCTGCAGCAGTCAGGTCCAGGACTGGTGAAGCCCTCGCAGACCCTCTCACTCACCTGTGCCATCTCCGGGGACAGTGTCTCTAGCAACAGTGCTGCTTGGAACTGGATCAGGCAGTCCCCATCGAGAGGCCTTGAGTGGCTGGGAAGGACATACTACAGGTCCAAGTGGTATAATGATTATGCAGTATCTGTGAAAAGTCGAATAACCATCAACCCAGACACATCCAAGAACCAGTTCTCCCTGCAGCTGAACTCTGTGACTCCCGAGGACACGGCTGTGTATTACTGTGCAAGAGA,False,,,,AGAGCCTGCTGAATTCTGGCTGACCAGGGCAGTCACCAGAGCTCCAGACAATGTCTGTCTCCTTCCTCATCTTCCTGCCCGTGCTGGGCCTCCCATGGGGTCAGTGTCAGGGAGATGCCGTATTCACAGCAGCATTCACAGACTGAGGGGTGTTTCACTTTGCTGTTTCCTTTTGTCTCCAGGTGTCCTGTCACAGGTACAGCTGCAGCAGTCAGGTCCAGGACTGGTGAAGCCCTCGCAGACCCTCTCACTCACCTGTGCCATCTCCGGGGACAGTGTCTCTAGCAACAGTGCTGCTTGGAACTGGATCAGGCAGTCCCCATCGAGAGGCCTTGAGTGGCTGGGAAGGACATACTACAGGTCCAAGTGGTATAATGATTATGCAGTATCTGTGAAAAGTCGAATAACCATCAACCCAGACACATCCAAGAACCAGTTCTCCCTGCAGCTGAACTCTGTGACTCCCGAGGACACGGCTGTGTATTACTGTGCAAGAGACACAGTGAGGGGAAGTCAGTGTGAGCCCAGACACAAACC,537M,ATGTCTGTCTCCTTCCTCATCTTCCTGCCCGTGCTGGGCCTCCCATGGG,49M,GTCAGTGTCAGGGAGATGCCGTATTCACAGCAGCATTCACAGACTGAGGGGTGTTTCACTTTGCTGTTTCCTTTTGTCTCCAG,83M,CACAGTGAGGG,11M,CAGGTACAGCTGCAGCAGTCAGGTCCAGGACTGGTGAAGCCCTCGCAGACCCTCTCACTCACCTGTGCCATCTCCGGGGACAGTGTCTCTAGCAACAGTGCTGCTTGGAACTGGATCAGGCAGTCCCCATCGAGAGGCCTTGAGTGGCTGGGAAGGACATACTACAGGTCCAAGTGGTATAATGATTATGCAGTATCTGTGAAAAGTCGAATAACCATCAACCCAGACACATCCAAGAACCAGTTCTCCCTGCAGCTGAACTCTGTGACTCCCGAGGACACGGCTGTGTATTACTGTGCAAGAGA,305M,CAGGTACAGCTGCAGCAGTCAGGTCCA...GGACTGGTGAAGCCCTCGCAGACCCTCTCACTCACCTGTGCCATCTCCGGGGACAGTGTCTCT......AGCAACAGTGCTGCTTGGAACTGGATCAGGCAGTCCCCATCGAGAGGCCTTGAGTGGCTGGGAAGGACATACTACAGGTCC...AAGTGGTATAATGATTATGCAGTATCTGTGAAA...AGTCGAATAACCATCAACCCAGACACATCCAAGAACCAGTTCTCCCTGCAGCTGAACTCTGTGACTCCCGAGGACACGGCTGTGTATTACTGTGCAAGAGA,,CACAGTG,7M,AGGGGAAGTCAGTGTGAGCCCAG,23M,ACACAAACC,9M,AGAGCCTGCTGAATTCTGGCTGACCAGGGCAGTCACCAGAGCTCCAGACA,50M,,,,,,,,,,,,,,,,,,,,,,
W-127,PRJNA555323,W-127,1,0,IGHV1-2,,IGHV1-2*02,IGHV1-2*02,100.0,CAGGTGCAGCTGGTGCAGTCTGGGGCTGAGGTGAAGAAGCCTGGGGCCTCAGTGAAGGTCTCCTGCAAGGCTTCTGGATACACCTTCACCGGCTACTATATGCACTGGGTGCGACAGGCCCCTGGACAAGGGCTTGAGTGGATGGGATGGATCAACCCTAACAGTGGTGGCACAAACTATGCACAGAAGTTTCAGGGCAGGGTCACCATGACCAGGGACACGTCCATCAGCACAGCCTACATGGAGCTGAGCAGGCTGAGATCTGACGACACGGCCGTGTATTACTGTGCGAGAGA,False,,,,AGCATCACCCAGCAACCACATCTGTCCTCTAGAGAATCCCCTGAGAGCTCCGTTCCTCACCATGGACTGGACCTGGAGGATCCTCTTCTTGGTGGCAGCAGCCACAGGTAAGAGGCTCCCTAGTCCCAGTGATGAGAAAGAGATTGAGTCCAGTCCAGGGAGATCTCATCCACTTCTGTGTTCTCTCCACAGGAGCCCACTCCCAGGTGCAGCTGGTGCAGTCTGGGGCTGAGGTGAAGAAGCCTGGGGCCTCAGTGAAGGTCTCCTGCAAGGCTTCTGGATACACCTTCACCGGCTACTATATGCACTGGGTGCGACAGGCCCCTGGACAAGGGCTTGAGTGGATGGGATGGATCAACCCTAACAGTGGTGGCACAAACTATGCACAGAAGTTTCAGGGCAGGGTCACCATGACCAGGGACACGTCCATCAGCACAGCCTACATGGAGCTGAGCAGGCTGAGATCTGACGACACGGCCGTGTATTACTGTGCGAGAGACACAGTGTGAAAACCCACATCCTGAGGGTGTCAGAAACC,538M,ATGGACTGGACCTGGAGGATCCTCTTCTTGGTGGCAGCAGCCACAG,46M,GTAAGAGGCTCCCTAGTCCCAGTGATGAGAAAGAGATTGAGTCCAGTCCAGGGAGATCTCATCCACTTCTGTGTTCTCTCCACAG,85M,CACAGTGTGAA,11M,CAGGTGCAGCTGGTGCAGTCTGGGGCTGAGGTGAAGAAGCCTGGGGCCTCAGTGAAGGTCTCCTGCAAGGCTTCTGGATACACCTTCACCGGCTACTATATGCACTGGGTGCGACAGGCCCCTGGACAAGGGCTTGAGTGGATGGGATGGATCAACCCTAACAGTGGTGGCACAAACTATGCACAGAAGTTTCAGGGCAGGGTCACCATGACCAGGGACACGTCCATCAGCACAGCCTACATGGAGCTGAGCAGGCTGAGATCTGACGACACGGCCGTGTATTACTGTGCGAGAGA,296M,CAGGTGCAGCTGGTGCAGTCTGGGGCT...GAGGTGAAGAAGCCTGGGGCCTCAGTGAAGGTCTCCTGCAAGGCTTCTGGATACACCTTC............ACCGGCTACTATATGCACTGGGTGCGACAGGCCCCTGGACAAGGGCTTGAGTGGATGGGATGGATCAACCCTAAC......AGTGGTGGCACAAACTATGCACAGAAGTTTCAG...GGCAGGGTCACCATGACCAGGGACACGTCCATCAGCACAGCCTACATGGAGCTGAGCAGGCTGAGATCTGACGACACGGCCGTGTATTACTGTGCGAGAGA,,CACAGTG,7M,TGAAAACCCACATCCTGAGGGTG,23M,TCAGAAACC,9M,AGCATCACCCAGCAACCACATCTGTCCTCTAGAGAATCCCCTGAGAGCTCCGTTCCTCACC,61M,,,,,,,,,,,,,,,,,,,,,,
W-127,PRJNA555323,W-127,1,0,IGHV2-5,,IGHV2-5*01,IGHV2-5*01,100.0,CAGATCACCTTGAAGGAGTCTGGTCCTACGCTGGTGAAACCCACACAGACCCTCACGCTGACCTGCACCTTCTCTGGGTTCTCACTCAGCACTAGTGGAGTGGGTGTGGGCTGGATCCGTCAGCCCCCAGGAAAGGCCCTGGAGTGGCTTGCACTCATTTATTGGAATGATGATAAGCGCTACAGCCCATCTCTGAAGAGCAGGCTCACCATCACCAAGGACACCTCCAAAAACCAGGTGGTCCTTACAATGACCAACATGGACCCTGTGGACACAGCCACATATTACTGTGCACACAGAC,False,,,,ACTCCTGTGCCCCACCATGGACACACTTTGCTCCACGCTCCTGCTGCTGACCATCCCTTCATGTGAGTGCTGTGGTCAGGGACTCCTTCACGGGTGAAACATCAGTTTTCTTGTTTGTGGGCTTCATCTTCTTATGCTTTCTCCACAGGGGTCTTGTCCCAGATCACCTTGAAGGAGTCTGGTCCTACGCTGGTGAAACCCACACAGACCCTCACGCTGACCTGCACCTTCTCTGGGTTCTCACTCAGCACTAGTGGAGTGGGTGTGGGCTGGATCCGTCAGCCCCCAGGAAAGGCCCTGGAGTGGCTTGCACTCATTTATTGGAATGATGATAAGCGCTACAGCCCATCTCTGAAGAGCAGGCTCACCATCACCAAGGACACCTCCAAAAACCAGGTGGTCCTTACAATGACCAACATGGACCCTGTGGACACAGCCACATATTACTGTGCACACAGACCACAAAGACACAGCCCAGGGCACCTCCTGTACAAAAACC,499M,ATGGACACACTTTGCTCCACGCTCCTGCTGCTGACCATCCCTTCAT,46M,GTGAGTGCTGTGGTCAGGGACTCCTTCACGGGTGAAACATCAGTTTTCTTGTTTGTGGGCTTCATCTTCTTATGCTTTCTCCACAG,86M,CACAAAGACAC,11M,CAGATCACCTTGAAGGAGTCTGGTCCTACGCTGGTGAAACCCACACAGACCCTCACGCTGACCTGCACCTTCTCTGGGTTCTCACTCAGCACTAGTGGAGTGGGTGTGGGCTGGATCCGTCAGCCCCCAGGAAAGGCCCTGGAGTGGCTTGCACTCATTTATTGGAATGATGATAAGCGCTACAGCCCATCTCTGAAGAGCAGGCTCACCATCACCAAGGACACCTCCAAAAACCAGGTGGTCCTTACAATGACCAACATGGACCCTGTGGACACAGCCACATATTACTGTGCACACAGAC,301M,CAGATCACCTTGAAGGAGTCTGGTCCT...ACGCTGGTGAAACCCACACAGACCCTCACGCTGACCTGCACCTTCTCTGGGTTCTCACTCAGC......ACTAGTGGAGTGGGTGTGGGCTGGATCCGTCAGCCCCCAGGAAAGGCCCTGGAGTGGCTTGCACTCATTTATTGGAAT.........GATGATAAGCGCTACAGCCCATCTCTGAAG...AGCAGGCTCACCATCACCAAGGACACCTCCAAAAACCAGGTGGTCCTTACAATGACCAACATGGACCCTGTGGACACAGCCACATATTACTGTGCACACAGAC,,CACAAAG,7M,ACACAGCCCAGGGCACCTCCTGT,23M,ACAAAAACC,9M,ACTCCTGTGCCCCACC,16M,,,,,,,,,,,,,,,,,,,,,,
W-127,PRJNA555323,W-127,1,0,IGHV2-5,,IGHV2-5*01_c133-,IGHV2-5*01,56.33,CAGATCACCTTGAAGGAGTCTGGTCCTACGCTGGTGAAACCCACACAGACCCTCACGCTGACCTGCACCTTCTCTGGGTTCTCACTCAGCACTAGTGGAGTGGGTGTGGGCTGGATCCGTCAGCCCCCAGGAAAGGCCCTGGAGTGGCTTGCACTCATTTATTGGAATGATGATAAGCGCTACAGCCCATCTCTGAAGAGCAGGCTCACCATCACCAAGGACACCTCCAAAAACCAGGTGGTCCTTACAATGACCAACATGGACCCTGTGGACACAGCCACATATTACTGTGCACACAGAC,False,"length mismatch in V-INTRON: seq 84 vs co-ords 86 - likely indel\nlength mismatch in L-PART1: seq 45 vs co-ords 46 - likely indel\nlength mismatch in V-REGION: seq 300 vs co-ords 301 - likely indel\nStop codon in V-REGION before 2nd cysteine, Second cysteine not found",,,ACTCCTGTGCCCCACCATGGACACACTTTGCTCCACGCTCCTGCTGCTGACCATCCTTCATGTGAGTGCTGTGTCAGGGACTCCTTCACGGTGAAACATCAGTTTTCTTGTTTGTGGGCTTCATCTTCTTATGCTTTCTCCACAGGGGTCTTGTCCCAGATCACCTTGAAGGAGTCTGGTCCTACGCTGGTGAAACCCACACAGACCCTCACGCTGACCTGCACCTTCTCTGGGTTCTCACTCAGCACTAGTGGAGTGGGTGTGGGCTGGATCCGTCAGCCCCAGGAAAGGCCCTGGAGTGGCTTGCACTCATTTATTGGAATGATGATAAGCGCTACAGCCCATCTCTGAAGAGCAGGCTCACCATCACCAAGGACACCTCCAAAAACCAGGTGGTCCTTACAATGACCAACATGGACCCTGTGGACACAGCCACATATTACTGTGCACACAGACCACAAAGACACAGCCCAGGGCACCTCCTGTACAAAAACC,56M1D17M1D18M1D192M1D212M,ATGGACACACTTTGCTCCACGCTCCTGCTGCTGACCATCCTTCAT,40M1D5M,GTGAGTGCTGTGTCAGGGACTCCTTCACGGTGAAACATCAGTTTTCTTGTTTGTGGGCTTCATCTTCTTATGCTTTCTCCACAG,12M1D18M1D54M,CACAAAGACAC,11M,CAGATCACCTTGAAGGAGTCTGGTCCTACGCTGGTGAAACCCACACAGACCCTCACGCTGACCTGCACCTTCTCTGGGTTCTCACTCAGCACTAGTGGAGTGGGTGTGGGCTGGATCCGTCAGCCCCAGGAAAGGCCCTGGAGTGGCTTGCACTCATTTATTGGAATGATGATAAGCGCTACAGCCCATCTCTGAAGAGCAGGCTCACCATCACCAAGGACACCTCCAAAAACCAGGTGGTCCTTACAATGACCAACATGGACCCTGTGGACACAGCCACATATTACTGTGCACACAGAC,127M1D173M,CAGATCACCTTGAAGGAGTCTGGTCCT...ACGCTGGTGAAACCCACACAGACCCTCACGCTGACCTGCACCTTCTCTGGGTTCTCACTCAGC......ACTAGTGGAGTGGGTGTGGGCTGGATCCGTCAG-CCCCAGGAAAGGCCCTGGAGTGGCTTGCACTCATTTATTGGAAT.........GATGATAAGCGCTACAGCCCATCTCTGAAG...AGCAGGCTCACCATCACCAAGGACACCTCCAAAAACCAGGTGGTCCTTACAATGACCAACATGGACCCTGTGGACACAGCCACATATTACTGTGCACACAGAC,,CACAAAG,7M,ACACAGCCCAGGGCACCTCCTGT,23M,ACAAAAACC,9M,ACTCCTGTGCCCCACC,16M,,,,,,,,,,,,,,,,,,,,,,
W-127,PRJNA555323,W-127,1,0,IGHV3-7,,IGHV3-7*01,IGHV3-7*01,100.0,GAGGTGCAGCTGGTGGAGTCTGGGGGAGGCTTGGTCCAGCCTGGGGGGTCCCTGAGACTCTCCTGTGCAGCCTCTGGATTCACCTTTAGTAGCTATTGGATGAGCTGGGTCCGCCAGGCTCCAGGGAAGGGGCTGGAGTGGGTGGCCAACATAAAGCAAGATGGAAGTGAGAAATACTATGTGGACTCTGTGAAGGGCCGATTCACCATCTCCAGAGACAACGCCAAGAACTCACTGTATCTGCAAATGAACAGCCTGAGAGCCGAGGACACGGCTGTGTATTACTGTGCGAGAGA,False,,,,TCTCAGAGAGGAGCCTTAGCCCTGGACTCCAAGGCCTTTCCACTTGGTGATCAGCACTGAGCACAGAGGACTCACCATGGAATTGGGGCTGAGCTGGGTTTTCCTTGTTGCTATTTTAGAAGGTGATTCATGGAAAACTAGGAAGATTGAGTGTGTGTGGATATGAGTGTGAGAAACAGTGGATTTGTGTGGCAGTTTCTGACCTTGGTGTCTCTTTGTTTGCAGGTGTCCAGTGTGAGGTGCAGCTGGTGGAGTCTGGGGGAGGCTTGGTCCAGCCTGGGGGGTCCCTGAGACTCTCCTGTGCAGCCTCTGGATTCACCTTTAGTAGCTATTGGATGAGCTGGGTCCGCCAGGCTCCAGGGAAGGGGCTGGAGTGGGTGGCCAACATAAAGCAAGATGGAAGTGAGAAATACTATGTGGACTCTGTGAAGGGCCGATTCACCATCTCCAGAGACAACGCCAAGAACTCACTGTATCTGCAAATGAACAGCCTGAGAGCCGAGGACACGGCTGTGTATTACTGTGCGAGAGACACAGTGAGGGGAAGTCAGTGTGAGCCCAGACACAAACC,571M,ATGGAATTGGGGCTGAGCTGGGTTTTCCTTGTTGCTATTTTAGAAG,46M,GTGATTCATGGAAAACTAGGAAGATTGAGTGTGTGTGGATATGAGTGTGAGAAACAGTGGATTTGTGTGGCAGTTTCTGACCTTGGTGTCTCTTTGTTTGCAG,103M,CACAGTGAGGG,11M,GAGGTGCAGCTGGTGGAGTCTGGGGGAGGCTTGGTCCAGCCTGGGGGGTCCCTGAGACTCTCCTGTGCAGCCTCTGGATTCACCTTTAGTAGCTATTGGATGAGCTGGGTCCGCCAGGCTCCAGGGAAGGGGCTGGAGTGGGTGGCCAACATAAAGCAAGATGGAAGTGAGAAATACTATGTGGACTCTGTGAAGGGCCGATTCACCATCTCCAGAGACAACGCCAAGAACTCACTGTATCTGCAAATGAACAGCCTGAGAGCCGAGGACACGGCTGTGTATTACTGTGCGAGAGA,296M,GAGGTGCAGCTGGTGGAGTCTGGGGGA...GGCTTGGTCCAGCCTGGGGGGTCCCTGAGACTCTCCTGTGCAGCCTCTGGATTCACCTTT............AGTAGCTATTGGATGAGCTGGGTCCGCCAGGCTCCAGGGAAGGGGCTGGAGTGGGTGGCCAACATAAAGCAAGAT......GGAAGTGAGAAATACTATGTGGACTCTGTGAAG...GGCCGATTCACCATCTCCAGAGACAACGCCAAGAACTCACTGTATCTGCAAATGAACAGCCTGAGAGCCGAGGACACGGCTGTGTATTACTGTGCGAGAGA,,CACAGTG,7M,AGGGGAAGTCAGTGTGAGCCCAG,23M,ACACAAACC,9M,TCTCAGAGAGGAGCCTTAGCCCTGGACTCCAAGGCCTTTCCACTTGGTGATCAGCACTGAGCACAGAGGACTCACC,76M,,,,,,,,,,,,,,,,,,,,,,
W-127,PRJNA555323,W-127,1,0,IGHV3-13,,IGHV3-13*01,IGHV3-13*01,100.0,GAGGTGCAGCTGGTGGAGTCTGGGGGAGGCTTGGTACAGCCTGGGGGGTCCCTGAGACTCTCCTGTGCAGCCTCTGGATTCACCTTCAGTAGCTACGACATGCACTGGGTCCGCCAAGCTACAGGAAAAGGTCTGGAGTGGGTCTCAGCTATTGGTACTGCTGGTGACACATACTATCCAGGCTCCGTGAAGGGCCGATTCACCATCTCCAGAGAAAATGCCAAGAACTCCTTGTATCTTCAAATGAACAGCCTGAGAGCCGGGGACACGGCTGTGTATTACTGTGCAAGAGA,False,,,,AGCTCTGGGAGTGGAGCCCCAGCCTTGGGATTCCCAAGTGTTTGTATTCAGTGATCAGGACTGAACACACAGGACTCACCATGGAGTTGGGGCTGAGCTGGGTTTTCCTTGTTGCTATATTAGAAGGTGATTCATGGAGAACTAGAGATATTGAGTGTGAATGGGCATGAATGAGAGAAACAGTGGGTATGTGTGGCAATTTCTGACTTTTGTGTCTCTGTGTTTGCAGGTGTCCAGTGTGAGGTGCAGCTGGTGGAGTCTGGGGGAGGCTTGGTACAGCCTGGGGGGTCCCTGAGACTCTCCTGTGCAGCCTCTGGATTCACCTTCAGTAGCTACGACATGCACTGGGTCCGCCAAGCTACAGGAAAAGGTCTGGAGTGGGTCTCAGCTATTGGTACTGCTGGTGACACATACTATCCAGGCTCCGTGAAGGGCCGATTCACCATCTCCAGAGAAAATGCCAAGAACTCCTTGTATCTTCAAATGAACAGCCTGAGAGCCGGGGACACGGCTGTGTATTACTGTGCAAGAGACACAGTGAGGGGAAGTCAGTATGAGCCCAGACACAAACC,572M,ATGGAGTTGGGGCTGAGCTGGGTTTTCCTTGTTGCTATATTAGAAG,46M,GTGATTCATGGAGAACTAGAGATATTGAGTGTGAATGGGCATGAATGAGAGAAACAGTGGGTATGTGTGGCAATTTCTGACTTTTGTGTCTCTGTGTTTGCAG,103M,CACAGTGAGGG,11M,GAGGTGCAGCTGGTGGAGTCTGGGGGAGGCTTGGTACAGCCTGGGGGGTCCCTGAGACTCTCCTGTGCAGCCTCTGGATTCACCTTCAGTAGCTACGACATGCACTGGGTCCGCCAAGCTACAGGAAAAGGTCTGGAGTGGGTCTCAGCTATTGGTACTGCTGGTGACACATACTATCCAGGCTCCGTGAAGGGCCGATTCACCATCTCCAGAGAAAATGCCAAGAACTCCTTGTATCTTCAAATGAACAGCCTGAGAGCCGGGGACACGGCTGTGTATTACTGTGCAAGAGA,293M,GAGGTGCAGCTGGTGGAGTCTGGGGGA...GGCTTGGTACAGCCTGGGGGGTCCCTGAGACTCTCCTGTGCAGCCTCTGGATTCACCTTC............AGTAGCTACGACATGCACTGGGTCCGCCAAGCTACAGGAAAAGGTCTGGAGTGGGTCTCAGCTATTGGTACTGCT.........GGTGACACATACTATCCAGGCTCCGTGAAG...GGCCGATTCACCATCTCCAGAGAAAATGCCAAGAACTCCTTGTATCTTCAAATGAACAGCCTGAGAGCCGGGGACACGGCTGTGTATTACTGTGCAAGAGA,,CACAGTG,7M,AGGGGAAGTCAGTATGAGCCCAG,23M,ACACAAACC,9M,AGCTCTGGGAGTGGAGCCCCAGCCTTGGGATTCCCAAGTGTTTGTATTCAGTGATCAGGACTGAACACACAGGACTCACC,80M,,,,,,,,,,,,,,,,,,,,,,
W-127,PRJNA555323,W-127,1,0,IGHV3-13,,IGHV3-13*01,IGHV3-13*01,100.0,GAGGTGCAGCTGGTGGAGTCTGGGGGAGGCTTGGTACAGCCTGGGGGGTCCCTGAGACTCTCCTGTGCAGCCTCTGGATTCACCTTCAGTAGCTACGACATGCACTGGGTCCGCCAAGCTACAGGAAAAGGTCTGGAGTGGGTCTCAGCTATTGGTACTGCTGGTGACACATACTATCCAGGCTCCGTGAAGGGCCGATTCACCATCTCCAGAGAAAATGCCAAGAACTCCTTGTATCTTCAAATGAACAGCCTGAGAGCCGGGGACACGGCTGTGTATTACTGTGCAAGAGA,False,length mismatch in V-NONAMER: seq 8 vs co-ords 9 - likely indel\nNonamer does not match,,,AGCTCTGGGAGTGGAGCCCCAGCCTTGGGATTCCCAAGTGTTTGTATTCAGTGATCAGGACTGAACACACAGGACTCACCATGGAGTTGGGGCTGAGCTGGGTTTTCCTTGTTGCTATATTAGAAGGTGATTCATGGAGAACTAGAGATATTGAGTGTGAATGGGCATGAATGAGAGAAACAGTGGGTATGTGTGGCAATTTCTGACTTTTGTGTCTCTGTGTTTGCAGGTGTCCAGTGTGAGGTGCAGCTGGTGGAGTCTGGGGGAGGCTTGGTACAGCCTGGGGGGTCCCTGAGACTCTCCTGTGCAGCCTCTGGATTCACCTTCAGTAGCTACGACATGCACTGGGTCCGCCAAGCTACAGGAAAAGGTCTGGAGTGGGTCTCAGCTATTGGTACTGCTGGTGACACATACTATCCAGGCTCCGTGAAGGGCCGATTCACCATCTCCAGAGAAAATGCCAAGAACTCCTTGTATCTTCAAATGAACAGCCTGAGAGCCGGGGACACGGCTGTGTATTACTGTGCAAGAGACACAGTGAGGGGAAGTCAGTATGAGCCCAGACACAAAC,571M1D,ATGGAGTTGGGGCTGAGCTGGGTTTTCCTTGTTGCTATATTAGAAG,46M,GTGATTCATGGAGAACTAGAGATATTGAGTGTGAATGGGCATGAATGAGAGAAACAGTGGGTATGTGTGGCAATTTCTGACTTTTGTGTCTCTGTGTTTGCAG,103M,CACAGTGAGGG,11M,GAGGTGCAGCTGGTGGAGTCTGGGGGAGGCTTGGTACAGCCTGGGGGGTCCCTGAGACTCTCCTGTGCAGCCTCTGGATTCACCTTCAGTAGCTACGACATGCACTGGGTCCGCCAAGCTACAGGAAAAGGTCTGGAGTGGGTCTCAGCTATTGGTACTGCTGGTGACACATACTATCCAGGCTCCGTGAAGGGCCGATTCACCATCTCCAGAGAAAATGCCAAGAACTCCTTGTATCTTCAAATGAACAGCCTGAGAGCCGGGGACACGGCTGTGTATTACTGTGCAAGAGA,293M,GAGGTGCAGCTGGTGGAGTCTGGGGGA...GGCTTGGTACAGCCTGGGGGGTCCCTGAGACTCTCCTGTGCAGCCTCTGGATTCACCTTC............AGTAGCTACGACATGCACTGGGTCCGCCAAGCTACAGGAAAAGGTCTGGAGTGGGTCTCAGCTATTGGTACTGCT.........GGTGACACATACTATCCAGGCTCCGTGAAG...GGCCGATTCACCATCTCCAGAGAAAATGCCAAGAACTCCTTGTATCTTCAAATGAACAGCCTGAGAGCCGGGGACACGGCTGTGTATTACTGTGCAAGAGA,,CACAGTG,7M,AGGGGAAGTCAGTATGAGCCCAG,23M,ACACAAAC,8M1D,AGCTCTGGGAGTGGAGCCCCAGCCTTGGGATTCCCAAGTGTTTGTATTCAGTGATCAGGACTGAACACACAGGACTCACC,80M,,,,,,,,,,,,,,,,,,,,,,
W-127,PRJNA555323,W-127,1,1,IGHV3-16,,IGHV3-16*02,IGHV3-16*02,100.0,GAGGTGCAGCTGGTGGAGTCTGGGGGAGGCTTGGTACAGCCTGGGGGGTCCCTGAGACTCTCCTGTGCAGCCTCTGGATTCACCTTCAGTAACAGTGACATGAACTGGGCCCGCAAGGCTCCAGGAAAGGGGCTGGAGTGGGTATCGGGTGTTAGTTGGAATGGCAGTAGGACGCACTATGTGGACTCCGTGAAGCGCCGATTCATCATCTCCAGAGACAATTCCAGGAACTCCCTGTATCTGCAAAAGAACAGACGGAGAGCCGAGGACATGGCTGTGTATTACTGTGTGAGAAA,False,,,,AGCCCTGGGAGAGAAGCCCCAGCCCTGGGATTCTCAGGTGTTTCTATTGGGTCAACAGCAATAAACAAATTACCATGGAATTTGGGCTGAGCTGGGTTTTTCTTGCTGGTATTTTAAAAGGTGATTCATGGAGAACTAAGGATATTGAGTGAGTGGACATGAGTGAGAGAAACAGTGGATATGTGTGGCAGTTTCTGACCAGGGTGTCTCTGTGTTTGCAGGTGTCCAGTGTGAGGTGCAGCTGGTGGAGTCTGGGGGAGGCTTGGTACAGCCTGGGGGGTCCCTGAGACTCTCCTGTGCAGCCTCTGGATTCACCTTCAGTAACAGTGACATGAACTGGGCCCGCAAGGCTCCAGGAAAGGGGCTGGAGTGGGTATCGGGTGTTAGTTGGAATGGCAGTAGGACGCACTATGTGGACTCCGTGAAGCGCCGATTCATCATCTCCAGAGACAATTCCAGGAACTCCCTGTATCTGCAAAAGAACAGACGGAGAGCCGAGGACATGGCTGTGTATTACTGTGTGAGAAATCCTGTGAGGGGACACAAGTGCGAGCCCAGACACAAACC,567M,ATGGAATTTGGGCTGAGCTGGGTTTTTCTTGCTGGTATTTTAAAAG,46M,GTGATTCATGGAGAACTAAGGATATTGAGTGAGTGGACATGAGTGAGAGAAACAGTGGATATGTGTGGCAGTTTCTGACCAGGGTGTCTCTGTGTTTGCAG,101M,TCCTGTGAGGG,11M,GAGGTGCAGCTGGTGGAGTCTGGGGGAGGCTTGGTACAGCCTGGGGGGTCCCTGAGACTCTCCTGTGCAGCCTCTGGATTCACCTTCAGTAACAGTGACATGAACTGGGCCCGCAAGGCTCCAGGAAAGGGGCTGGAGTGGGTATCGGGTGTTAGTTGGAATGGCAGTAGGACGCACTATGTGGACTCCGTGAAGCGCCGATTCATCATCTCCAGAGACAATTCCAGGAACTCCCTGTATCTGCAAAAGAACAGACGGAGAGCCGAGGACATGGCTGTGTATTACTGTGTGAGAAA,296M,GAGGTGCAGCTGGTGGAGTCTGGGGGA...GGCTTGGTACAGCCTGGGGGGTCCCTGAGACTCTCCTGTGCAGCCTCTGGATTCACCTTC............AGTAACAGTGACATGAACTGGGCCCGCAAGGCTCCAGGAAAGGGGCTGGAGTGGGTATCGGGTGTTAGTTGGAAT......GGCAGTAGGACGCACTATGTGGACTCCGTGAAG...CGCCGATTCATCATCTCCAGAGACAATTCCAGGAACTCCCTGTATCTGCAAAAGAACAGACGGAGAGCCGAGGACATGGCTGTGTATTACTGTGTGAGAAA,,TCCTGTG,7M,AGGGGACACAAGTGCGAGCCCAG,23M,ACACAAACC,9M,AGCCCTGGGAGAGAAGCCCCAGCCCTGGGATTCTCAGGTGTTTCTATTGGGTCAACAGCAATAAACAAATTACC,74M,,,,,,,,,,,,,,,,,,,,,,
W-127,PRJNA555323,W-127,1,2,IGHV3-16,,IGHV3-16*02,IGHV3-16*02,100.0,GAGGTGCAGCTGGTGGAGTCTGGGGGAGGCTTGGTACAGCCTGGGGGGTCCCTGAGACTCTCCTGTGCAGCCTCTGGATTCACCTTCAGTAACAGTGACATGAACTGGGCCCGCAAGGCTCCAGGAAAGGGGCTGGAGTGGGTATCGGGTGTTAGTTGGAATGGCAGTAGGACGCACTATGTGGACTCCGTGAAGCGCCGATTCATCATCTCCAGAGACAATTCCAGGAACTCCCTGTATCTGCAAAAGAACAGACGGAGAGCCGAGGACATGGCTGTGTATTACTGTGTGAGAAA,False,,,,AGCCCTGGGAGAGAAGCCCCAGCCCTGGGATTCTCAGGTGTTTCTATTGGGTCAACAGCAATAAACAAATTACCATGGAATTTGGGCTGAGCTGGGTTTTTCTTGCTGGTATTTTAAAAGGTGATTCATGGAGAACTAAGGATATTGAGTGAGTGGACATGAGTGAGAGAAACAGTGGATATGTGTGGCAGTTTCTGACCAGGGTGTCTCTGTGTTTGCAGGTGTCCAGTGTGAGGTGCAGCTGGTGGAGTCTGGGGGAGGCTTGGTACAGCCTGGGGGGTCCCTGAGACTCTCCTGTGCAGCCTCTGGATTCACCTTCAGTAACAGTGACATGAACTGGGCCCGCAAGGCTCCAGGAAAGGGGCTGGAGTGGGTATCGGGTGTTAGTTGGAATGGCAGTAGGACGCACTATGTGGACTCCGTGAAGCGCCGATTCATCATCTCCAGAGACAATTCCAGGAACTCCCTGTATCTGCAAAAGAACAGACGGAGAGCCGAGGACATGGCTGTGTATTACTGTGTGAGAAATCCTGTGAGGGGACACAAGTGCGAGCCCAGACACAAACC,567M,ATGGAATTTGGGCTGAGCTGGGTTTTTCTTGCTGGTATTTTAAAAG,46M,GTGATTCATGGAGAACTAAGGATATTGAGTGAGTGGACATGAGTGAGAGAAACAGTGGATATGTGTGGCAGTTTCTGACCAGGGTGTCTCTGTGTTTGCAG,101M,TCCTGTGAGGG,11M,GAGGTGCAGCTGGTGGAGTCTGGGGGAGGCTTGGTACAGCCTGGGGGGTCCCTGAGACTCTCCTGTGCAGCCTCTGGATTCACCTTCAGTAACAGTGACATGAACTGGGCCCGCAAGGCTCCAGGAAAGGGGCTGGAGTGGGTATCGGGTGTTAGTTGGAATGGCAGTAGGACGCACTATGTGGACTCCGTGAAGCGCCGATTCATCATCTCCAGAGACAATTCCAGGAACTCCCTGTATCTGCAAAAGAACAGACGGAGAGCCGAGGACATGGCTGTGTATTACTGTGTGAGAAA,296M,GAGGTGCAGCTGGTGGAGTCTGGGGGA...GGCTTGGTACAGCCTGGGGGGTCCCTGAGACTCTCCTGTGCAGCCTCTGGATTCACCTTC............AGTAACAGTGACATGAACTGGGCCCGCAAGGCTCCAGGAAAGGGGCTGGAGTGGGTATCGGGTGTTAGTTGGAAT......GGCAGTAGGACGCACTATGTGGACTCCGTGAAG...CGCCGATTCATCATCTCCAGAGACAATTCCAGGAACTCCCTGTATCTGCAAAAGAACAGACGGAGAGCCGAGGACATGGCTGTGTATTACTGTGTGAGAAA,,TCCTGTG,7M,AGGGGACACAAGTGCGAGCCCAG,23M,ACACAAACC,9M,AGCCCTGGGAGAGAAGCCCCAGCCCTGGGATTCTCAGGTGTTTCTATTGGGTCAACAGCAATAAACAAATTACC,74M,,,,,,,,,,,,,,,,,,,,,,
W-127,PRJNA555323,W-127,1,1,IGHV1-18,,IGHV1-18*01,IGHV1-18*01,100.0,CAGGTTCAGCTGGTGCAGTCTGGAGCTGAGGTGAAGAAGCCTGGGGCCTCAGTGAAGGTCTCCTGCAAGGCTTCTGGTTACACCTTTACCAGCTATGGTATCAGCTGGGTGCGACAGGCCCCTGGACAAGGGCTTGAGTGGATGGGATGGATCAGCGCTTACAATGGTAACACAAACTATGCACAGAAGCTCCAGGGCAGAGTCACCATGACCACAGACACATCCACGAGCACAGCCTACATGGAGCTGAGGAGCCTGAGATCTGACGACACGGCCGTGTATTACTGTGCGAGAGA,False,,,,ACCCAAAAACCACACCCCTCCTTGGGAGAATCCCCTAGATCACAGCTCCTCACCATGGACTGGACCTGGAGCATCCTTTTCTTGGTGGCAGCAGCAACAGGTAACGGACTCCCCAGTCCCAGGGCTGAGAGAGAAACCAGGCCAGTCATGTGAGACTTCACCCACTCCTGTGTCCTCTCCACAGGTGCCCACTCCCAGGTTCAGCTGGTGCAGTCTGGAGCTGAGGTGAAGAAGCCTGGGGCCTCAGTGAAGGTCTCCTGCAAGGCTTCTGGTTACACCTTTACCAGCTATGGTATCAGCTGGGTGCGACAGGCCCCTGGACAAGGGCTTGAGTGGATGGGATGGATCAGCGCTTACAATGGTAACACAAACTATGCACAGAAGCTCCAGGGCAGAGTCACCATGACCACAGACACATCCACGAGCACAGCCTACATGGAGCTGAGGAGCCTGAGATCTGACGACACGGCCGTGTATTACTGTGCGAGAGACACAGTGTGAAAACCCACATCCTGAGGGTTTCAGAAACC,530M,ATGGACTGGACCTGGAGCATCCTTTTCTTGGTGGCAGCAGCAACAG,46M,GTAACGGACTCCCCAGTCCCAGGGCTGAGAGAGAAACCAGGCCAGTCATGTGAGACTTCACCCACTCCTGTGTCCTCTCCACAG,84M,CACAGTGTGAA,11M,CAGGTTCAGCTGGTGCAGTCTGGAGCTGAGGTGAAGAAGCCTGGGGCCTCAGTGAAGGTCTCCTGCAAGGCTTCTGGTTACACCTTTACCAGCTATGGTATCAGCTGGGTGCGACAGGCCCCTGGACAAGGGCTTGAGTGGATGGGATGGATCAGCGCTTACAATGGTAACACAAACTATGCACAGAAGCTCCAGGGCAGAGTCACCATGACCACAGACACATCCACGAGCACAGCCTACATGGAGCTGAGGAGCCTGAGATCTGACGACACGGCCGTGTATTACTGTGCGAGAGA,296M,CAGGTTCAGCTGGTGCAGTCTGGAGCT...GAGGTGAAGAAGCCTGGGGCCTCAGTGAAGGTCTCCTGCAAGGCTTCTGGTTACACCTTT............ACCAGCTATGGTATCAGCTGGGTGCGACAGGCCCCTGGACAAGGGCTTGAGTGGATGGGATGGATCAGCGCTTAC......AATGGTAACACAAACTATGCACAGAAGCTCCAG...GGCAGAGTCACCATGACCACAGACACATCCACGAGCACAGCCTACATGGAGCTGAGGAGCCTGAGATCTGACGACACGGCCGTGTATTACTGTGCGAGAGA,,CACAGTG,7M,TGAAAACCCACATCCTGAGGGTT,23M,TCAGAAACC,9M,ACCCAAAAACCACACCCCTCCTTGGGAGAATCCCCTAGATCACAGCTCCTCACC,54M,,,,,,,,,,,,,,,,,,,,,,
W-127,PRJNA555323,W-127,1,2,IGHV1-18,,IGHV1-18*04,IGHV1-18*04,100.0,CAGGTTCAGCTGGTGCAGTCTGGAGCTGAGGTGAAGAAGCCTGGGGCCTCAGTGAAGGTCTCCTGCAAGGCTTCTGGTTACACCTTTACCAGCTACGGTATCAGCTGGGTGCGACAGGCCCCTGGACAAGGGCTTGAGTGGATGGGATGGATCAGCGCTTACAATGGTAACACAAACTATGCACAGAAGCTCCAGGGCAGAGTCACCATGACCACAGACACATCCACGAGCACAGCCTACATGGAGCTGAGGAGCCTGAGATCTGACGACACGGCCGTGTATTACTGTGCGAGAGA,False,,,,ACCCAAAAACCACACCCCTCCTTGGGAGAATCCCCTAGATCACAGCTCCTCACCATGGACTGGACCTGGAGCATCCTTTTCTTGGTGGCAGCAGCAACAGGTAACGGACTCCCCAGTCCCAGGGCTGAGAGAGAAACCAGGCCAGTCATGTGAGACTTCACCCACTCCTGTGTCCTCTCCACAGGTGCCCACTCCCAGGTTCAGCTGGTGCAGTCTGGAGCTGAGGTGAAGAAGCCTGGGGCCTCAGTGAAGGTCTCCTGCAAGGCTTCTGGTTACACCTTTACCAGCTACGGTATCAGCTGGGTGCGACAGGCCCCTGGACAAGGGCTTGAGTGGATGGGATGGATCAGCGCTTACAATGGTAACACAAACTATGCACAGAAGCTCCAGGGCAGAGTCACCATGACCACAGACACATCCACGAGCACAGCCTACATGGAGCTGAGGAGCCTGAGATCTGACGACACGGCCGTGTATTACTGTGCGAGAGACACAGTGTGAAAACCCACATCCTGAGGGTTTCAGAAACC,530M,ATGGACTGGACCTGGAGCATCCTTTTCTTGGTGGCAGCAGCAACAG,46M,GTAACGGACTCCCCAGTCCCAGGGCTGAGAGAGAAACCAGGCCAGTCATGTGAGACTTCACCCACTCCTGTGTCCTCTCCACAG,84M,CACAGTGTGAA,11M,CAGGTTCAGCTGGTGCAGTCTGGAGCTGAGGTGAAGAAGCCTGGGGCCTCAGTGAAGGTCTCCTGCAAGGCTTCTGGTTACACCTTTACCAGCTACGGTATCAGCTGGGTGCGACAGGCCCCTGGACAAGGGCTTGAGTGGATGGGATGGATCAGCGCTTACAATGGTAACACAAACTATGCACAGAAGCTCCAGGGCAGAGTCACCATGACCACAGACACATCCACGAGCACAGCCTACATGGAGCTGAGGAGCCTGAGATCTGACGACACGGCCGTGTATTACTGTGCGAGAGA,296M,CAGGTTCAGCTGGTGCAGTCTGGAGCT...GAGGTGAAGAAGCCTGGGGCCTCAGTGAAGGTCTCCTGCAAGGCTTCTGGTTACACCTTT............ACCAGCTACGGTATCAGCTGGGTGCGACAGGCCCCTGGACAAGGGCTTGAGTGGATGGGATGGATCAGCGCTTAC......AATGGTAACACAAACTATGCACAGAAGCTCCAG...GGCAGAGTCACCATGACCACAGACACATCCACGAGCACAGCCTACATGGAGCTGAGGAGCCTGAGATCTGACGACACGGCCGTGTATTACTGTGCGAGAGA,,CACAGTG,7M,TGAAAACCCACATCCTGAGGGTT,23M,TCAGAAACC,9M,ACCCAAAAACCACACCCCTCCTTGGGAGAATCCCCTAGATCACAGCTCCTCACC,54M,,,,,,,,,,,,,,,,,,,,,,
W-127,PRJNA555323,W-127,1,1,IGHV3-20,,IGHV3-20*01,IGHV3-20*01,100.0,GAGGTGCAGCTGGTGGAGTCTGGGGGAGGTGTGGTACGGCCTGGGGGGTCCCTGAGACTCTCCTGTGCAGCCTCTGGATTCACCTTTGATGATTATGGCATGAGCTGGGTCCGCCAAGCTCCAGGGAAGGGGCTGGAGTGGGTCTCTGGTATTAATTGGAATGGTGGTAGCACAGGTTATGCAGACTCTGTGAAGGGCCGATTCACCATCTCCAGAGACAACGCCAAGAACTCCCTGTATCTGCAAATGAACAGTCTGAGAGCCGAGGACACGGCCTTGTATCACTGTGCGAGAGA,False,,,,AGCTCTGGGAGAGGAGCCCCAGCCCTGAGATTCCCACGTGTTTCCATTCAGTGATCAGCACTGAACACAGAGGACTCGCCATGGAGTTTGGGCTGAGCTGGGTTTTCCTTGTTGCTATTTTAAAAGGTGATTCATGGATCAATAGAGATGTTGAGTGTGAGTGAACACGAGTGAGAGAAACAGTGGATTTGTGTGGCAGTTTCTGACCAGGGTGTCTCTGTGTTTGCAGGTGTCCAGTGTGAGGTGCAGCTGGTGGAGTCTGGGGGAGGTGTGGTACGGCCTGGGGGGTCCCTGAGACTCTCCTGTGCAGCCTCTGGATTCACCTTTGATGATTATGGCATGAGCTGGGTCCGCCAAGCTCCAGGGAAGGGGCTGGAGTGGGTCTCTGGTATTAATTGGAATGGTGGTAGCACAGGTTATGCAGACTCTGTGAAGGGCCGATTCACCATCTCCAGAGACAACGCCAAGAACTCCCTGTATCTGCAAATGAACAGTCTGAGAGCCGAGGACACGGCCTTGTATCACTGTGCGAGAGACACAGTGAGGGGAAGCCAGTGAGAGCCCAGACACAAACG,575M,ATGGAGTTTGGGCTGAGCTGGGTTTTCCTTGTTGCTATTTTAAAAG,46M,GTGATTCATGGATCAATAGAGATGTTGAGTGTGAGTGAACACGAGTGAGAGAAACAGTGGATTTGTGTGGCAGTTTCTGACCAGGGTGTCTCTGTGTTTGCAG,103M,CACAGTGAGGG,11M,GAGGTGCAGCTGGTGGAGTCTGGGGGAGGTGTGGTACGGCCTGGGGGGTCCCTGAGACTCTCCTGTGCAGCCTCTGGATTCACCTTTGATGATTATGGCATGAGCTGGGTCCGCCAAGCTCCAGGGAAGGGGCTGGAGTGGGTCTCTGGTATTAATTGGAATGGTGGTAGCACAGGTTATGCAGACTCTGTGAAGGGCCGATTCACCATCTCCAGAGACAACGCCAAGAACTCCCTGTATCTGCAAATGAACAGTCTGAGAGCCGAGGACACGGCCTTGTATCACTGTGCGAGAGA,296M,GAGGTGCAGCTGGTGGAGTCTGGGGGA...GGTGTGGTACGGCCTGGGGGGTCCCTGAGACTCTCCTGTGCAGCCTCTGGATTCACCTTT............GATGATTATGGCATGAGCTGGGTCCGCCAAGCTCCAGGGAAGGGGCTGGAGTGGGTCTCTGGTATTAATTGGAAT......GGTGGTAGCACAGGTTATGCAGACTCTGTGAAG...GGCCGATTCACCATCTCCAGAGACAACGCCAAGAACTCCCTGTATCTGCAAATGAACAGTCTGAGAGCCGAGGACACGGCCTTGTATCACTGTGCGAGAGA,,CACAGTG,7M,AGGGGAAGCCAGTGAGAGCCCAG,23M,ACACAAACG,9M,AGCTCTGGGAGAGGAGCCCCAGCCCTGAGATTCCCACGTGTTTCCATTCAGTGATCAGCACTGAACACAGAGGACTCGCC,80M,,,,,,,,,,,,,,,,,,,,,,
W-127,PRJNA555323,W-127,1,2,IGHV3-20,,IGHV3-20*02,IGHV3-20*02,100.0,GAGGTGCAGCTGGTGGAGTCTGGGGGAGGTGTGGTACGGCCTGGGGGGTCCCTGAGACTCTCCTTTGCAGCCTCTGGATTCACCTTTGATGATTATGGCATGAGCTGGGTCCGCCAAGCTCCAGGGAAGGGGCTGGAGTGGGTCTCTGGTATTAATTGGAATGGTGGTAGCACAGGTTATGCAGACTCTGTGAAGGGCCGATTCACCATCTCCAGAGACAACGCCAAGAACTCCCTGTATCTGCAAATGAACAGTCTGAGAGCCGAGGACACGGCCTTGTATCACTGTGCGAGAGA,False,First cysteine not found,,,AGCTCTGGGAGAGGAGCCCCAGCCCTGAGATTCCCACGTGTTTCCATTCAGTGATCAGCACTGAACACAGAGGACTCGCCATGGAGTTTGGGCTGAGCTGGGTTTTCCTTGTTGCTATTTTAAAAGGTGATTCATGGATCAATAGAGATGTTGAGTGTGAGTGAACACGAGTGAGAGAAACAGTGGATTTGTGTGGCAGTTTCTGACCAGGGTGTCTCTGTGTTTGCAGGTGTCCAGTGTGAGGTGCAGCTGGTGGAGTCTGGGGGAGGTGTGGTACGGCCTGGGGGGTCCCTGAGACTCTCCTTTGCAGCCTCTGGATTCACCTTTGATGATTATGGCATGAGCTGGGTCCGCCAAGCTCCAGGGAAGGGGCTGGAGTGGGTCTCTGGTATTAATTGGAATGGTGGTAGCACAGGTTATGCAGACTCTGTGAAGGGCCGATTCACCATCTCCAGAGACAACGCCAAGAACTCCCTGTATCTGCAAATGAACAGTCTGAGAGCCGAGGACACGGCCTTGTATCACTGTGCGAGAGACACAGTGAGGGGAAGCCAGTGAGAGCCCAGACACAAACG,575M,ATGGAGTTTGGGCTGAGCTGGGTTTTCCTTGTTGCTATTTTAAAAG,46M,GTGATTCATGGATCAATAGAGATGTTGAGTGTGAGTGAACACGAGTGAGAGAAACAGTGGATTTGTGTGGCAGTTTCTGACCAGGGTGTCTCTGTGTTTGCAG,103M,CACAGTGAGGG,11M,GAGGTGCAGCTGGTGGAGTCTGGGGGAGGTGTGGTACGGCCTGGGGGGTCCCTGAGACTCTCCTTTGCAGCCTCTGGATTCACCTTTGATGATTATGGCATGAGCTGGGTCCGCCAAGCTCCAGGGAAGGGGCTGGAGTGGGTCTCTGGTATTAATTGGAATGGTGGTAGCACAGGTTATGCAGACTCTGTGAAGGGCCGATTCACCATCTCCAGAGACAACGCCAAGAACTCCCTGTATCTGCAAATGAACAGTCTGAGAGCCGAGGACACGGCCTTGTATCACTGTGCGAGAGA,296M,GAGGTGCAGCTGGTGGAGTCTGGGGGA...GGTGTGGTACGGCCTGGGGGGTCCCTGAGACTCTCCTTTGCAGCCTCTGGATTCACCTTT............GATGATTATGGCATGAGCTGGGTCCGCCAAGCTCCAGGGAAGGGGCTGGAGTGGGTCTCTGGTATTAATTGGAAT......GGTGGTAGCACAGGTTATGCAGACTCTGTGAAG...GGCCGATTCACCATCTCCAGAGACAACGCCAAGAACTCCCTGTATCTGCAAATGAACAGTCTGAGAGCCGAGGACACGGCCTTGTATCACTGTGCGAGAGA,,CACAGTG,7M,AGGGGAAGCCAGTGAGAGCCCAG,23M,ACACAAACG,9M,AGCTCTGGGAGAGGAGCCCCAGCCCTGAGATTCCCACGTGTTTCCATTCAGTGATCAGCACTGAACACAGAGGACTCGCC,80M,,,,,,,,,,,,,,,,,,,,,,
W-127,PRJNA555323,W-127,1,2,IGHV3-23,,IGHV3-23*01,IGHV3-23*01,100.0,GAGGTGCAGCTGTTGGAGTCTGGGGGAGGCTTGGTACAGCCTGGGGGGTCCCTGAGACTCTCCTGTGCAGCCTCTGGATTCACCTTTAGCAGCTATGCCATGAGCTGGGTCCGCCAGGCTCCAGGGAAGGGGCTGGAGTGGGTCTCAGCTATTAGTGGTAGTGGTGGTAGCACATACTACGCAGACTCCGTGAAGGGCCGGTTCACCATCTCCAGAGACAATTCCAAGAACACGCTGTATCTGCAAATGAACAGCCTGAGAGCCGAGGACACGGCCGTATATTACTGTGCGAAAGA,False,,,,AGCTCTGAGAGAGGAGCCCAGCCCTGGGATTTTCAGGTGTTTTCATTTGGTGATCAGGACTGAACAGAGAGAACTCACCATGGAGTTTGGGCTGAGCTGGCTTTTTCTTGTGGCTATTTTAAAAGGTAATTCATGGAGAAATAGAAAAATTGAGTGTGAATGGATAAGAGTGAGAGAAACAGTGGATACGTGTGGCAGTTTCTGACCAGGGTTTCTTTTTGTTTGCAGGTGTCCAGTGTGAGGTGCAGCTGTTGGAGTCTGGGGGAGGCTTGGTACAGCCTGGGGGGTCCCTGAGACTCTCCTGTGCAGCCTCTGGATTCACCTTTAGCAGCTATGCCATGAGCTGGGTCCGCCAGGCTCCAGGGAAGGGGCTGGAGTGGGTCTCAGCTATTAGTGGTAGTGGTGGTAGCACATACTACGCAGACTCCGTGAAGGGCCGGTTCACCATCTCCAGAGACAATTCCAAGAACACGCTGTATCTGCAAATGAACAGCCTGAGAGCCGAGGACACGGCCGTATATTACTGTGCGAAAGACACAGTGAGGGGAAGTCATTGTGAGCCCAGACACAAACC,574M,ATGGAGTTTGGGCTGAGCTGGCTTTTTCTTGTGGCTATTTTAAAAG,46M,GTAATTCATGGAGAAATAGAAAAATTGAGTGTGAATGGATAAGAGTGAGAGAAACAGTGGATACGTGTGGCAGTTTCTGACCAGGGTTTCTTTTTGTTTGCAG,103M,CACAGTGAGGG,11M,GAGGTGCAGCTGTTGGAGTCTGGGGGAGGCTTGGTACAGCCTGGGGGGTCCCTGAGACTCTCCTGTGCAGCCTCTGGATTCACCTTTAGCAGCTATGCCATGAGCTGGGTCCGCCAGGCTCCAGGGAAGGGGCTGGAGTGGGTCTCAGCTATTAGTGGTAGTGGTGGTAGCACATACTACGCAGACTCCGTGAAGGGCCGGTTCACCATCTCCAGAGACAATTCCAAGAACACGCTGTATCTGCAAATGAACAGCCTGAGAGCCGAGGACACGGCCGTATATTACTGTGCGAAAGA,296M,GAGGTGCAGCTGTTGGAGTCTGGGGGA...GGCTTGGTACAGCCTGGGGGGTCCCTGAGACTCTCCTGTGCAGCCTCTGGATTCACCTTT............AGCAGCTATGCCATGAGCTGGGTCCGCCAGGCTCCAGGGAAGGGGCTGGAGTGGGTCTCAGCTATTAGTGGTAGT......GGTGGTAGCACATACTACGCAGACTCCGTGAAG...GGCCGGTTCACCATCTCCAGAGACAATTCCAAGAACACGCTGTATCTGCAAATGAACAGCCTGAGAGCCGAGGACACGGCCGTATATTACTGTGCGAAAGA,,CACAGTG,7M,AGGGGAAGTCATTGTGAGCCCAG,23M,ACACAAACC,9M,AGCTCTGAGAGAGGAGCCCAGCCCTGGGATTTTCAGGTGTTTTCATTTGGTGATCAGGACTGAACAGAGAGAACTCACC,79M,,,,,,,,,,,,,,,,,,,,,,
W-127,PRJNA555323,W-127,1,1,IGHV3-23D,,IGHV3-23D*01,IGHV3-23D*01,100.0,GAGGTGCAGCTGTTGGAGTCTGGGGGAGGCTTGGTACAGCCTGGGGGGTCCCTGAGACTCTCCTGTGCAGCCTCTGGATTCACCTTTAGCAGCTATGCCATGAGCTGGGTCCGCCAGGCTCCAGGGAAGGGGCTGGAGTGGGTCTCAGCTATTAGTGGTAGTGGTGGTAGCACATACTACGCAGACTCCGTGAAGGGCCGGTTCACCATCTCCAGAGACAATTCCAAGAACACGCTGTATCTGCAAATGAACAGCCTGAGAGCCGAGGACACGGCCGTATATTACTGTGCGAAAGA,False,,,,AGCTCTGAGAGAGGAGCCCAGCCCTGGGATTTTCAGGTGTTTTCATTTGGTGATCAGGACTGAACAGAGAGAACTCACCATGGAGTTTGGGCTGAGCTGGCTTTTTCTTGTGGCTATTTTAAAAGGTAATTCATGGAGAAATAGAAAAATTGAGTGTGAATGGATAAGAGTGAGAGAAACAGTGGATACGTGTGGCAGTTTCTGACCAGGGTTTCTTTTTGTTTGCAGGTGTCCAGTGTGAGGTGCAGCTGTTGGAGTCTGGGGGAGGCTTGGTACAGCCTGGGGGGTCCCTGAGACTCTCCTGTGCAGCCTCTGGATTCACCTTTAGCAGCTATGCCATGAGCTGGGTCCGCCAGGCTCCAGGGAAGGGGCTGGAGTGGGTCTCAGCTATTAGTGGTAGTGGTGGTAGCACATACTACGCAGACTCCGTGAAGGGCCGGTTCACCATCTCCAGAGACAATTCCAAGAACACGCTGTATCTGCAAATGAACAGCCTGAGAGCCGAGGACACGGCCGTATATTACTGTGCGAAAGACACAGTGAGGGGAAGTCATTGTGAGCCCAGACACAAACC,574M,ATGGAGTTTGGGCTGAGCTGGCTTTTTCTTGTGGCTATTTTAAAAG,46M,GTAATTCATGGAGAAATAGAAAAATTGAGTGTGAATGGATAAGAGTGAGAGAAACAGTGGATACGTGTGGCAGTTTCTGACCAGGGTTTCTTTTTGTTTGCAG,103M,CACAGTGAGGG,11M,GAGGTGCAGCTGTTGGAGTCTGGGGGAGGCTTGGTACAGCCTGGGGGGTCCCTGAGACTCTCCTGTGCAGCCTCTGGATTCACCTTTAGCAGCTATGCCATGAGCTGGGTCCGCCAGGCTCCAGGGAAGGGGCTGGAGTGGGTCTCAGCTATTAGTGGTAGTGGTGGTAGCACATACTACGCAGACTCCGTGAAGGGCCGGTTCACCATCTCCAGAGACAATTCCAAGAACACGCTGTATCTGCAAATGAACAGCCTGAGAGCCGAGGACACGGCCGTATATTACTGTGCGAAAGA,296M,GAGGTGCAGCTGTTGGAGTCTGGGGGA...GGCTTGGTACAGCCTGGGGGGTCCCTGAGACTCTCCTGTGCAGCCTCTGGATTCACCTTT............AGCAGCTATGCCATGAGCTGGGTCCGCCAGGCTCCAGGGAAGGGGCTGGAGTGGGTCTCAGCTATTAGTGGTAGT......GGTGGTAGCACATACTACGCAGACTCCGTGAAG...GGCCGGTTCACCATCTCCAGAGACAATTCCAAGAACACGCTGTATCTGCAAATGAACAGCCTGAGAGCCGAGGACACGGCCGTATATTACTGTGCGAAAGA,,CACAGTG,7M,AGGGGAAGTCATTGTGAGCCCAG,23M,ACACAAACC,9M,AGCTCTGAGAGAGGAGCCCAGCCCTGGGATTTTCAGGTGTTTTCATTTGGTGATCAGGACTGAACAGAGAGAACTCACC,79M,,,,,,,,,,,,,,,,,,,,,,
W-127,PRJNA555323,W-127,1,2,IGHV3-23D,,IGHV3-23D*01,IGHV3-23D*01,100.0,GAGGTGCAGCTGTTGGAGTCTGGGGGAGGCTTGGTACAGCCTGGGGGGTCCCTGAGACTCTCCTGTGCAGCCTCTGGATTCACCTTTAGCAGCTATGCCATGAGCTGGGTCCGCCAGGCTCCAGGGAAGGGGCTGGAGTGGGTCTCAGCTATTAGTGGTAGTGGTGGTAGCACATACTACGCAGACTCCGTGAAGGGCCGGTTCACCATCTCCAGAGACAATTCCAAGAACACGCTGTATCTGCAAATGAACAGCCTGAGAGCCGAGGACACGGCCGTATATTACTGTGCGAAAGA,False,,,,AGCTCTGAGAGAGGAGCCCAGCCCTGGGATTTTCAGGTGTTTTCATTTGGTGATCAGGACTGAACAGAGAGAACTCACCATGGAGTTTGGGCTGAGCTGGCTTTTTCTTGTGGCTATTTTAAAAGGTAATTCATGGAGAAATAGAAAAATTGAGTGTGAATGGATAAGAGTGAGAGAAACAGTGGATACGTGTGGCAGTTTCTGACCAGGGTTTCTTTTTGTTTGCAGGTGTCCAGTGTGAGGTGCAGCTGTTGGAGTCTGGGGGAGGCTTGGTACAGCCTGGGGGGTCCCTGAGACTCTCCTGTGCAGCCTCTGGATTCACCTTTAGCAGCTATGCCATGAGCTGGGTCCGCCAGGCTCCAGGGAAGGGGCTGGAGTGGGTCTCAGCTATTAGTGGTAGTGGTGGTAGCACATACTACGCAGACTCCGTGAAGGGCCGGTTCACCATCTCCAGAGACAATTCCAAGAACACGCTGTATCTGCAAATGAACAGCCTGAGAGCCGAGGACACGGCCGTATATTACTGTGCGAAAGACACAGTGAGGGGAAGTCATTGTGAGCCCAGACACAAACC,574M,ATGGAGTTTGGGCTGAGCTGGCTTTTTCTTGTGGCTATTTTAAAAG,46M,GTAATTCATGGAGAAATAGAAAAATTGAGTGTGAATGGATAAGAGTGAGAGAAACAGTGGATACGTGTGGCAGTTTCTGACCAGGGTTTCTTTTTGTTTGCAG,103M,CACAGTGAGGG,11M,GAGGTGCAGCTGTTGGAGTCTGGGGGAGGCTTGGTACAGCCTGGGGGGTCCCTGAGACTCTCCTGTGCAGCCTCTGGATTCACCTTTAGCAGCTATGCCATGAGCTGGGTCCGCCAGGCTCCAGGGAAGGGGCTGGAGTGGGTCTCAGCTATTAGTGGTAGTGGTGGTAGCACATACTACGCAGACTCCGTGAAGGGCCGGTTCACCATCTCCAGAGACAATTCCAAGAACACGCTGTATCTGCAAATGAACAGCCTGAGAGCCGAGGACACGGCCGTATATTACTGTGCGAAAGA,296M,GAGGTGCAGCTGTTGGAGTCTGGGGGA...GGCTTGGTACAGCCTGGGGGGTCCCTGAGACTCTCCTGTGCAGCCTCTGGATTCACCTTT............AGCAGCTATGCCATGAGCTGGGTCCGCCAGGCTCCAGGGAAGGGGCTGGAGTGGGTCTCAGCTATTAGTGGTAGT......GGTGGTAGCACATACTACGCAGACTCCGTGAAG...GGCCGGTTCACCATCTCCAGAGACAATTCCAAGAACACGCTGTATCTGCAAATGAACAGCCTGAGAGCCGAGGACACGGCCGTATATTACTGTGCGAAAGA,,CACAGTG,7M,AGGGGAAGTCATTGTGAGCCCAG,23M,ACACAAACC,9M,AGCTCTGAGAGAGGAGCCCAGCCCTGGGATTTTCAGGTGTTTTCATTTGGTGATCAGGACTGAACAGAGAGAACTCACC,79M,,,,,,,,,,,,,,,,,,,,,,
W-127,PRJNA555323,W-127,1,0,IGHV1-24,,IGHV1-24*01,IGHV1-24*01,100.0,CAGGTCCAGCTGGTACAGTCTGGGGCTGAGGTGAAGAAGCCTGGGGCCTCAGTGAAGGTCTCCTGCAAGGTTTCCGGATACACCCTCACTGAATTATCCATGCACTGGGTGCGACAGGCTCCTGGAAAAGGGCTTGAGTGGATGGGAGGTTTTGATCCTGAAGATGGTGAAACAATCTACGCACAGAAGTTCCAGGGCAGAGTCACCATGACCGAGGACACATCTACAGACACAGCCTACATGGAGCTGAGCAGCCTGAGATCTGAGGACACGGCCGTGTATTACTGTGCAACAGA,False,,,,ATCACACAACAGCCACATCCCTCCCCTACAGAAGCCCCCAGAGCGCAGCACCTCACCATGGACTGCACCTGGAGGATCCTCTTCTTGGTGGCAGCAGCTACAGGCAAGAGAATCCTGAGTTCCAGGGCTGATGAGGGGACTGGGTCCAGTTAAGTGGTGTCTCATCCACTCCTCTGTCCTCTCCACAGGCACCCACGCCCAGGTCCAGCTGGTACAGTCTGGGGCTGAGGTGAAGAAGCCTGGGGCCTCAGTGAAGGTCTCCTGCAAGGTTTCCGGATACACCCTCACTGAATTATCCATGCACTGGGTGCGACAGGCTCCTGGAAAAGGGCTTGAGTGGATGGGAGGTTTTGATCCTGAAGATGGTGAAACAATCTACGCACAGAAGTTCCAGGGCAGAGTCACCATGACCGAGGACACATCTACAGACACAGCCTACATGGAGCTGAGCAGCCTGAGATCTGAGGACACGGCCGTGTATTACTGTGCAACAGACACAGTGTGAAAACCCACATCCTGAGAGCGTCAGAAACC,534M,ATGGACTGCACCTGGAGGATCCTCTTCTTGGTGGCAGCAGCTACAG,46M,GCAAGAGAATCCTGAGTTCCAGGGCTGATGAGGGGACTGGGTCCAGTTAAGTGGTGTCTCATCCACTCCTCTGTCCTCTCCACAG,85M,CACAGTGTGAA,11M,CAGGTCCAGCTGGTACAGTCTGGGGCTGAGGTGAAGAAGCCTGGGGCCTCAGTGAAGGTCTCCTGCAAGGTTTCCGGATACACCCTCACTGAATTATCCATGCACTGGGTGCGACAGGCTCCTGGAAAAGGGCTTGAGTGGATGGGAGGTTTTGATCCTGAAGATGGTGAAACAATCTACGCACAGAAGTTCCAGGGCAGAGTCACCATGACCGAGGACACATCTACAGACACAGCCTACATGGAGCTGAGCAGCCTGAGATCTGAGGACACGGCCGTGTATTACTGTGCAACAGA,296M,CAGGTCCAGCTGGTACAGTCTGGGGCT...GAGGTGAAGAAGCCTGGGGCCTCAGTGAAGGTCTCCTGCAAGGTTTCCGGATACACCCTC............ACTGAATTATCCATGCACTGGGTGCGACAGGCTCCTGGAAAAGGGCTTGAGTGGATGGGAGGTTTTGATCCTGAA......GATGGTGAAACAATCTACGCACAGAAGTTCCAG...GGCAGAGTCACCATGACCGAGGACACATCTACAGACACAGCCTACATGGAGCTGAGCAGCCTGAGATCTGAGGACACGGCCGTGTATTACTGTGCAACAGA,,CACAGTG,7M,TGAAAACCCACATCCTGAGAGCG,23M,TCAGAAACC,9M,ATCACACAACAGCCACATCCCTCCCCTACAGAAGCCCCCAGAGCGCAGCACCTCACC,57M,,,,,,,,,,,,,,,,,,,,,,
W-127,PRJNA555323,W-127,1,0,IGHV3-25,,IGHV3-25*02,IGHV3-25*02,100.0,GAGATGCAGCTGGTGGAGTCTGGGGGAGGCTTGGCAAAGCCTGCGTGGTCCCCGAGACTCTCCTGTGCAGCCTCTCAATTCACCTTCAGTAGCTACTACATGAACTGTGTCCGCCAGGCTCCAGGGAATGGGCTGGAGTTGGTTTGACAAGTTAATCCTAATGGGGGTAGCACATACCTCATAGACTCCGGTAAGGACCGATTCAATACCTCCAGAGATAACGCCAAGAACACACTTCATCTGCAAATGAACAGCCTGAAAACCGAGGACACGGCCCTCTATTAGTGTACCAGAGA,False,"Stop codon in V-REGION before 2nd cysteine, Conserved Trp not found",,,AGCTCTGGGAGAGGAGCCCAGCCCCCGAATTCCCAGGTGTTTTCATCTGGTGATCAGCACCGAACACAGAGGACTCACCATGGAGTTTGTGCTGAGCTGGGTTTTCCTTGTTGCTATTTTAAAACGTGATCTATAGAGAACTAGAGATATTGAGTATGAATGGATATGAGTGAGAAACAGTGGATACGTGTGGCAGTTTCTGACCGGGGTGTCTCTGTGTTTGCAGGTATCCAGTGTGAGATGCAGCTGGTGGAGTCTGGGGGAGGCTTGGCAAAGCCTGCGTGGTCCCCGAGACTCTCCTGTGCAGCCTCTCAATTCACCTTCAGTAGCTACTACATGAACTGTGTCCGCCAGGCTCCAGGGAATGGGCTGGAGTTGGTTTGACAAGTTAATCCTAATGGGGGTAGCACATACCTCATAGACTCCGGTAAGGACCGATTCAATACCTCCAGAGATAACGCCAAGAACACACTTCATCTGCAAATGAACAGCCTGAAAACCGAGGACACGGCCCTCTATTAGTGTACCAGAGACACAGTGAGGGGAGGTCAGTGTGAGCCCAGACACAAAC,571M,TGGAGTTTGTGCTGAGCTGGGTTTTCCTTGTTGCTATTTTAAAACG,46M,TGATCTATAGAGAACTAGAGATATTGAGTATGAATGGATATGAGTGAGAAACAGTGGATACGTGTGGCAGTTTCTGACCGGGGTGTCTCTGTGTTTGCAG,100M,CACAGTGAGGG,11M,GAGATGCAGCTGGTGGAGTCTGGGGGAGGCTTGGCAAAGCCTGCGTGGTCCCCGAGACTCTCCTGTGCAGCCTCTCAATTCACCTTCAGTAGCTACTACATGAACTGTGTCCGCCAGGCTCCAGGGAATGGGCTGGAGTTGGTTTGACAAGTTAATCCTAATGGGGGTAGCACATACCTCATAGACTCCGGTAAGGACCGATTCAATACCTCCAGAGATAACGCCAAGAACACACTTCATCTGCAAATGAACAGCCTGAAAACCGAGGACACGGCCCTCTATTAGTGTACCAGAGA,296M,GAGATGCAGCTGGTGGAGTCTGGGGGA...GGCTTGGCAAAGCCTGCGTGGTCCCCGAGACTCTCCTGTGCAGCCTCTCAATTCACCTTC............AGTAGCTACTACATGAACTGTGTCCGCCAGGCTCCAGGGAATGGGCTGGAGTTGGTTTGACAAGTTAATCCTAAT......GGGGGTAGCACATACCTCATAGACTCCGGTAAG...GACCGATTCAATACCTCCAGAGATAACGCCAAGAACACACTTCATCTGCAAATGAACAGCCTGAAAACCGAGGACACGGCCCTCTATTAGTGTACCAGAGA,,CACAGTG,7M,AGGGGAGGTCAGTGTGAGCCCA,22M,GACACAAAC,9M,AGCTCTGGGAGAGGAGCCCAGCCCCCGAATTCCCAGGTGTTTTCATCTGGTGATCAGCACCGAACACAGAGGACTCACC,79M,,,,,,,,,,,,,,,,,,,,,,
W-127,PRJNA555323,W-127,1,0,IGHV2-26,,IGHV2-26*01,IGHV2-26*01,100.0,CAGGTCACCTTGAAGGAGTCTGGTCCTGTGCTGGTGAAACCCACAGAGACCCTCACGCTGACCTGCACCGTCTCTGGGTTCTCACTCAGCAATGCTAGAATGGGTGTGAGCTGGATCCGTCAGCCCCCAGGGAAGGCCCTGGAGTGGCTTGCACACATTTTTTCGAATGACGAAAAATCCTACAGCACATCTCTGAAGAGCAGGCTCACCATCTCCAAGGACACCTCCAAAAGCCAGGTGGTCCTTACCATGACCAACATGGACCCTGTGGACACAGCCACATATTACTGTGCACGGATAC,False,,,,ACTCCTGTGCCCCACCATGGACACACTTTGCTACACACTCCTGCTGCTGACCACCCCTTCCTGTGAGTGCTGTGGTCAGGGACTTCCTCAGAAGTGAAACATCAGTTGTCTCCTTTGTGGGCTTCATCTTCTTATGTCTTCTCCACAGGGGTCTTGTCCCAGGTCACCTTGAAGGAGTCTGGTCCTGTGCTGGTGAAACCCACAGAGACCCTCACGCTGACCTGCACCGTCTCTGGGTTCTCACTCAGCAATGCTAGAATGGGTGTGAGCTGGATCCGTCAGCCCCCAGGGAAGGCCCTGGAGTGGCTTGCACACATTTTTTCGAATGACGAAAAATCCTACAGCACATCTCTGAAGAGCAGGCTCACCATCTCCAAGGACACCTCCAAAAGCCAGGTGGTCCTTACCATGACCAACATGGACCCTGTGGACACAGCCACATATTACTGTGCACGGATACCACAGAGACACAGCCCAGGATGCCTCCTGTACAAGAACC,499M,ATGGACACACTTTGCTACACACTCCTGCTGCTGACCACCCCTTCCT,46M,GTGAGTGCTGTGGTCAGGGACTTCCTCAGAAGTGAAACATCAGTTGTCTCCTTTGTGGGCTTCATCTTCTTATGTCTTCTCCACAG,86M,CACAGAGACAC,11M,CAGGTCACCTTGAAGGAGTCTGGTCCTGTGCTGGTGAAACCCACAGAGACCCTCACGCTGACCTGCACCGTCTCTGGGTTCTCACTCAGCAATGCTAGAATGGGTGTGAGCTGGATCCGTCAGCCCCCAGGGAAGGCCCTGGAGTGGCTTGCACACATTTTTTCGAATGACGAAAAATCCTACAGCACATCTCTGAAGAGCAGGCTCACCATCTCCAAGGACACCTCCAAAAGCCAGGTGGTCCTTACCATGACCAACATGGACCCTGTGGACACAGCCACATATTACTGTGCACGGATAC,301M,CAGGTCACCTTGAAGGAGTCTGGTCCT...GTGCTGGTGAAACCCACAGAGACCCTCACGCTGACCTGCACCGTCTCTGGGTTCTCACTCAGC......AATGCTAGAATGGGTGTGAGCTGGATCCGTCAGCCCCCAGGGAAGGCCCTGGAGTGGCTTGCACACATTTTTTCGAAT.........GACGAAAAATCCTACAGCACATCTCTGAAG...AGCAGGCTCACCATCTCCAAGGACACCTCCAAAAGCCAGGTGGTCCTTACCATGACCAACATGGACCCTGTGGACACAGCCACATATTACTGTGCACGGATAC,,CACAGAG,7M,ACACAGCCCAGGATGCCTCCTGT,23M,ACAAGAACC,9M,ACTCCTGTGCCCCACC,16M,,,,,,,,,,,,,,,,,,,,,,
W-127,PRJNA555323,W-127,1,2,IGHV3-30,,IGHV3-30*03,IGHV3-30*03,100.0,CAGGTGCAGCTGGTGGAGTCTGGGGGAGGCGTGGTCCAGCCTGGGAGGTCCCTGAGACTCTCCTGTGCAGCCTCTGGATTCACCTTCAGTAGCTATGGCATGCACTGGGTCCGCCAGGCTCCAGGCAAGGGGCTGGAGTGGGTGGCAGTTATATCATATGATGGAAGTAATAAATACTATGCAGACTCCGTGAAGGGCCGATTCACCATCTCCAGAGACAATTCCAAGAACACGCTGTATCTGCAAATGAACAGCCTGAGAGCTGAGGACACGGCTGTGTATTACTGTGCGAGAGA,False,,,,AGCTCTGGGAGAGGAGCCCAGCACTAGAAGTCGGCGGTGTTTCCATTCGGTGATCAGCACTGAACACAGAGGACTCACCATGGAGTTTGGGCTGAGCTGGGTTTTCCTCGTTGCTCTTTTAAGAGGTGATTCATGGAGAAATAGAGAGACTGAGTGTGAGTGAACATGAGTGAGAAAAACTGGATTTGTGTGGCATTTTCTGATAACGGTGTCCTTCTGTTTGCAGGTGTCCAGTGTCAGGTGCAGCTGGTGGAGTCTGGGGGAGGCGTGGTCCAGCCTGGGAGGTCCCTGAGACTCTCCTGTGCAGCCTCTGGATTCACCTTCAGTAGCTATGGCATGCACTGGGTCCGCCAGGCTCCAGGCAAGGGGCTGGAGTGGGTGGCAGTTATATCATATGATGGAAGTAATAAATACTATGCAGACTCCGTGAAGGGCCGATTCACCATCTCCAGAGACAATTCCAAGAACACGCTGTATCTGCAAATGAACAGCCTGAGAGCTGAGGACACGGCTGTGTATTACTGTGCGAGAGACACAGTGAGGGGAAGTCATTGTGCGCCCAGACACAAACC,572M,ATGGAGTTTGGGCTGAGCTGGGTTTTCCTCGTTGCTCTTTTAAGAG,46M,GTGATTCATGGAGAAATAGAGAGACTGAGTGTGAGTGAACATGAGTGAGAAAAACTGGATTTGTGTGGCATTTTCTGATAACGGTGTCCTTCTGTTTGCAG,101M,CACAGTGAGGG,11M,CAGGTGCAGCTGGTGGAGTCTGGGGGAGGCGTGGTCCAGCCTGGGAGGTCCCTGAGACTCTCCTGTGCAGCCTCTGGATTCACCTTCAGTAGCTATGGCATGCACTGGGTCCGCCAGGCTCCAGGCAAGGGGCTGGAGTGGGTGGCAGTTATATCATATGATGGAAGTAATAAATACTATGCAGACTCCGTGAAGGGCCGATTCACCATCTCCAGAGACAATTCCAAGAACACGCTGTATCTGCAAATGAACAGCCTGAGAGCTGAGGACACGGCTGTGTATTACTGTGCGAGAGA,296M,CAGGTGCAGCTGGTGGAGTCTGGGGGA...GGCGTGGTCCAGCCTGGGAGGTCCCTGAGACTCTCCTGTGCAGCCTCTGGATTCACCTTC............AGTAGCTATGGCATGCACTGGGTCCGCCAGGCTCCAGGCAAGGGGCTGGAGTGGGTGGCAGTTATATCATATGAT......GGAAGTAATAAATACTATGCAGACTCCGTGAAG...GGCCGATTCACCATCTCCAGAGACAATTCCAAGAACACGCTGTATCTGCAAATGAACAGCCTGAGAGCTGAGGACACGGCTGTGTATTACTGTGCGAGAGA,,CACAGTG,7M,AGGGGAAGTCATTGTGCGCCCAG,23M,ACACAAACC,9M,AGCTCTGGGAGAGGAGCCCAGCACTAGAAGTCGGCGGTGTTTCCATTCGGTGATCAGCACTGAACACAGAGGACTCACC,79M,,,,,,,,,,,,,,,,,,,,,,
W-127,PRJNA555323,W-127,1,1,IGHV3-30,,IGHV3-30*18,IGHV3-30*18,100.0,CAGGTGCAGCTGGTGGAGTCTGGGGGAGGCGTGGTCCAGCCTGGGAGGTCCCTGAGACTCTCCTGTGCAGCCTCTGGATTCACCTTCAGTAGCTATGGCATGCACTGGGTCCGCCAGGCTCCAGGCAAGGGGCTGGAGTGGGTGGCAGTTATATCATATGATGGAAGTAATAAATACTATGCAGACTCCGTGAAGGGCCGATTCACCATCTCCAGAGACAATTCCAAGAACACGCTGTATCTGCAAATGAACAGCCTGAGAGCTGAGGACACGGCTGTGTATTACTGTGCGAAAGA,False,,,,AGCTCTGGGAGAGGAGCCCAGCACTAGAAGTCGGCGGTGTTTCCATTCGGTGATCAGCACTGAACACAGAGGACTCACCATGGAGTTTGGGCTGAGCTGGGTTTTCCTCGTTGCTCTTTTAAGAGGTGATTCATGGAGAAATAGAGAGACTGAGTGTGAGTGAACATGAGTGAGAAAAACTGGATTTGTGTGGCATTTTCTGATAACGGTGTCCTTCTGTTTGCAGGTGTCCAGTGTCAGGTGCAGCTGGTGGAGTCTGGGGGAGGCGTGGTCCAGCCTGGGAGGTCCCTGAGACTCTCCTGTGCAGCCTCTGGATTCACCTTCAGTAGCTATGGCATGCACTGGGTCCGCCAGGCTCCAGGCAAGGGGCTGGAGTGGGTGGCAGTTATATCATATGATGGAAGTAATAAATACTATGCAGACTCCGTGAAGGGCCGATTCACCATCTCCAGAGACAATTCCAAGAACACGCTGTATCTGCAAATGAACAGCCTGAGAGCTGAGGACACGGCTGTGTATTACTGTGCGAAAGACACAGTGAGGGGAAGTCATTGTGCGCCCAGACACAAACC,572M,ATGGAGTTTGGGCTGAGCTGGGTTTTCCTCGTTGCTCTTTTAAGAG,46M,GTGATTCATGGAGAAATAGAGAGACTGAGTGTGAGTGAACATGAGTGAGAAAAACTGGATTTGTGTGGCATTTTCTGATAACGGTGTCCTTCTGTTTGCAG,101M,CACAGTGAGGG,11M,CAGGTGCAGCTGGTGGAGTCTGGGGGAGGCGTGGTCCAGCCTGGGAGGTCCCTGAGACTCTCCTGTGCAGCCTCTGGATTCACCTTCAGTAGCTATGGCATGCACTGGGTCCGCCAGGCTCCAGGCAAGGGGCTGGAGTGGGTGGCAGTTATATCATATGATGGAAGTAATAAATACTATGCAGACTCCGTGAAGGGCCGATTCACCATCTCCAGAGACAATTCCAAGAACACGCTGTATCTGCAAATGAACAGCCTGAGAGCTGAGGACACGGCTGTGTATTACTGTGCGAAAGA,296M,CAGGTGCAGCTGGTGGAGTCTGGGGGA...GGCGTGGTCCAGCCTGGGAGGTCCCTGAGACTCTCCTGTGCAGCCTCTGGATTCACCTTC............AGTAGCTATGGCATGCACTGGGTCCGCCAGGCTCCAGGCAAGGGGCTGGAGTGGGTGGCAGTTATATCATATGAT......GGAAGTAATAAATACTATGCAGACTCCGTGAAG...GGCCGATTCACCATCTCCAGAGACAATTCCAAGAACACGCTGTATCTGCAAATGAACAGCCTGAGAGCTGAGGACACGGCTGTGTATTACTGTGCGAAAGA,,CACAGTG,7M,AGGGGAAGTCATTGTGCGCCCAG,23M,ACACAAACC,9M,AGCTCTGGGAGAGGAGCCCAGCACTAGAAGTCGGCGGTGTTTCCATTCGGTGATCAGCACTGAACACAGAGGACTCACC,79M,,,,,,,,,,,,,,,,,,,,,,
W-127,PRJNA555323,W-127,1,0,IGHV3-30-3,,IGHV3-30-3*01,IGHV3-30-3*01,100.0,CAGGTGCAGCTGGTGGAGTCTGGGGGAGGCGTGGTCCAGCCTGGGAGGTCCCTGAGACTCTCCTGTGCAGCCTCTGGATTCACCTTCAGTAGCTATGCTATGCACTGGGTCCGCCAGGCTCCAGGCAAGGGGCTGGAGTGGGTGGCAGTTATATCATATGATGGAAGCAATAAATACTACGCAGACTCCGTGAAGGGCCGATTCACCATCTCCAGAGACAATTCCAAGAACACGCTGTATCTGCAAATGAACAGCCTGAGAGCTGAGGACACGGCTGTGTATTACTGTGCGAGAGA,False,,,,AGCTCTGGGAGACGAGCCCAGCACTGGAAGTCGCCGGTGTTTCCATTCGGTGATCATCACTGAACACAGAGGACTCACCATGGAGTTTGGGCTGAGCTGGGTTTTCCTCGTTGCTCTTTTAAGAGGTGATTCATGGAGAAATAGAGAGACTGAGTGTGAGTGAACATGAGTGAGAAAAACTGGATTTGTGTGGCATTTTCTGATAACGGTGTCCTTCTGTTTGCAGGTGTCCAGTGTCAGGTGCAGCTGGTGGAGTCTGGGGGAGGCGTGGTCCAGCCTGGGAGGTCCCTGAGACTCTCCTGTGCAGCCTCTGGATTCACCTTCAGTAGCTATGCTATGCACTGGGTCCGCCAGGCTCCAGGCAAGGGGCTGGAGTGGGTGGCAGTTATATCATATGATGGAAGCAATAAATACTACGCAGACTCCGTGAAGGGCCGATTCACCATCTCCAGAGACAATTCCAAGAACACGCTGTATCTGCAAATGAACAGCCTGAGAGCTGAGGACACGGCTGTGTATTACTGTGCGAGAGACACAGTGAGGGGAAGTCATTGTGCGCCCAGACACAAACC,572M,ATGGAGTTTGGGCTGAGCTGGGTTTTCCTCGTTGCTCTTTTAAGAG,46M,GTGATTCATGGAGAAATAGAGAGACTGAGTGTGAGTGAACATGAGTGAGAAAAACTGGATTTGTGTGGCATTTTCTGATAACGGTGTCCTTCTGTTTGCAG,101M,CACAGTGAGGG,11M,CAGGTGCAGCTGGTGGAGTCTGGGGGAGGCGTGGTCCAGCCTGGGAGGTCCCTGAGACTCTCCTGTGCAGCCTCTGGATTCACCTTCAGTAGCTATGCTATGCACTGGGTCCGCCAGGCTCCAGGCAAGGGGCTGGAGTGGGTGGCAGTTATATCATATGATGGAAGCAATAAATACTACGCAGACTCCGTGAAGGGCCGATTCACCATCTCCAGAGACAATTCCAAGAACACGCTGTATCTGCAAATGAACAGCCTGAGAGCTGAGGACACGGCTGTGTATTACTGTGCGAGAGA,296M,CAGGTGCAGCTGGTGGAGTCTGGGGGA...GGCGTGGTCCAGCCTGGGAGGTCCCTGAGACTCTCCTGTGCAGCCTCTGGATTCACCTTC............AGTAGCTATGCTATGCACTGGGTCCGCCAGGCTCCAGGCAAGGGGCTGGAGTGGGTGGCAGTTATATCATATGAT......GGAAGCAATAAATACTACGCAGACTCCGTGAAG...GGCCGATTCACCATCTCCAGAGACAATTCCAAGAACACGCTGTATCTGCAAATGAACAGCCTGAGAGCTGAGGACACGGCTGTGTATTACTGTGCGAGAGA,,CACAGTG,7M,AGGGGAAGTCATTGTGCGCCCAG,23M,ACACAAACC,9M,AGCTCTGGGAGACGAGCCCAGCACTGGAAGTCGCCGGTGTTTCCATTCGGTGATCATCACTGAACACAGAGGACTCACC,79M,,,,,,,,,,,,,,,,,,,,,,
W-127,PRJNA555323,W-127,1,1,IGHV3-30-5,,IGHV3-30-5*01,IGHV3-30-5*01,100.0,CAGGTGCAGCTGGTGGAGTCTGGGGGAGGCGTGGTCCAGCCTGGGAGGTCCCTGAGACTCTCCTGTGCAGCCTCTGGATTCACCTTCAGTAGCTATGGCATGCACTGGGTCCGCCAGGCTCCAGGCAAGGGGCTGGAGTGGGTGGCAGTTATATCATATGATGGAAGTAATAAATACTATGCAGACTCCGTGAAGGGCCGATTCACCATCTCCAGAGACAATTCCAAGAACACGCTGTATCTGCAAATGAACAGCCTGAGAGCTGAGGACACGGCTGTGTATTACTGTGCGAAAGA,False,,,,AGCTCTGGGAGAGGAGCCCAGCACTAGAAGTCGGCGGTGTTTCCATTCGGTGATCAGCACTGAACACAGAGGACTCACCATGGAGTTTGGGCTGAGCTGGGTTTTCCTCGTTGCTCTTTTAAGAGGTGATTCATGGAGAAATAGAGAGACTGAGTGTGAGTGAACATGAGTGAGAAAAACTGGATTTGTGTGGCATTTTCTGATAACGGTGTCCTTCTGTTTGCAGGTGTCCAGTGTCAGGTGCAGCTGGTGGAGTCTGGGGGAGGCGTGGTCCAGCCTGGGAGGTCCCTGAGACTCTCCTGTGCAGCCTCTGGATTCACCTTCAGTAGCTATGGCATGCACTGGGTCCGCCAGGCTCCAGGCAAGGGGCTGGAGTGGGTGGCAGTTATATCATATGATGGAAGTAATAAATACTATGCAGACTCCGTGAAGGGCCGATTCACCATCTCCAGAGACAATTCCAAGAACACGCTGTATCTGCAAATGAACAGCCTGAGAGCTGAGGACACGGCTGTGTATTACTGTGCGAAAGACACAGTGAGGGGAAGTCATTGTGCGCCCAGACACAAACC,572M,ATGGAGTTTGGGCTGAGCTGGGTTTTCCTCGTTGCTCTTTTAAGAG,46M,GTGATTCATGGAGAAATAGAGAGACTGAGTGTGAGTGAACATGAGTGAGAAAAACTGGATTTGTGTGGCATTTTCTGATAACGGTGTCCTTCTGTTTGCAG,101M,CACAGTGAGGG,11M,CAGGTGCAGCTGGTGGAGTCTGGGGGAGGCGTGGTCCAGCCTGGGAGGTCCCTGAGACTCTCCTGTGCAGCCTCTGGATTCACCTTCAGTAGCTATGGCATGCACTGGGTCCGCCAGGCTCCAGGCAAGGGGCTGGAGTGGGTGGCAGTTATATCATATGATGGAAGTAATAAATACTATGCAGACTCCGTGAAGGGCCGATTCACCATCTCCAGAGACAATTCCAAGAACACGCTGTATCTGCAAATGAACAGCCTGAGAGCTGAGGACACGGCTGTGTATTACTGTGCGAAAGA,296M,CAGGTGCAGCTGGTGGAGTCTGGGGGA...GGCGTGGTCCAGCCTGGGAGGTCCCTGAGACTCTCCTGTGCAGCCTCTGGATTCACCTTC............AGTAGCTATGGCATGCACTGGGTCCGCCAGGCTCCAGGCAAGGGGCTGGAGTGGGTGGCAGTTATATCATATGAT......GGAAGTAATAAATACTATGCAGACTCCGTGAAG...GGCCGATTCACCATCTCCAGAGACAATTCCAAGAACACGCTGTATCTGCAAATGAACAGCCTGAGAGCTGAGGACACGGCTGTGTATTACTGTGCGAAAGA,,CACAGTG,7M,AGGGGAAGTCATTGTGCGCCCAG,23M,ACACAAACC,9M,AGCTCTGGGAGAGGAGCCCAGCACTAGAAGTCGGCGGTGTTTCCATTCGGTGATCAGCACTGAACACAGAGGACTCACC,79M,,,,,,,,,,,,,,,,,,,,,,
W-127,PRJNA555323,W-127,1,0,IGHV3-33,,IGHV3-33*01,IGHV3-33*01,100.0,CAGGTGCAGCTGGTGGAGTCTGGGGGAGGCGTGGTCCAGCCTGGGAGGTCCCTGAGACTCTCCTGTGCAGCGTCTGGATTCACCTTCAGTAGCTATGGCATGCACTGGGTCCGCCAGGCTCCAGGCAAGGGGCTGGAGTGGGTGGCAGTTATATGGTATGATGGAAGTAATAAATACTATGCAGACTCCGTGAAGGGCCGATTCACCATCTCCAGAGACAATTCCAAGAACACGCTGTATCTGCAAATGAACAGCCTGAGAGCCGAGGACACGGCTGTGTATTACTGTGCGAGAGA,False,,,,AGCTCTGGGAGAGGAGCCCAGCACTAGAAGTCGGCGGTGTTTCCATTCGGTGATCAGCACTGAACACAGAGGACTCACCATGGAGTTTGGGCTGAGCTGGGTTTTCCTCGTTGCTCTTTTAAGAGGTGATTCATGGAGAAATAGAGAGACTGAGTGTGAGTGAACATGAGTGAGAAAAACTGGATTTGTGTGGCATTTTCTGATAACGGTGTCCTTCTGTTTGCAGGTGTCCAGTGTCAGGTGCAGCTGGTGGAGTCTGGGGGAGGCGTGGTCCAGCCTGGGAGGTCCCTGAGACTCTCCTGTGCAGCGTCTGGATTCACCTTCAGTAGCTATGGCATGCACTGGGTCCGCCAGGCTCCAGGCAAGGGGCTGGAGTGGGTGGCAGTTATATGGTATGATGGAAGTAATAAATACTATGCAGACTCCGTGAAGGGCCGATTCACCATCTCCAGAGACAATTCCAAGAACACGCTGTATCTGCAAATGAACAGCCTGAGAGCCGAGGACACGGCTGTGTATTACTGTGCGAGAGACACAGTGAGGGGAGGTCATTGTGCGCCCAGACACAAACC,572M,ATGGAGTTTGGGCTGAGCTGGGTTTTCCTCGTTGCTCTTTTAAGAG,46M,GTGATTCATGGAGAAATAGAGAGACTGAGTGTGAGTGAACATGAGTGAGAAAAACTGGATTTGTGTGGCATTTTCTGATAACGGTGTCCTTCTGTTTGCAG,101M,CACAGTGAGGG,11M,CAGGTGCAGCTGGTGGAGTCTGGGGGAGGCGTGGTCCAGCCTGGGAGGTCCCTGAGACTCTCCTGTGCAGCGTCTGGATTCACCTTCAGTAGCTATGGCATGCACTGGGTCCGCCAGGCTCCAGGCAAGGGGCTGGAGTGGGTGGCAGTTATATGGTATGATGGAAGTAATAAATACTATGCAGACTCCGTGAAGGGCCGATTCACCATCTCCAGAGACAATTCCAAGAACACGCTGTATCTGCAAATGAACAGCCTGAGAGCCGAGGACACGGCTGTGTATTACTGTGCGAGAGA,296M,CAGGTGCAGCTGGTGGAGTCTGGGGGA...GGCGTGGTCCAGCCTGGGAGGTCCCTGAGACTCTCCTGTGCAGCGTCTGGATTCACCTTC............AGTAGCTATGGCATGCACTGGGTCCGCCAGGCTCCAGGCAAGGGGCTGGAGTGGGTGGCAGTTATATGGTATGAT......GGAAGTAATAAATACTATGCAGACTCCGTGAAG...GGCCGATTCACCATCTCCAGAGACAATTCCAAGAACACGCTGTATCTGCAAATGAACAGCCTGAGAGCCGAGGACACGGCTGTGTATTACTGTGCGAGAGA,,CACAGTG,7M,AGGGGAGGTCATTGTGCGCCCAG,23M,ACACAAACC,9M,AGCTCTGGGAGAGGAGCCCAGCACTAGAAGTCGGCGGTGTTTCCATTCGGTGATCAGCACTGAACACAGAGGACTCACC,79M,,,,,,,,,,,,,,,,,,,,,,
W-127,PRJNA555323,W-127,1,0,IGHV3-35,,IGHV3-35*01,IGHV3-35*01,100.0,GAGGTGCAGCTGGTGGAGTCTGGGGGAGGCTTGGTACAGCCTGGGGGATCCCTGAGACTCTCCTGTGCAGCCTCTGGATTCACCTTCAGTAACAGTGACATGAACTGGGTCCATCAGGCTCCAGGAAAGGGGCTGGAGTGGGTATCGGGTGTTAGTTGGAATGGCAGTAGGACGCACTATGCAGACTCTGTGAAGGGCCGATTCATCATCTCCAGAGACAATTCCAGGAACACCCTGTATCTGCAAACGAATAGCCTGAGGGCCGAGGACACGGCTGTGTATTACTGTGTGAGAAA,False,,,,AGCCCTGGGAGAGAAGCACCAGCCCTGGGATTCTCAGGTGTTTCCACTTTGTCATCAGCAACAAACAAATTACCATGGAATTTGGGCTGAGCTGGCTTTTTCTTGCTGCTATTTTAAAAGGTGATTCATGAAGAACTAAGGATATTGAGTGAGTGGACATGAGTGAGAGAAACAGTGGATTTGTGTGGCAGTTTCTGACCAGGGTGTCTCTGTGTTTGCAGGTGTCCAGTGTGAGGTGCAGCTGGTGGAGTCTGGGGGAGGCTTGGTACAGCCTGGGGGATCCCTGAGACTCTCCTGTGCAGCCTCTGGATTCACCTTCAGTAACAGTGACATGAACTGGGTCCATCAGGCTCCAGGAAAGGGGCTGGAGTGGGTATCGGGTGTTAGTTGGAATGGCAGTAGGACGCACTATGCAGACTCTGTGAAGGGCCGATTCATCATCTCCAGAGACAATTCCAGGAACACCCTGTATCTGCAAACGAATAGCCTGAGGGCCGAGGACACGGCTGTGTATTACTGTGTGAGAAACACTGTGAGAGGTCGGAAGTGTGAGCCCAGACACAAACC,567M,ATGGAATTTGGGCTGAGCTGGCTTTTTCTTGCTGCTATTTTAAAAG,46M,GTGATTCATGAAGAACTAAGGATATTGAGTGAGTGGACATGAGTGAGAGAAACAGTGGATTTGTGTGGCAGTTTCTGACCAGGGTGTCTCTGTGTTTGCAG,101M,CACTGTGAGAG,11M,GAGGTGCAGCTGGTGGAGTCTGGGGGAGGCTTGGTACAGCCTGGGGGATCCCTGAGACTCTCCTGTGCAGCCTCTGGATTCACCTTCAGTAACAGTGACATGAACTGGGTCCATCAGGCTCCAGGAAAGGGGCTGGAGTGGGTATCGGGTGTTAGTTGGAATGGCAGTAGGACGCACTATGCAGACTCTGTGAAGGGCCGATTCATCATCTCCAGAGACAATTCCAGGAACACCCTGTATCTGCAAACGAATAGCCTGAGGGCCGAGGACACGGCTGTGTATTACTGTGTGAGAAA,296M,GAGGTGCAGCTGGTGGAGTCTGGGGGA...GGCTTGGTACAGCCTGGGGGATCCCTGAGACTCTCCTGTGCAGCCTCTGGATTCACCTTC............AGTAACAGTGACATGAACTGGGTCCATCAGGCTCCAGGAAAGGGGCTGGAGTGGGTATCGGGTGTTAGTTGGAAT......GGCAGTAGGACGCACTATGCAGACTCTGTGAAG...GGCCGATTCATCATCTCCAGAGACAATTCCAGGAACACCCTGTATCTGCAAACGAATAGCCTGAGGGCCGAGGACACGGCTGTGTATTACTGTGTGAGAAA,,CACTGTG,7M,AGAGGTCGGAAGTGTGAGCCCAG,23M,ACACAAACC,9M,AGCCCTGGGAGAGAAGCACCAGCCCTGGGATTCTCAGGTGTTTCCACTTTGTCATCAGCAACAAACAAATTACC,74M,,,,,,,,,,,,,,,,,,,,,,
W-127,PRJNA555323,W-127,1,0,IGHV3-38,,IGHV3-38*02,IGHV3-38*02,100.0,GAGGTGCAGCTGGTGGAGTCTGGGGGAGGCTTGGTACAGCCTAGGGGGTCCCTGAGACTCTCCTGTGCAGCCTCTGGATTCACCGTCAGTAGCAATGAGATGAGCTGGATCCGCCAGGCTCCAGGGAAGGGGCTGGAGTGGGTCTCATCCATTAGTGGTGGTAGCACATACTACGCAGACTCCAGGAAGGGCAGATTCACCATCTCCAGAGACAATTCCAAGAACACGCTGTATCTTCAAATGAACAACCTGAGAGCTGAGGGCACGGCCGTGTATTACTGTGCCAGATATA,False,,,,AGCACTCTGGGAGTGGAGCCCCAGCCTTGGGATTCCCAGGTGTTTCCCTTCAGTGATCAGGACTGAACACACACAACTCATCATGCAGTTTGTGCTGAGCTGGGTTTTCCTTGTTGGTATTTTAAAAGGTGATTCATGGAGAACTACAGATGTTGAGTGTGAGTGGACATGAGTGAGCAAAACAGTGGGTTTGTGTGGCAGTTTCTGACCTTGGTGTCTCTGTGTTTGCAGGTGTCCAGTGTGAGGTGCAGCTGGTGGAGTCTGGGGGAGGCTTGGTACAGCCTAGGGGGTCCCTGAGACTCTCCTGTGCAGCCTCTGGATTCACCGTCAGTAGCAATGAGATGAGCTGGATCCGCCAGGCTCCAGGGAAGGGGCTGGAGTGGGTCTCATCCATTAGTGGTGGTAGCACATACTACGCAGACTCCAGGAAGGGCAGATTCACCATCTCCAGAGACAATTCCAAGAACACGCTGTATCTTCAAATGAACAACCTGAGAGCTGAGGGCACGGCCGTGTATTACTGTGCCAGATATACACAGAGGGGAAGTCATTGTGCGCCCAGACACAAACCTC,573M,ATGCAGTTTGTGCTGAGCTGGGTTTTCCTTGTTGGTATTTTAAAAG,46M,GTGATTCATGGAGAACTACAGATGTTGAGTGTGAGTGGACATGAGTGAGCAAAACAGTGGGTTTGTGTGGCAGTTTCTGACCTTGGTGTCTCTGTGTTTGCAG,103M,CACAGAGGGGA,11M,GAGGTGCAGCTGGTGGAGTCTGGGGGAGGCTTGGTACAGCCTAGGGGGTCCCTGAGACTCTCCTGTGCAGCCTCTGGATTCACCGTCAGTAGCAATGAGATGAGCTGGATCCGCCAGGCTCCAGGGAAGGGGCTGGAGTGGGTCTCATCCATTAGTGGTGGTAGCACATACTACGCAGACTCCAGGAAGGGCAGATTCACCATCTCCAGAGACAATTCCAAGAACACGCTGTATCTTCAAATGAACAACCTGAGAGCTGAGGGCACGGCCGTGTATTACTGTGCCAGATATA,292M,GAGGTGCAGCTGGTGGAGTCTGGGGGA...GGCTTGGTACAGCCTAGGGGGTCCCTGAGACTCTCCTGTGCAGCCTCTGGATTCACCGTC............AGTAGCAATGAGATGAGCTGGATCCGCCAGGCTCCAGGGAAGGGGCTGGAGTGGGTCTCATCCATTAGTGGT............GGTAGCACATACTACGCAGACTCCAGGAAG...GGCAGATTCACCATCTCCAGAGACAATTCCAAGAACACGCTGTATCTTCAAATGAACAACCTGAGAGCTGAGGGCACGGCCGTGTATTACTGTGCCAGATATA,,CACAGAG,7M,GGGAAGTCATTGTGCGCCCAGAC,23M,ACAAACCTC,9M,AGCACTCTGGGAGTGGAGCCCCAGCCTTGGGATTCCCAGGTGTTTCCCTTCAGTGATCAGGACTGAACACACACAACTCATC,82M,,,,,,,,,,,,,,,,,,,,,,
W-127,PRJNA555323,W-127,1,1,IGHV3-43,,IGHV3-43*01,IGHV3-43*01,100.0,GAAGTGCAGCTGGTGGAGTCTGGGGGAGTCGTGGTACAGCCTGGGGGGTCCCTGAGACTCTCCTGTGCAGCCTCTGGATTCACCTTTGATGATTATACCATGCACTGGGTCCGTCAAGCTCCGGGGAAGGGTCTGGAGTGGGTCTCTCTTATTAGTTGGGATGGTGGTAGCACATACTATGCAGACTCTGTGAAGGGCCGATTCACCATCTCCAGAGACAACAGCAAAAACTCCCTGTATCTGCAAATGAACAGTCTGAGAACTGAGGACACCGCCTTGTATTACTGTGCAAAAGATA,False,,,,AGCTCTGGGAGAGGAGCCCCAGCCCTGAGATTCCCAGGTGTTTCCATTCGGTGATCAGCACTGAACACAGAGAACGCACCATGGAGTTTGGACTGAGCTGGGTTTTCCTTGTTGCTATTTTAAAAGGTGATTCATGGATAAATAGAGATGTTGAGTGTGAGTGAACATGAGTGAGAGAAACAGTGGATATGTGTGGCAGTGTCTGACCAGGGTGTCTCTGTGTTTGCAGGTGTCCAGTGTGAAGTGCAGCTGGTGGAGTCTGGGGGAGTCGTGGTACAGCCTGGGGGGTCCCTGAGACTCTCCTGTGCAGCCTCTGGATTCACCTTTGATGATTATACCATGCACTGGGTCCGTCAAGCTCCGGGGAAGGGTCTGGAGTGGGTCTCTCTTATTAGTTGGGATGGTGGTAGCACATACTATGCAGACTCTGTGAAGGGCCGATTCACCATCTCCAGAGACAACAGCAAAAACTCCCTGTATCTGCAAATGAACAGTCTGAGAACTGAGGACACCGCCTTGTATTACTGTGCAAAAGATACACAGTGAGGGGAAGTCAGCGAGAGCCCAGACAAAAACC,577M,ATGGAGTTTGGACTGAGCTGGGTTTTCCTTGTTGCTATTTTAAAAG,46M,GTGATTCATGGATAAATAGAGATGTTGAGTGTGAGTGAACATGAGTGAGAGAAACAGTGGATATGTGTGGCAGTGTCTGACCAGGGTGTCTCTGTGTTTGCAG,103M,CACAGTGAGGG,11M,GAAGTGCAGCTGGTGGAGTCTGGGGGAGTCGTGGTACAGCCTGGGGGGTCCCTGAGACTCTCCTGTGCAGCCTCTGGATTCACCTTTGATGATTATACCATGCACTGGGTCCGTCAAGCTCCGGGGAAGGGTCTGGAGTGGGTCTCTCTTATTAGTTGGGATGGTGGTAGCACATACTATGCAGACTCTGTGAAGGGCCGATTCACCATCTCCAGAGACAACAGCAAAAACTCCCTGTATCTGCAAATGAACAGTCTGAGAACTGAGGACACCGCCTTGTATTACTGTGCAAAAGATA,298M,GAAGTGCAGCTGGTGGAGTCTGGGGGA...GTCGTGGTACAGCCTGGGGGGTCCCTGAGACTCTCCTGTGCAGCCTCTGGATTCACCTTT............GATGATTATACCATGCACTGGGTCCGTCAAGCTCCGGGGAAGGGTCTGGAGTGGGTCTCTCTTATTAGTTGGGAT......GGTGGTAGCACATACTATGCAGACTCTGTGAAG...GGCCGATTCACCATCTCCAGAGACAACAGCAAAAACTCCCTGTATCTGCAAATGAACAGTCTGAGAACTGAGGACACCGCCTTGTATTACTGTGCAAAAGATA,,CACAGTG,7M,AGGGGAAGTCAGCGAGAGCCCAG,23M,ACAAAAACC,9M,AGCTCTGGGAGAGGAGCCCCAGCCCTGAGATTCCCAGGTGTTTCCATTCGGTGATCAGCACTGAACACAGAGAACGCACC,80M,,,,,,,,,,,,,,,,,,,,,,
W-127,PRJNA555323,W-127,1,2,IGHV3-43,,IGHV3-43*01,IGHV3-43*01,100.0,GAAGTGCAGCTGGTGGAGTCTGGGGGAGTCGTGGTACAGCCTGGGGGGTCCCTGAGACTCTCCTGTGCAGCCTCTGGATTCACCTTTGATGATTATACCATGCACTGGGTCCGTCAAGCTCCGGGGAAGGGTCTGGAGTGGGTCTCTCTTATTAGTTGGGATGGTGGTAGCACATACTATGCAGACTCTGTGAAGGGCCGATTCACCATCTCCAGAGACAACAGCAAAAACTCCCTGTATCTGCAAATGAACAGTCTGAGAACTGAGGACACCGCCTTGTATTACTGTGCAAAAGATA,False,,,,AGCTCTGGGAGAGGAGCCCCAGCCCTGAGATTCCCAGGTGTTTCCATTCGGTGATCAGCACTGAACACAGAGAACGCACCATGGAGTTTGGACTGAGCTGGGTTTTCCTTGTTGCTATTTTAAAAGGTGATTCATGGATAAATAGAGATGTTGAGTGTGAGTGAACATGAGTGAGAGAAACAGTGGATATGTGTGGCAGTGTCTGACCAGGGTGTCTCTGTGTTTGCAGGTGTCCAGTGTGAAGTGCAGCTGGTGGAGTCTGGGGGAGTCGTGGTACAGCCTGGGGGGTCCCTGAGACTCTCCTGTGCAGCCTCTGGATTCACCTTTGATGATTATACCATGCACTGGGTCCGTCAAGCTCCGGGGAAGGGTCTGGAGTGGGTCTCTCTTATTAGTTGGGATGGTGGTAGCACATACTATGCAGACTCTGTGAAGGGCCGATTCACCATCTCCAGAGACAACAGCAAAAACTCCCTGTATCTGCAAATGAACAGTCTGAGAACTGAGGACACCGCCTTGTATTACTGTGCAAAAGATACACAGTGAGGGGAAGTCAGCGAGAGCCCAGACAAAAACC,577M,ATGGAGTTTGGACTGAGCTGGGTTTTCCTTGTTGCTATTTTAAAAG,46M,GTGATTCATGGATAAATAGAGATGTTGAGTGTGAGTGAACATGAGTGAGAGAAACAGTGGATATGTGTGGCAGTGTCTGACCAGGGTGTCTCTGTGTTTGCAG,103M,CACAGTGAGGG,11M,GAAGTGCAGCTGGTGGAGTCTGGGGGAGTCGTGGTACAGCCTGGGGGGTCCCTGAGACTCTCCTGTGCAGCCTCTGGATTCACCTTTGATGATTATACCATGCACTGGGTCCGTCAAGCTCCGGGGAAGGGTCTGGAGTGGGTCTCTCTTATTAGTTGGGATGGTGGTAGCACATACTATGCAGACTCTGTGAAGGGCCGATTCACCATCTCCAGAGACAACAGCAAAAACTCCCTGTATCTGCAAATGAACAGTCTGAGAACTGAGGACACCGCCTTGTATTACTGTGCAAAAGATA,298M,GAAGTGCAGCTGGTGGAGTCTGGGGGA...GTCGTGGTACAGCCTGGGGGGTCCCTGAGACTCTCCTGTGCAGCCTCTGGATTCACCTTT............GATGATTATACCATGCACTGGGTCCGTCAAGCTCCGGGGAAGGGTCTGGAGTGGGTCTCTCTTATTAGTTGGGAT......GGTGGTAGCACATACTATGCAGACTCTGTGAAG...GGCCGATTCACCATCTCCAGAGACAACAGCAAAAACTCCCTGTATCTGCAAATGAACAGTCTGAGAACTGAGGACACCGCCTTGTATTACTGTGCAAAAGATA,,CACAGTG,7M,AGGGGAAGTCAGCGAGAGCCCAG,23M,ACAAAAACC,9M,AGCTCTGGGAGAGGAGCCCCAGCCCTGAGATTCCCAGGTGTTTCCATTCGGTGATCAGCACTGAACACAGAGAACGCACC,80M,,,,,,,,,,,,,,,,,,,,,,
W-127,PRJNA555323,W-127,1,2,IGHV1-45,,IGHV1-45*02,IGHV1-45*02,100.0,CAGATGCAGCTGGTGCAGTCTGGGGCTGAGGTGAAGAAGACTGGGTCCTCAGTGAAGGTTTCCTGCAAGGCTTCCGGATACACCTTCACCTACCGCTACCTGCACTGGGTGCGACAGGCCCCCGGACAAGCGCTTGAGTGGATGGGATGGATCACACCTTTCAATGGTAACACCAACTACGCACAGAAATTCCAGGACAGAGTCACCATTACCAGGGACAGGTCTATGAGCACAGCCTACATGGAGCTGAGCAGCCTGAGATCTGAGGACACAGCCATGTATTACTGTGCAAGATA,False,,,,ATGGACTGGACCTGGAGAATCCTCTTCTTGGTGGCAGCAGCCACAGGTAAGGGGCTCCCAAGTCCCAGTGATGAGGAGGGGATTGAGTCCAGTCAAGGTGGCTTTTATCCACTCCTGTGTCCCCTCCACAGATGCCTACTCCCAGATGCAGCTGGTGCAGTCTGGGGCTGAGGTGAAGAAGACTGGGTCCTCAGTGAAGGTTTCCTGCAAGGCTTCCGGATACACCTTCACCTACCGCTACCTGCACTGGGTGCGACAGGCCCCCGGACAAGCGCTTGAGTGGATGGGATGGATCACACCTTTCAATGGTAACACCAACTACGCACAGAAATTCCAGGACAGAGTCACCATTACCAGGGACAGGTCTATGAGCACAGCCTACATGGAGCTGAGCAGCCTGAGATCTGAGGACACAGCCATGTATTACTGTGCAAGATACACAGTGTGAAAACCCACATCCTGAGACCGTCAGAAACC,477M,ATGGACTGGACCTGGAGAATCCTCTTCTTGGTGGCAGCAGCCACAG,46M,GTAAGGGGCTCCCAAGTCCCAGTGATGAGGAGGGGATTGAGTCCAGTCAAGGTGGCTTTTATCCACTCCTGTGTCCCCTCCACAG,85M,CACAGTGTGAA,11M,CAGATGCAGCTGGTGCAGTCTGGGGCTGAGGTGAAGAAGACTGGGTCCTCAGTGAAGGTTTCCTGCAAGGCTTCCGGATACACCTTCACCTACCGCTACCTGCACTGGGTGCGACAGGCCCCCGGACAAGCGCTTGAGTGGATGGGATGGATCACACCTTTCAATGGTAACACCAACTACGCACAGAAATTCCAGGACAGAGTCACCATTACCAGGGACAGGTCTATGAGCACAGCCTACATGGAGCTGAGCAGCCTGAGATCTGAGGACACAGCCATGTATTACTGTGCAAGATA,296M,CAGATGCAGCTGGTGCAGTCTGGGGCT...GAGGTGAAGAAGACTGGGTCCTCAGTGAAGGTTTCCTGCAAGGCTTCCGGATACACCTTC............ACCTACCGCTACCTGCACTGGGTGCGACAGGCCCCCGGACAAGCGCTTGAGTGGATGGGATGGATCACACCTTTC......AATGGTAACACCAACTACGCACAGAAATTCCAG...GACAGAGTCACCATTACCAGGGACAGGTCTATGAGCACAGCCTACATGGAGCTGAGCAGCCTGAGATCTGAGGACACAGCCATGTATTACTGTGCAAGATA,,CACAGTG,7M,TGAAAACCCACATCCTGAGACCG,23M,TCAGAAACC,9M,,,,,,,,,,,,,,,,,,,,,,,,
W-127,PRJNA555323,W-127,1,1,IGHV1-45,,IGHV1-45*02,IGHV1-45*02,100.0,CAGATGCAGCTGGTGCAGTCTGGGGCTGAGGTGAAGAAGACTGGGTCCTCAGTGAAGGTTTCCTGCAAGGCTTCCGGATACACCTTCACCTACCGCTACCTGCACTGGGTGCGACAGGCCCCCGGACAAGCGCTTGAGTGGATGGGATGGATCACACCTTTCAATGGTAACACCAACTACGCACAGAAATTCCAGGACAGAGTCACCATTACCAGGGACAGGTCTATGAGCACAGCCTACATGGAGCTGAGCAGCCTGAGATCTGAGGACACAGCCATGTATTACTGTGCAAGATA,False,,,,ATGGACTGGACCTGGAGAATCCTCTTCTTGGTGGCAGCAGCCACAGGTAAGGGGCTCCCAAGTCCCAGTGATGAGGAGGGGATTGAGTCCAGTCAAGGTGGCTTTTATCCACTCCTGTGTCCCCTCCACAGATGCCTACTCCCAGATGCAGCTGGTGCAGTCTGGGGCTGAGGTGAAGAAGACTGGGTCCTCAGTGAAGGTTTCCTGCAAGGCTTCCGGATACACCTTCACCTACCGCTACCTGCACTGGGTGCGACAGGCCCCCGGACAAGCGCTTGAGTGGATGGGATGGATCACACCTTTCAATGGTAACACCAACTACGCACAGAAATTCCAGGACAGAGTCACCATTACCAGGGACAGGTCTATGAGCACAGCCTACATGGAGCTGAGCAGCCTGAGATCTGAGGACACAGCCATGTATTACTGTGCAAGATACACAGTGTGAAAACCCACATCCTGAGACCGTCAGAAACC,477M,ATGGACTGGACCTGGAGAATCCTCTTCTTGGTGGCAGCAGCCACAG,46M,GTAAGGGGCTCCCAAGTCCCAGTGATGAGGAGGGGATTGAGTCCAGTCAAGGTGGCTTTTATCCACTCCTGTGTCCCCTCCACAG,85M,CACAGTGTGAA,11M,CAGATGCAGCTGGTGCAGTCTGGGGCTGAGGTGAAGAAGACTGGGTCCTCAGTGAAGGTTTCCTGCAAGGCTTCCGGATACACCTTCACCTACCGCTACCTGCACTGGGTGCGACAGGCCCCCGGACAAGCGCTTGAGTGGATGGGATGGATCACACCTTTCAATGGTAACACCAACTACGCACAGAAATTCCAGGACAGAGTCACCATTACCAGGGACAGGTCTATGAGCACAGCCTACATGGAGCTGAGCAGCCTGAGATCTGAGGACACAGCCATGTATTACTGTGCAAGATA,296M,CAGATGCAGCTGGTGCAGTCTGGGGCT...GAGGTGAAGAAGACTGGGTCCTCAGTGAAGGTTTCCTGCAAGGCTTCCGGATACACCTTC............ACCTACCGCTACCTGCACTGGGTGCGACAGGCCCCCGGACAAGCGCTTGAGTGGATGGGATGGATCACACCTTTC......AATGGTAACACCAACTACGCACAGAAATTCCAG...GACAGAGTCACCATTACCAGGGACAGGTCTATGAGCACAGCCTACATGGAGCTGAGCAGCCTGAGATCTGAGGACACAGCCATGTATTACTGTGCAAGATA,,CACAGTG,7M,TGAAAACCCACATCCTGAGACCG,23M,TCAGAAACC,9M,,,,,,,,,,,,,,,,,,,,,,,,
W-127,PRJNA555323,W-127,1,2,IGHV1-46,,IGHV1-46*01,IGHV1-46*01,100.0,CAGGTGCAGCTGGTGCAGTCTGGGGCTGAGGTGAAGAAGCCTGGGGCCTCAGTGAAGGTTTCCTGCAAGGCATCTGGATACACCTTCACCAGCTACTATATGCACTGGGTGCGACAGGCCCCTGGACAAGGGCTTGAGTGGATGGGAATAATCAACCCTAGTGGTGGTAGCACAAGCTACGCACAGAAGTTCCAGGGCAGAGTCACCATGACCAGGGACACGTCCACGAGCACAGTCTACATGGAGCTGAGCAGCCTGAGATCTGAGGACACGGCCGTGTATTACTGTGCGAGAGA,False,,,,ATCATCCAACAACCACATCCCTTCTCTACAGAAGCCTCTGAGAGGAAAGTTCTTCACCATGGACTGGACCTGGAGGGTCTTCTGCTTGCTGGCTGTAGCTCCAGGTAAAGGGCCAACTGGTTCCAGGGCTGAGGAAGGGATTTTTTCCAGTTTAGAGGACTGTCATTCTCTACTGTGTCCTCTCCGCAGGTGCTCACTCCCAGGTGCAGCTGGTGCAGTCTGGGGCTGAGGTGAAGAAGCCTGGGGCCTCAGTGAAGGTTTCCTGCAAGGCATCTGGATACACCTTCACCAGCTACTATATGCACTGGGTGCGACAGGCCCCTGGACAAGGGCTTGAGTGGATGGGAATAATCAACCCTAGTGGTGGTAGCACAAGCTACGCACAGAAGTTCCAGGGCAGAGTCACCATGACCAGGGACACGTCCACGAGCACAGTCTACATGGAGCTGAGCAGCCTGAGATCTGAGGACACGGCCGTGTATTACTGTGCGAGAGACACAGTGTGAGAAACCACATCCTCAGAGTGTCAGAAACC,535M,ATGGACTGGACCTGGAGGGTCTTCTGCTTGCTGGCTGTAGCTCCAG,46M,GTAAAGGGCCAACTGGTTCCAGGGCTGAGGAAGGGATTTTTTCCAGTTTAGAGGACTGTCATTCTCTACTGTGTCCTCTCCGCAG,85M,CACAGTGTGAG,11M,CAGGTGCAGCTGGTGCAGTCTGGGGCTGAGGTGAAGAAGCCTGGGGCCTCAGTGAAGGTTTCCTGCAAGGCATCTGGATACACCTTCACCAGCTACTATATGCACTGGGTGCGACAGGCCCCTGGACAAGGGCTTGAGTGGATGGGAATAATCAACCCTAGTGGTGGTAGCACAAGCTACGCACAGAAGTTCCAGGGCAGAGTCACCATGACCAGGGACACGTCCACGAGCACAGTCTACATGGAGCTGAGCAGCCTGAGATCTGAGGACACGGCCGTGTATTACTGTGCGAGAGA,296M,CAGGTGCAGCTGGTGCAGTCTGGGGCT...GAGGTGAAGAAGCCTGGGGCCTCAGTGAAGGTTTCCTGCAAGGCATCTGGATACACCTTC............ACCAGCTACTATATGCACTGGGTGCGACAGGCCCCTGGACAAGGGCTTGAGTGGATGGGAATAATCAACCCTAGT......GGTGGTAGCACAAGCTACGCACAGAAGTTCCAG...GGCAGAGTCACCATGACCAGGGACACGTCCACGAGCACAGTCTACATGGAGCTGAGCAGCCTGAGATCTGAGGACACGGCCGTGTATTACTGTGCGAGAGA,,CACAGTG,7M,TGAGAAACCACATCCTCAGAGTG,23M,TCAGAAACC,9M,ATCATCCAACAACCACATCCCTTCTCTACAGAAGCCTCTGAGAGGAAAGTTCTTCACC,58M,,,,,,,,,,,,,,,,,,,,,,
W-127,PRJNA555323,W-127,1,1,IGHV1-46,,IGHV1-46*03,IGHV1-46*03,100.0,CAGGTGCAGCTGGTGCAGTCTGGGGCTGAGGTGAAGAAGCCTGGGGCCTCAGTGAAGGTTTCCTGCAAGGCATCTGGATACACCTTCACCAGCTACTATATGCACTGGGTGCGACAGGCCCCTGGACAAGGGCTTGAGTGGATGGGAATAATCAACCCTAGTGGTGGTAGCACAAGCTACGCACAGAAGTTCCAGGGCAGAGTCACCATGACCAGGGACACGTCCACGAGCACAGTCTACATGGAGCTGAGCAGCCTGAGATCTGAGGACACGGCCGTGTATTACTGTGCTAGAGA,False,,,,ATCATCCAACAACCACATCCCTTCTCTACAGAAGCCTCTGAGAGGAAAGTTCTTCACCATGGACTGGACCTGGAGGGTCTTCTGCTTGCTGGCTGTAGCTCCAGGTAAAGGGCCAACTGGTTCCAGGGCTGAGGAAGGGATTTTTTCCAGTTTAGAGGACTGTCATTCTCTACTGTGTCCTCTCCGCAGGTGCTCACTCCCAGGTGCAGCTGGTGCAGTCTGGGGCTGAGGTGAAGAAGCCTGGGGCCTCAGTGAAGGTTTCCTGCAAGGCATCTGGATACACCTTCACCAGCTACTATATGCACTGGGTGCGACAGGCCCCTGGACAAGGGCTTGAGTGGATGGGAATAATCAACCCTAGTGGTGGTAGCACAAGCTACGCACAGAAGTTCCAGGGCAGAGTCACCATGACCAGGGACACGTCCACGAGCACAGTCTACATGGAGCTGAGCAGCCTGAGATCTGAGGACACGGCCGTGTATTACTGTGCTAGAGACACAGTGTGAGAAACCACATCCTCAGAGTGTCAGAAACC,535M,ATGGACTGGACCTGGAGGGTCTTCTGCTTGCTGGCTGTAGCTCCAG,46M,GTAAAGGGCCAACTGGTTCCAGGGCTGAGGAAGGGATTTTTTCCAGTTTAGAGGACTGTCATTCTCTACTGTGTCCTCTCCGCAG,85M,CACAGTGTGAG,11M,CAGGTGCAGCTGGTGCAGTCTGGGGCTGAGGTGAAGAAGCCTGGGGCCTCAGTGAAGGTTTCCTGCAAGGCATCTGGATACACCTTCACCAGCTACTATATGCACTGGGTGCGACAGGCCCCTGGACAAGGGCTTGAGTGGATGGGAATAATCAACCCTAGTGGTGGTAGCACAAGCTACGCACAGAAGTTCCAGGGCAGAGTCACCATGACCAGGGACACGTCCACGAGCACAGTCTACATGGAGCTGAGCAGCCTGAGATCTGAGGACACGGCCGTGTATTACTGTGCTAGAGA,296M,CAGGTGCAGCTGGTGCAGTCTGGGGCT...GAGGTGAAGAAGCCTGGGGCCTCAGTGAAGGTTTCCTGCAAGGCATCTGGATACACCTTC............ACCAGCTACTATATGCACTGGGTGCGACAGGCCCCTGGACAAGGGCTTGAGTGGATGGGAATAATCAACCCTAGT......GGTGGTAGCACAAGCTACGCACAGAAGTTCCAG...GGCAGAGTCACCATGACCAGGGACACGTCCACGAGCACAGTCTACATGGAGCTGAGCAGCCTGAGATCTGAGGACACGGCCGTGTATTACTGTGCTAGAGA,,CACAGTG,7M,TGAGAAACCACATCCTCAGAGTG,23M,TCAGAAACC,9M,ATCATCCAACAACCACATCCCTTCTCTACAGAAGCCTCTGAGAGGAAAGTTCTTCACC,58M,,,,,,,,,,,,,,,,,,,,,,
W-127,PRJNA555323,W-127,1,0,IGHV3-48,,IGHV3-48*02,IGHV3-48*02,100.0,GAGGTGCAGCTGGTGGAGTCTGGGGGAGGCTTGGTACAGCCTGGGGGGTCCCTGAGACTCTCCTGTGCAGCCTCTGGATTCACCTTCAGTAGCTATAGCATGAACTGGGTCCGCCAGGCTCCAGGGAAGGGGCTGGAGTGGGTTTCATACATTAGTAGTAGTAGTAGTACCATATACTACGCAGACTCTGTGAAGGGCCGATTCACCATCTCCAGAGACAATGCCAAGAACTCACTGTATCTGCAAATGAACAGCCTGAGAGACGAGGACACGGCTGTGTATTACTGTGCGAGAGA,False,,,,AGAGAGGTGCCTTAGCCCTGGATTCCAAGGCATTTCCACTTGGTGATCAGCACTGAACACAGAGGACTCACCATGGAGTTGGGGCTGTGCTGGGTTTTCCTTGTTGCTATTTTAGAAGGTGATTCATGGAAAACTAGAGAGATTTAGTGTGTGTGGATATGAGTGAGAGAAACAGTGGATATGTGTGGCAGTTTCTGACCTTGGTGTCTCTTTGTTTGCAGGTGTCCAGTGTGAGGTGCAGCTGGTGGAGTCTGGGGGAGGCTTGGTACAGCCTGGGGGGTCCCTGAGACTCTCCTGTGCAGCCTCTGGATTCACCTTCAGTAGCTATAGCATGAACTGGGTCCGCCAGGCTCCAGGGAAGGGGCTGGAGTGGGTTTCATACATTAGTAGTAGTAGTAGTACCATATACTACGCAGACTCTGTGAAGGGCCGATTCACCATCTCCAGAGACAATGCCAAGAACTCACTGTATCTGCAAATGAACAGCCTGAGAGACGAGGACACGGCTGTGTATTACTGTGCGAGAGACACAGTGAGGGGAGGTCAGTGTGAGCCCAGACACAAACC,567M,ATGGAGTTGGGGCTGTGCTGGGTTTTCCTTGTTGCTATTTTAGAAG,46M,GTGATTCATGGAAAACTAGAGAGATTTAGTGTGTGTGGATATGAGTGAGAGAAACAGTGGATATGTGTGGCAGTTTCTGACCTTGGTGTCTCTTTGTTTGCAG,103M,CACAGTGAGGG,11M,GAGGTGCAGCTGGTGGAGTCTGGGGGAGGCTTGGTACAGCCTGGGGGGTCCCTGAGACTCTCCTGTGCAGCCTCTGGATTCACCTTCAGTAGCTATAGCATGAACTGGGTCCGCCAGGCTCCAGGGAAGGGGCTGGAGTGGGTTTCATACATTAGTAGTAGTAGTAGTACCATATACTACGCAGACTCTGTGAAGGGCCGATTCACCATCTCCAGAGACAATGCCAAGAACTCACTGTATCTGCAAATGAACAGCCTGAGAGACGAGGACACGGCTGTGTATTACTGTGCGAGAGA,296M,GAGGTGCAGCTGGTGGAGTCTGGGGGA...GGCTTGGTACAGCCTGGGGGGTCCCTGAGACTCTCCTGTGCAGCCTCTGGATTCACCTTC............AGTAGCTATAGCATGAACTGGGTCCGCCAGGCTCCAGGGAAGGGGCTGGAGTGGGTTTCATACATTAGTAGTAGT......AGTAGTACCATATACTACGCAGACTCTGTGAAG...GGCCGATTCACCATCTCCAGAGACAATGCCAAGAACTCACTGTATCTGCAAATGAACAGCCTGAGAGACGAGGACACGGCTGTGTATTACTGTGCGAGAGA,,CACAGTG,7M,AGGGGAGGTCAGTGTGAGCCCAG,23M,ACACAAACC,9M,AGAGAGGTGCCTTAGCCCTGGATTCCAAGGCATTTCCACTTGGTGATCAGCACTGAACACAGAGGACTCACC,72M,,,,,,,,,,,,,,,,,,,,,,
W-127,PRJNA555323,W-127,1,0,IGHV3-49,,IGHV3-49*05,IGHV3-49*05,100.0,GAGGTGCAGCTGGTGGAGTCTGGGGGAGGCTTGGTAAAGCCAGGGCGGTCCCTGAGACTCTCCTGTACAGCTTCTGGATTCACCTTTGGTGATTATGCTATGAGCTGGTTCCGCCAGGCTCCAGGGAAGGGGCTGGAGTGGGTAGGTTTCATTAGAAGCAAAGCTTATGGTGGGACAACAGAATACGCCGCGTCTGTGAAAGGCAGATTCACCATCTCAAGAGATGATTCCAAAAGCATCGCCTATCTGCAAATGAACAGCCTGAAAACCGAGGACACAGCCGTGTATTACTGTACTAGAGA,False,,,,CTCTGGGAGAGGAGCCCCAGCCGTGAGATTCCCAGGAGTTTCCACTTGGTGATCAGCACTGAACACAGACCACCAACCATGGAGTTTGGGCTTAGCTGGGTTTTCCTTGTTGCTATTTTAAAAGGTAATTCATGGTGTACTAGAGATACTGAGTGTGAGGGGACATGAGTGGTAGAAACAGTGGATATGTGTGGCAGTTTCTGACCTTGGTGTTTCTGTGTTTGCAGGTGTCCAATGTGAGGTGCAGCTGGTGGAGTCTGGGGGAGGCTTGGTAAAGCCAGGGCGGTCCCTGAGACTCTCCTGTACAGCTTCTGGATTCACCTTTGGTGATTATGCTATGAGCTGGTTCCGCCAGGCTCCAGGGAAGGGGCTGGAGTGGGTAGGTTTCATTAGAAGCAAAGCTTATGGTGGGACAACAGAATACGCCGCGTCTGTGAAAGGCAGATTCACCATCTCAAGAGATGATTCCAAAAGCATCGCCTATCTGCAAATGAACAGCCTGAAAACCGAGGACACAGCCGTGTATTACTGTACTAGAGACACAGTGAGGGGAGGTCAATGTGAGCCCAGACACAAACC,579M,ATGGAGTTTGGGCTTAGCTGGGTTTTCCTTGTTGCTATTTTAAAAG,46M,GTAATTCATGGTGTACTAGAGATACTGAGTGTGAGGGGACATGAGTGGTAGAAACAGTGGATATGTGTGGCAGTTTCTGACCTTGGTGTTTCTGTGTTTGCAG,103M,CACAGTGAGGG,11M,GAGGTGCAGCTGGTGGAGTCTGGGGGAGGCTTGGTAAAGCCAGGGCGGTCCCTGAGACTCTCCTGTACAGCTTCTGGATTCACCTTTGGTGATTATGCTATGAGCTGGTTCCGCCAGGCTCCAGGGAAGGGGCTGGAGTGGGTAGGTTTCATTAGAAGCAAAGCTTATGGTGGGACAACAGAATACGCCGCGTCTGTGAAAGGCAGATTCACCATCTCAAGAGATGATTCCAAAAGCATCGCCTATCTGCAAATGAACAGCCTGAAAACCGAGGACACAGCCGTGTATTACTGTACTAGAGA,302M,GAGGTGCAGCTGGTGGAGTCTGGGGGA...GGCTTGGTAAAGCCAGGGCGGTCCCTGAGACTCTCCTGTACAGCTTCTGGATTCACCTTT............GGTGATTATGCTATGAGCTGGTTCCGCCAGGCTCCAGGGAAGGGGCTGGAGTGGGTAGGTTTCATTAGAAGCAAAGCTTATGGTGGGACAACAGAATACGCCGCGTCTGTGAAA...GGCAGATTCACCATCTCAAGAGATGATTCCAAAAGCATCGCCTATCTGCAAATGAACAGCCTGAAAACCGAGGACACAGCCGTGTATTACTGTACTAGAGA,,CACAGTG,7M,AGGGGAGGTCAATGTGAGCCCAG,23M,ACACAAACC,9M,CTCTGGGAGAGGAGCCCCAGCCGTGAGATTCCCAGGAGTTTCCACTTGGTGATCAGCACTGAACACAGACCACCAACC,78M,,,,,,,,,,,,,,,,,,,,,,
W-127,PRJNA555323,W-127,1,0,IGHV5-51,,IGHV5-51*01,IGHV5-51*01,100.0,GAGGTGCAGCTGGTGCAGTCTGGAGCAGAGGTGAAAAAGCCCGGGGAGTCTCTGAAGATCTCCTGTAAGGGTTCTGGATACAGCTTTACCAGCTACTGGATCGGCTGGGTGCGCCAGATGCCCGGGAAAGGCCTGGAGTGGATGGGGATCATCTATCCTGGTGACTCTGATACCAGATACAGCCCGTCCTTCCAAGGCCAGGTCACCATCTCAGCCGACAAGTCCATCAGCACCGCCTACCTGCAGTGGAGCAGCCTGAAGGCCTCGGACACCGCCATGTATTACTGTGCGAGACA,False,,,,AGTCTCCCTCACTGCCCAGCTGGGATCTCAGGGCTTCATTTTCTGTCCTCCACCATCATGGGGTCAACCGCCATCCTCGCCCTCCTCCTGGCTGTTCTCCAAGGTCAGTCCTGCCGAGGGCTTGAGGTCACAGAGGAGAACGGGTGGAAAGGAGCCCCTGATTCAAATTTTGTGTCTCCCCCACAGGAGTCTGTGCCGAGGTGCAGCTGGTGCAGTCTGGAGCAGAGGTGAAAAAGCCCGGGGAGTCTCTGAAGATCTCCTGTAAGGGTTCTGGATACAGCTTTACCAGCTACTGGATCGGCTGGGTGCGCCAGATGCCCGGGAAAGGCCTGGAGTGGATGGGGATCATCTATCCTGGTGACTCTGATACCAGATACAGCCCGTCCTTCCAAGGCCAGGTCACCATCTCAGCCGACAAGTCCATCAGCACCGCCTACCTGCAGTGGAGCAGCCTGAAGGCCTCGGACACCGCCATGTATTACTGTGCGAGACACACAGTGAGAGAAACCAGCCCCGAGCCCGTCTAAAACCC,532M,ATGGGGTCAACCGCCATCCTCGCCCTCCTCCTGGCTGTTCTCCAAG,46M,GTCAGTCCTGCCGAGGGCTTGAGGTCACAGAGGAGAACGGGTGGAAAGGAGCCCCTGATTCAAATTTTGTGTCTCCCCCACAG,83M,CACAGTGAGAG,11M,GAGGTGCAGCTGGTGCAGTCTGGAGCAGAGGTGAAAAAGCCCGGGGAGTCTCTGAAGATCTCCTGTAAGGGTTCTGGATACAGCTTTACCAGCTACTGGATCGGCTGGGTGCGCCAGATGCCCGGGAAAGGCCTGGAGTGGATGGGGATCATCTATCCTGGTGACTCTGATACCAGATACAGCCCGTCCTTCCAAGGCCAGGTCACCATCTCAGCCGACAAGTCCATCAGCACCGCCTACCTGCAGTGGAGCAGCCTGAAGGCCTCGGACACCGCCATGTATTACTGTGCGAGACA,296M,GAGGTGCAGCTGGTGCAGTCTGGAGCA...GAGGTGAAAAAGCCCGGGGAGTCTCTGAAGATCTCCTGTAAGGGTTCTGGATACAGCTTT............ACCAGCTACTGGATCGGCTGGGTGCGCCAGATGCCCGGGAAAGGCCTGGAGTGGATGGGGATCATCTATCCTGGT......GACTCTGATACCAGATACAGCCCGTCCTTCCAA...GGCCAGGTCACCATCTCAGCCGACAAGTCCATCAGCACCGCCTACCTGCAGTGGAGCAGCCTGAAGGCCTCGGACACCGCCATGTATTACTGTGCGAGACA,,CACAGTG,7M,AGAGAAACCAGCCCCGAGCCCGT,23M,CTAAAACCC,9M,AGTCTCCCTCACTGCCCAGCTGGGATCTCAGGGCTTCATTTTCTGTCCTCCACCATC,57M,,,,,,,,,,,,,,,,,,,,,,
W-127,PRJNA555323,W-127,1,0,IGHV8-51-1,,IGHV8-51-1*03,IGHV8-51-1*03,100.0,GAGGCCCAGCTTACAGAGTCTGGGGGAGACTTGGTACACTGAGAGGGGCCCCTGAGGCTCTCCTGTGCAGCCTCTTGGTTCACCTTCAGTATCTATGAGATTCACTGGGTTTGCCAGGCCTCAGGGAAGGGGCTGGAATGGGTTGCAGTTATATGGCGTGGTGAAAGTCATCAATACAATGCAGACTATGTTAGGGGCAGACTCACCACTTCCAGAGACAACACCAAGTACATGCTGTACATGCAAATGAACAGCCTGAGAACCCAGAACATGGCAGCATTTAACTGTGCAGGAAA,False,Stop codon in V-REGION before 2nd cysteine,,,ACTTTTAAAATTTAAATTGTTAATTTTTGTTTTCATCAATGCTTGTATGTGTGCTTTTGTATTCTTTCAGATTATTTGGTGCCTTCACAGAATTAAACATGTGAAACTCTCCACTTGAATTTCTGTGACTCAGGACTGGTGAGCAAAAAGTTAGAAGTCACTCTCCTGATCCTTCCCTACAGCTGCAGATTCCTGAAGGTAATGACCTCACAGTAGACCAAGGCCCTCAAAGGTGACCTTGAGTTCCAGCACATCTTGGGAGGCCAAGCGGATGTTTGTGAAAGAAATAGTGGCTATGTGACAGTTTCTAACCAGAATATCTCTGTGTTTTCAGGTATCCAGGGTGAGGCCCAGCTTACAGAGTCTGGGGGAGACTTGGTACACTGAGAGGGGCCCCTGAGGCTCTCCTGTGCAGCCTCTTGGTTCACCTTCAGTATCTATGAGATTCACTGGGTTTGCCAGGCCTCAGGGAAGGGGCTGGAATGGGTTGCAGTTATATGGCGTGGTGAAAGTCATCAATACAATGCAGACTATGTTAGGGGCAGACTCACCACTTCCAGAGACAACACCAAGTACATGCTGTACATGCAAATGAACAGCCTGAGAACCCAGAACATGGCAGCATTTAACTGTGCAGGAAACATCGTGATGGGAAGTCCACGTGGGCTCAGAGACAGAC,679M,TGCTTGTATGTGTGCTTTTGTATTCTTTCAGATTATTTGG,40M,TGCCTTCACAGAATTAAACATGTGAAACTCTCCACTTGAATTTCTGTGACTCAGGACTGGTGAGCAAAAAGTTAGAAGTCACTCTCCTGATCCTTCCCTACAGCTGCAGATTCCTGAAGGTAATGACCTCACAGTAGACCAAGGCCCTCAAAGGTGACCTTGAGTTCCAGCACATCTTGGGAGGCCAAGCGGATGTTTGTGAAAGAAATAGTGGCTATGTGACAGTTTCTAACCAGAATATCTCTGTGTTTTCAG,255M,CATCGTGATGG,11M,GAGGCCCAGCTTACAGAGTCTGGGGGAGACTTGGTACACTGAGAGGGGCCCCTGAGGCTCTCCTGTGCAGCCTCTTGGTTCACCTTCAGTATCTATGAGATTCACTGGGTTTGCCAGGCCTCAGGGAAGGGGCTGGAATGGGTTGCAGTTATATGGCGTGGTGAAAGTCATCAATACAATGCAGACTATGTTAGGGGCAGACTCACCACTTCCAGAGACAACACCAAGTACATGCTGTACATGCAAATGAACAGCCTGAGAACCCAGAACATGGCAGCATTTAACTGTGCAGGAAA,296M,GAGGCCCAGCTTACAGAGTCTGGGGGA...GACTTGGTACACTGAGAGGGGCCCCTGAGGCTCTCCTGTGCAGCCTCTTGGTTCACCTTC............AGTATCTATGAGATTCACTGGGTTTGCCAGGCCTCAGGGAAGGGGCTGGAATGGGTTGCAGTTATATGGCGTGGT......GAAAGTCATCAATACAATGCAGACTATGTTAGG...GGCAGACTCACCACTTCCAGAGACAACACCAAGTACATGCTGTACATGCAAATGAACAGCCTGAGAACCCAGAACATGGCAGCATTTAACTGTGCAGGAAA,,CATCGTG,7M,ATGGGAAGTCCACGTGGGCTCA,22M,GAGACAGAC,9M,ACTTTTAAAATTTAAATTGTTAATTTTTGTTTTCATCA,38M,,,,,,,,,,,,,,,,,,,,,,
W-127,PRJNA555323,W-127,1,0,IGHV3-53,,IGHV3-53*01,IGHV3-53*01,100.0,GAGGTGCAGCTGGTGGAGTCTGGAGGAGGCTTGATCCAGCCTGGGGGGTCCCTGAGACTCTCCTGTGCAGCCTCTGGGTTCACCGTCAGTAGCAACTACATGAGCTGGGTCCGCCAGGCTCCAGGGAAGGGGCTGGAGTGGGTCTCAGTTATTTATAGCGGTGGTAGCACATACTACGCAGACTCCGTGAAGGGCCGATTCACCATCTCCAGAGACAATTCCAAGAACACGCTGTATCTTCAAATGAACAGCCTGAGAGCCGAGGACACGGCCGTGTATTACTGTGCGAGAGA,False,,,,AGAGGAGCCCAGCACTGGGATTCCGAGGTGTTTCCATTCGGTGATCAGCACTGAACACAGAGGACTCACCATGGAGTTTTGGCTGAGCTGGGTTTTCCTTGTTGCTATTTTAAAAGGTGATTCATGGAGAACTAGAGATATTGAGTGTGAGTGAACACGAGTGAGAGAAACAGTGGATATGTGTGGCAGTTTCTAACCAATGTCTCTGTGTTTGCAGGTGTCCAGTGTGAGGTGCAGCTGGTGGAGTCTGGAGGAGGCTTGATCCAGCCTGGGGGGTCCCTGAGACTCTCCTGTGCAGCCTCTGGGTTCACCGTCAGTAGCAACTACATGAGCTGGGTCCGCCAGGCTCCAGGGAAGGGGCTGGAGTGGGTCTCAGTTATTTATAGCGGTGGTAGCACATACTACGCAGACTCCGTGAAGGGCCGATTCACCATCTCCAGAGACAATTCCAAGAACACGCTGTATCTTCAAATGAACAGCCTGAGAGCCGAGGACACGGCCGTGTATTACTGTGCGAGAGACACAGTGAGGGGAAGTCATTGTGCGCCCAGACACAAACC,560M,ATGGAGTTTTGGCTGAGCTGGGTTTTCCTTGTTGCTATTTTAAAAG,46M,GTGATTCATGGAGAACTAGAGATATTGAGTGTGAGTGAACACGAGTGAGAGAAACAGTGGATATGTGTGGCAGTTTCTAACCAATGTCTCTGTGTTTGCAG,101M,CACAGTGAGGG,11M,GAGGTGCAGCTGGTGGAGTCTGGAGGAGGCTTGATCCAGCCTGGGGGGTCCCTGAGACTCTCCTGTGCAGCCTCTGGGTTCACCGTCAGTAGCAACTACATGAGCTGGGTCCGCCAGGCTCCAGGGAAGGGGCTGGAGTGGGTCTCAGTTATTTATAGCGGTGGTAGCACATACTACGCAGACTCCGTGAAGGGCCGATTCACCATCTCCAGAGACAATTCCAAGAACACGCTGTATCTTCAAATGAACAGCCTGAGAGCCGAGGACACGGCCGTGTATTACTGTGCGAGAGA,293M,GAGGTGCAGCTGGTGGAGTCTGGAGGA...GGCTTGATCCAGCCTGGGGGGTCCCTGAGACTCTCCTGTGCAGCCTCTGGGTTCACCGTC............AGTAGCAACTACATGAGCTGGGTCCGCCAGGCTCCAGGGAAGGGGCTGGAGTGGGTCTCAGTTATTTATAGCGGT.........GGTAGCACATACTACGCAGACTCCGTGAAG...GGCCGATTCACCATCTCCAGAGACAATTCCAAGAACACGCTGTATCTTCAAATGAACAGCCTGAGAGCCGAGGACACGGCCGTGTATTACTGTGCGAGAGA,,CACAGTG,7M,AGGGGAAGTCATTGTGCGCCCAG,23M,ACACAAACC,9M,AGAGGAGCCCAGCACTGGGATTCCGAGGTGTTTCCATTCGGTGATCAGCACTGAACACAGAGGACTCACC,70M,,,,,,,,,,,,,,,,,,,,,,
W-127,PRJNA555323,W-127,1,0,IGHV1-58,,IGHV1-58*01,IGHV1-58*01,100.0,CAAATGCAGCTGGTGCAGTCTGGGCCTGAGGTGAAGAAGCCTGGGACCTCAGTGAAGGTCTCCTGCAAGGCTTCTGGATTCACCTTTACTAGCTCTGCTGTGCAGTGGGTGCGACAGGCTCGTGGACAACGCCTTGAGTGGATAGGATGGATCGTCGTTGGCAGTGGTAACACAAACTACGCACAGAAGTTCCAGGAAAGAGTCACCATTACCAGGGACATGTCCACAAGCACAGCCTACATGGAGCTGAGCAGCCTGAGATCCGAGGACACGGCCGTGTATTACTGTGCGGCAGA,False,,,,ATCATCCAGAAACCACATCCCTCCGCTAGAGAAGCCCCTGACGGCACAGTTCCTCACTATGGACTGGATTTGGAGGATCCTCTTCTTGGTGGGAGCAGCGACAGGCAAGGAGATGCCAAGTCCCAGTGATGAGGAGGGGATTGAGTCCAGTCAAGGTGGCTTTCATCCACTCCTGTGTTCTCTCCACAGGTGCCCACTCCCAAATGCAGCTGGTGCAGTCTGGGCCTGAGGTGAAGAAGCCTGGGACCTCAGTGAAGGTCTCCTGCAAGGCTTCTGGATTCACCTTTACTAGCTCTGCTGTGCAGTGGGTGCGACAGGCTCGTGGACAACGCCTTGAGTGGATAGGATGGATCGTCGTTGGCAGTGGTAACACAAACTACGCACAGAAGTTCCAGGAAAGAGTCACCATTACCAGGGACATGTCCACAAGCACAGCCTACATGGAGCTGAGCAGCCTGAGATCCGAGGACACGGCCGTGTATTACTGTGCGGCAGACACAGTGTGAAAACCCACATCCTGAGAGTGTCAGAAACG,535M,ATGGACTGGATTTGGAGGATCCTCTTCTTGGTGGGAGCAGCGACAG,46M,GCAAGGAGATGCCAAGTCCCAGTGATGAGGAGGGGATTGAGTCCAGTCAAGGTGGCTTTCATCCACTCCTGTGTTCTCTCCACAG,85M,CACAGTGTGAA,11M,CAAATGCAGCTGGTGCAGTCTGGGCCTGAGGTGAAGAAGCCTGGGACCTCAGTGAAGGTCTCCTGCAAGGCTTCTGGATTCACCTTTACTAGCTCTGCTGTGCAGTGGGTGCGACAGGCTCGTGGACAACGCCTTGAGTGGATAGGATGGATCGTCGTTGGCAGTGGTAACACAAACTACGCACAGAAGTTCCAGGAAAGAGTCACCATTACCAGGGACATGTCCACAAGCACAGCCTACATGGAGCTGAGCAGCCTGAGATCCGAGGACACGGCCGTGTATTACTGTGCGGCAGA,296M,CAAATGCAGCTGGTGCAGTCTGGGCCT...GAGGTGAAGAAGCCTGGGACCTCAGTGAAGGTCTCCTGCAAGGCTTCTGGATTCACCTTT............ACTAGCTCTGCTGTGCAGTGGGTGCGACAGGCTCGTGGACAACGCCTTGAGTGGATAGGATGGATCGTCGTTGGC......AGTGGTAACACAAACTACGCACAGAAGTTCCAG...GAAAGAGTCACCATTACCAGGGACATGTCCACAAGCACAGCCTACATGGAGCTGAGCAGCCTGAGATCCGAGGACACGGCCGTGTATTACTGTGCGGCAGA,,CACAGTG,7M,TGAAAACCCACATCCTGAGAGTG,23M,TCAGAAACG,9M,ATCATCCAGAAACCACATCCCTCCGCTAGAGAAGCCCCTGACGGCACAGTTCCTCACT,58M,,,,,,,,,,,,,,,,,,,,,,
W-127,PRJNA555323,W-127,1,2,IGHV3-62,,IGHV3-62*03,IGHV3-62*03,100.0,GAGGTGCAGCTGGTGGAGTCTGGGGAAGGCTTGGTCCAGCCTGGGGGGTCCCTGAGACTCTCCTGTGCAGCCTCTGGATTCACCTTCAGTAGCTCTGCTATGCACTGGGTCCGCCAGGCTCCAAGAAAGGGTTTGTAGTGGGTCTCAGTTATTAGTACAAGTGGTGATACCGTACTCTACACAGACTCTGTGAAGGGCCGATTCACCATCTCCAGAGACAATGCCCAGAATTCACTGTATCTGCAAATGAACAGCCTGAGAGCCGACGACATGGCTGTGTATTACTGTGTGAAAGA,False,Stop codon in V-REGION before 2nd cysteine,,,GTCGGCGGTGTTTCCATTCCGTGATCAGCACTGAACACAGAGGACTCACCATGGAGTTTGGGCTGAGCTGGGTTTTCCTTGTTGCTATTTTAAGAGGTGATTCATAGATAAATAGAGATGTTGAGTGGGAGTGGACATGAGTGAGAGAAACAGTGGATGTGTGTGGCAGTTTCTGACCTTGGTGTCTTTGTGTTTGCAGGTGTCCAGTGTGAGGTGCAGCTGGTGGAGTCTGGGGAAGGCTTGGTCCAGCCTGGGGGGTCCCTGAGACTCTCCTGTGCAGCCTCTGGATTCACCTTCAGTAGCTCTGCTATGCACTGGGTCCGCCAGGCTCCAAGAAAGGGTTTGTAGTGGGTCTCAGTTATTAGTACAAGTGGTGATACCGTACTCTACACAGACTCTGTGAAGGGCCGATTCACCATCTCCAGAGACAATGCCCAGAATTCACTGTATCTGCAAATGAACAGCCTGAGAGCCGACGACATGGCTGTGTATTACTGTGTGAAAGACGCAGTGAGAAGTCAGTGTGAGCCCAGACACAAACCTC,544M,TGGAGTTTGGGCTGAGCTGGGTTTTCCTTGTTGCTATTTTAAGAGG,46M,TGATTCATAGATAAATAGAGATGTTGAGTGGGAGTGGACATGAGTGAGAGAAACAGTGGATGTGTGTGGCAGTTTCTGACCTTGGTGTCTTTGTGTTTGCAG,102M,CGCAGTGAGAA,11M,GAGGTGCAGCTGGTGGAGTCTGGGGAAGGCTTGGTCCAGCCTGGGGGGTCCCTGAGACTCTCCTGTGCAGCCTCTGGATTCACCTTCAGTAGCTCTGCTATGCACTGGGTCCGCCAGGCTCCAAGAAAGGGTTTGTAGTGGGTCTCAGTTATTAGTACAAGTGGTGATACCGTACTCTACACAGACTCTGTGAAGGGCCGATTCACCATCTCCAGAGACAATGCCCAGAATTCACTGTATCTGCAAATGAACAGCCTGAGAGCCGACGACATGGCTGTGTATTACTGTGTGAAAGA,296M,GAGGTGCAGCTGGTGGAGTCTGGGGAA...GGCTTGGTCCAGCCTGGGGGGTCCCTGAGACTCTCCTGTGCAGCCTCTGGATTCACCTTC............AGTAGCTCTGCTATGCACTGGGTCCGCCAGGCTCCAAGAAAGGGTTTGTAGTGGGTCTCAGTTATTAGTACAAGT......GGTGATACCGTACTCTACACAGACTCTGTGAAG...GGCCGATTCACCATCTCCAGAGACAATGCCCAGAATTCACTGTATCTGCAAATGAACAGCCTGAGAGCCGACGACATGGCTGTGTATTACTGTGTGAAAGA,,CGCAGTG,7M,AGAAGTCAGTGTGAGCCCAGAC,22M,ACAAACCTC,9M,GTCGGCGGTGTTTCCATTCCGTGATCAGCACTGAACACAGAGGACTCACC,50M,,,,,,,,,,,,,,,,,,,,,,
W-127,PRJNA555323,W-127,1,1,IGHV3-62,,IGHV3-62*03,IGHV3-62*03,100.0,GAGGTGCAGCTGGTGGAGTCTGGGGAAGGCTTGGTCCAGCCTGGGGGGTCCCTGAGACTCTCCTGTGCAGCCTCTGGATTCACCTTCAGTAGCTCTGCTATGCACTGGGTCCGCCAGGCTCCAAGAAAGGGTTTGTAGTGGGTCTCAGTTATTAGTACAAGTGGTGATACCGTACTCTACACAGACTCTGTGAAGGGCCGATTCACCATCTCCAGAGACAATGCCCAGAATTCACTGTATCTGCAAATGAACAGCCTGAGAGCCGACGACATGGCTGTGTATTACTGTGTGAAAGA,False,Stop codon in V-REGION before 2nd cysteine,,,GTCGGCGGTGTTTCCATTCCGTGATCAGCACTGAACACAGAGGACTCACCATGGAGTTTGGGCTGAGCTGGGTTTTCCTTGTTGCTATTTTAAGAGGTGATTCATAGATAAATAGAGATGTTGAGTGGGAGTGGACATGAGTGAGAGAAACAGTGGATGTGTGTGGCAGTTTCTGACCTTGGTGTCTTTGTGTTTGCAGGTGTCCAGTGTGAGGTGCAGCTGGTGGAGTCTGGGGAAGGCTTGGTCCAGCCTGGGGGGTCCCTGAGACTCTCCTGTGCAGCCTCTGGATTCACCTTCAGTAGCTCTGCTATGCACTGGGTCCGCCAGGCTCCAAGAAAGGGTTTGTAGTGGGTCTCAGTTATTAGTACAAGTGGTGATACCGTACTCTACACAGACTCTGTGAAGGGCCGATTCACCATCTCCAGAGACAATGCCCAGAATTCACTGTATCTGCAAATGAACAGCCTGAGAGCCGACGACATGGCTGTGTATTACTGTGTGAAAGACGCAGTGAGAAGTCAGTGTGAGCCCAGACACAAACCTC,544M,TGGAGTTTGGGCTGAGCTGGGTTTTCCTTGTTGCTATTTTAAGAGG,46M,TGATTCATAGATAAATAGAGATGTTGAGTGGGAGTGGACATGAGTGAGAGAAACAGTGGATGTGTGTGGCAGTTTCTGACCTTGGTGTCTTTGTGTTTGCAG,102M,CGCAGTGAGAA,11M,GAGGTGCAGCTGGTGGAGTCTGGGGAAGGCTTGGTCCAGCCTGGGGGGTCCCTGAGACTCTCCTGTGCAGCCTCTGGATTCACCTTCAGTAGCTCTGCTATGCACTGGGTCCGCCAGGCTCCAAGAAAGGGTTTGTAGTGGGTCTCAGTTATTAGTACAAGTGGTGATACCGTACTCTACACAGACTCTGTGAAGGGCCGATTCACCATCTCCAGAGACAATGCCCAGAATTCACTGTATCTGCAAATGAACAGCCTGAGAGCCGACGACATGGCTGTGTATTACTGTGTGAAAGA,296M,GAGGTGCAGCTGGTGGAGTCTGGGGAA...GGCTTGGTCCAGCCTGGGGGGTCCCTGAGACTCTCCTGTGCAGCCTCTGGATTCACCTTC............AGTAGCTCTGCTATGCACTGGGTCCGCCAGGCTCCAAGAAAGGGTTTGTAGTGGGTCTCAGTTATTAGTACAAGT......GGTGATACCGTACTCTACACAGACTCTGTGAAG...GGCCGATTCACCATCTCCAGAGACAATGCCCAGAATTCACTGTATCTGCAAATGAACAGCCTGAGAGCCGACGACATGGCTGTGTATTACTGTGTGAAAGA,,CGCAGTG,7M,AGAAGTCAGTGTGAGCCCAGAC,22M,ACAAACCTC,9M,GTCGGCGGTGTTTCCATTCCGTGATCAGCACTGAACACAGAGGACTCACC,50M,,,,,,,,,,,,,,,,,,,,,,
W-127,PRJNA555323,W-127,1,0,IGHV3-64,,IGHV3-64*02,IGHV3-64*02,100.0,GAGGTGCAGCTGGTGGAGTCTGGGGAAGGCTTGGTCCAGCCTGGGGGGTCCCTGAGACTCTCCTGTGCAGCCTCTGGATTCACCTTCAGTAGCTATGCTATGCACTGGGTCCGCCAGGCTCCAGGGAAGGGACTGGAATATGTTTCAGCTATTAGTAGTAATGGGGGTAGCACATATTATGCAGACTCTGTGAAGGGCAGATTCACCATCTCCAGAGACAATTCCAAGAACACGCTGTATCTTCAAATGGGCAGCCTGAGAGCTGAGGACATGGCTGTGTATTACTGTGCGAGAGA,False,,,,GCTCTGGGAGAGGAGCCCCCGCCCTGGGATTCCCAGGTGTTTTCATTTGGTGATCAGCACTGAACACAGAAGAGTCATGATGGAGTTTGGGCTGAGCTGGGTTTTCCTTGTTGCTATTTTTAAAGGTGATTCATGAGGAAATAGAGATATTGAGTGTGAGTGGACATGAGTGAGAGAAACAGTGGATTTGTGTGGCAGTTTCTGACCTTGGTGTCTCTGTGTTTGCAGGTGTCCAGTGTGAGGTGCAGCTGGTGGAGTCTGGGGAAGGCTTGGTCCAGCCTGGGGGGTCCCTGAGACTCTCCTGTGCAGCCTCTGGATTCACCTTCAGTAGCTATGCTATGCACTGGGTCCGCCAGGCTCCAGGGAAGGGACTGGAATATGTTTCAGCTATTAGTAGTAATGGGGGTAGCACATATTATGCAGACTCTGTGAAGGGCAGATTCACCATCTCCAGAGACAATTCCAAGAACACGCTGTATCTTCAAATGGGCAGCCTGAGAGCTGAGGACATGGCTGTGTATTACTGTGCGAGAGACACAGTGAGGAGAAGTTAATGTGGGACCATGCAGAAACC,574M,ATGATGGAGTTTGGGCTGAGCTGGGTTTTCCTTGTTGCTATTTTTAAAG,49M,GTGATTCATGAGGAAATAGAGATATTGAGTGTGAGTGGACATGAGTGAGAGAAACAGTGGATTTGTGTGGCAGTTTCTGACCTTGGTGTCTCTGTGTTTGCAG,103M,CACAGTGAGGA,11M,GAGGTGCAGCTGGTGGAGTCTGGGGAAGGCTTGGTCCAGCCTGGGGGGTCCCTGAGACTCTCCTGTGCAGCCTCTGGATTCACCTTCAGTAGCTATGCTATGCACTGGGTCCGCCAGGCTCCAGGGAAGGGACTGGAATATGTTTCAGCTATTAGTAGTAATGGGGGTAGCACATATTATGCAGACTCTGTGAAGGGCAGATTCACCATCTCCAGAGACAATTCCAAGAACACGCTGTATCTTCAAATGGGCAGCCTGAGAGCTGAGGACATGGCTGTGTATTACTGTGCGAGAGA,296M,GAGGTGCAGCTGGTGGAGTCTGGGGAA...GGCTTGGTCCAGCCTGGGGGGTCCCTGAGACTCTCCTGTGCAGCCTCTGGATTCACCTTC............AGTAGCTATGCTATGCACTGGGTCCGCCAGGCTCCAGGGAAGGGACTGGAATATGTTTCAGCTATTAGTAGTAAT......GGGGGTAGCACATATTATGCAGACTCTGTGAAG...GGCAGATTCACCATCTCCAGAGACAATTCCAAGAACACGCTGTATCTTCAAATGGGCAGCCTGAGAGCTGAGGACATGGCTGTGTATTACTGTGCGAGAGA,,CACAGTG,7M,AGGAGAAGTTAATGTGGGACCAT,23M,GCAGAAACC,9M,GCTCTGGGAGAGGAGCCCCCGCCCTGGGATTCCCAGGTGTTTTCATTTGGTGATCAGCACTGAACACAGAAGAGTC,76M,,,,,,,,,,,,,,,,,,,,,,
W-127,PRJNA555323,W-127,1,0,IGHV3-66,,IGHV3-66*03,IGHV3-66*03,100.0,GAGGTGCAGCTGGTGGAGTCTGGAGGAGGCTTGATCCAGCCTGGGGGGTCCCTGAGACTCTCCTGTGCAGCCTCTGGGTTCACCGTCAGTAGCAACTACATGAGCTGGGTCCGCCAGGCTCCAGGGAAGGGGCTGGAGTGGGTCTCAGTTATTTATAGCTGTGGTAGCACATACTACGCAGACTCCGTGAAGGGCCGATTCACCATCTCCAGAGACAATTCCAAGAACACGCTGTATCTTCAAATGAACAGCCTGAGAGCTGAGGACACGGCTGTGTATTACTGTGCGAGAGA,False,,,,AGCTCTGGGAGAGGAGCCCAGCACTGGGATTCCGAGGTGTTTCCATTCAGTGATCTGCACTGAACACAGAGGACTCGCCATGGAGTTTGGGCTGAGCTGGGTTTTCCTTGTTGCTATTTTAAAAGGTGATTCATGGAGAACTAGAGATATTGAGTGTGAGTGAACACGAGTGAGAGAAACAGTGGATATGTGTGGCAGTTTCTAACCAATGTCTCTGTGTTTGCAGGTGTCCAGTGTGAGGTGCAGCTGGTGGAGTCTGGAGGAGGCTTGATCCAGCCTGGGGGGTCCCTGAGACTCTCCTGTGCAGCCTCTGGGTTCACCGTCAGTAGCAACTACATGAGCTGGGTCCGCCAGGCTCCAGGGAAGGGGCTGGAGTGGGTCTCAGTTATTTATAGCTGTGGTAGCACATACTACGCAGACTCCGTGAAGGGCCGATTCACCATCTCCAGAGACAATTCCAAGAACACGCTGTATCTTCAAATGAACAGCCTGAGAGCTGAGGACACGGCTGTGTATTACTGTGCGAGAGACACAGTGAGGGGAGGCCATTGTGCGCCCAGACACAAACC,569M,ATGGAGTTTGGGCTGAGCTGGGTTTTCCTTGTTGCTATTTTAAAAG,46M,GTGATTCATGGAGAACTAGAGATATTGAGTGTGAGTGAACACGAGTGAGAGAAACAGTGGATATGTGTGGCAGTTTCTAACCAATGTCTCTGTGTTTGCAG,101M,CACAGTGAGGG,11M,GAGGTGCAGCTGGTGGAGTCTGGAGGAGGCTTGATCCAGCCTGGGGGGTCCCTGAGACTCTCCTGTGCAGCCTCTGGGTTCACCGTCAGTAGCAACTACATGAGCTGGGTCCGCCAGGCTCCAGGGAAGGGGCTGGAGTGGGTCTCAGTTATTTATAGCTGTGGTAGCACATACTACGCAGACTCCGTGAAGGGCCGATTCACCATCTCCAGAGACAATTCCAAGAACACGCTGTATCTTCAAATGAACAGCCTGAGAGCTGAGGACACGGCTGTGTATTACTGTGCGAGAGA,293M,GAGGTGCAGCTGGTGGAGTCTGGAGGA...GGCTTGATCCAGCCTGGGGGGTCCCTGAGACTCTCCTGTGCAGCCTCTGGGTTCACCGTC............AGTAGCAACTACATGAGCTGGGTCCGCCAGGCTCCAGGGAAGGGGCTGGAGTGGGTCTCAGTTATTTATAGCTGT.........GGTAGCACATACTACGCAGACTCCGTGAAG...GGCCGATTCACCATCTCCAGAGACAATTCCAAGAACACGCTGTATCTTCAAATGAACAGCCTGAGAGCTGAGGACACGGCTGTGTATTACTGTGCGAGAGA,,CACAGTG,7M,AGGGGAGGCCATTGTGCGCCCAG,23M,ACACAAACC,9M,AGCTCTGGGAGAGGAGCCCAGCACTGGGATTCCGAGGTGTTTCCATTCAGTGATCTGCACTGAACACAGAGGACTCGCC,79M,,,,,,,,,,,,,,,,,,,,,,
W-127,PRJNA555323,W-127,1,0,IGHV1-69,,IGHV1-69*06,IGHV1-69*06,100.0,CAGGTGCAGCTGGTGCAGTCTGGGGCTGAGGTGAAGAAGCCTGGGTCCTCGGTGAAGGTCTCCTGCAAGGCTTCTGGAGGCACCTTCAGCAGCTATGCTATCAGCTGGGTGCGACAGGCCCCTGGACAAGGGCTTGAGTGGATGGGAGGGATCATCCCTATCTTTGGTACAGCAAACTACGCACAGAAGTTCCAGGGCAGAGTCACGATTACCGCGGACAAATCCACGAGCACAGCCTACATGGAGCTGAGCAGCCTGAGATCTGAGGACACGGCCGTGTATTACTGTGCGAGAGA,False,,,,ATCACATAACAACCACATTCCTCCTCTGAAGAAGCCCCTGGGAGCACAGCTCATCACCATGGACTGGACCTGGAGGTTCCTCTTTGTGGTGGCAGCAGCTACAGGTAAGGGGCTTCCTAGTCCTAAGGCTGAGGAAGGGATCCTGGTTTAGTTAAAGAGGATTTTATTCACCCCTGTGTCCTCTCCACAGGTGTCCAGTCCCAGGTGCAGCTGGTGCAGTCTGGGGCTGAGGTGAAGAAGCCTGGGTCCTCGGTGAAGGTCTCCTGCAAGGCTTCTGGAGGCACCTTCAGCAGCTATGCTATCAGCTGGGTGCGACAGGCCCCTGGACAAGGGCTTGAGTGGATGGGAGGGATCATCCCTATCTTTGGTACAGCAAACTACGCACAGAAGTTCCAGGGCAGAGTCACGATTACCGCGGACAAATCCACGAGCACAGCCTACATGGAGCTGAGCAGCCTGAGATCTGAGGACACGGCCGTGTATTACTGTGCGAGAGACACAGTGTGAAAACCCACATCCTGAGAGTGTCAGAAACC,536M,ATGGACTGGACCTGGAGGTTCCTCTTTGTGGTGGCAGCAGCTACAG,46M,GTAAGGGGCTTCCTAGTCCTAAGGCTGAGGAAGGGATCCTGGTTTAGTTAAAGAGGATTTTATTCACCCCTGTGTCCTCTCCACAG,86M,CACAGTGTGAA,11M,CAGGTGCAGCTGGTGCAGTCTGGGGCTGAGGTGAAGAAGCCTGGGTCCTCGGTGAAGGTCTCCTGCAAGGCTTCTGGAGGCACCTTCAGCAGCTATGCTATCAGCTGGGTGCGACAGGCCCCTGGACAAGGGCTTGAGTGGATGGGAGGGATCATCCCTATCTTTGGTACAGCAAACTACGCACAGAAGTTCCAGGGCAGAGTCACGATTACCGCGGACAAATCCACGAGCACAGCCTACATGGAGCTGAGCAGCCTGAGATCTGAGGACACGGCCGTGTATTACTGTGCGAGAGA,296M,CAGGTGCAGCTGGTGCAGTCTGGGGCT...GAGGTGAAGAAGCCTGGGTCCTCGGTGAAGGTCTCCTGCAAGGCTTCTGGAGGCACCTTC............AGCAGCTATGCTATCAGCTGGGTGCGACAGGCCCCTGGACAAGGGCTTGAGTGGATGGGAGGGATCATCCCTATC......TTTGGTACAGCAAACTACGCACAGAAGTTCCAG...GGCAGAGTCACGATTACCGCGGACAAATCCACGAGCACAGCCTACATGGAGCTGAGCAGCCTGAGATCTGAGGACACGGCCGTGTATTACTGTGCGAGAGA,,CACAGTG,7M,TGAAAACCCACATCCTGAGAGTG,23M,TCAGAAACC,9M,ATCACATAACAACCACATTCCTCCTCTGAAGAAGCCCCTGGGAGCACAGCTCATCACC,58M,,,,,,,,,,,,,,,,,,,,,,
W-127,PRJNA555323,W-127,1,0,IGHV2-70D,,IGHV2-70D*04,IGHV2-70D*04,100.0,CAGGTCACCTTGAAGGAGTCTGGTCCTGCGCTGGTGAAACCCACACAGACCCTCACACTGACCTGCACCTTCTCTGGGTTCTCACTCAGCACTAGTGGAATGCGTGTGAGCTGGATCCGTCAGCCCCCAGGGAAGGCCCTGGAGTGGCTTGCACGCATTGATTGGGATGATGATAAATTCTACAGCACATCTCTGAAGACCAGGCTCACCATCTCCAAGGACACCTCCAAAAACCAGGTGGTCCTTACAATGACCAACATGGACCCTGTGGACACAGCCACGTATTACTGTGCACGGATAC,False,,,,AATCCTGCTCTCCACCATGGACATACTTTGTTCCACGCTCCTGCTACTGACTGTCCCGTCCTGTGAGTGCTGTGGTCAGGTAGTACTTCAGAAGCAAAAAATCTATTCTCTCCTTTGTGGGCTTCATCTTCTTATGTCTTCTCCACAGGGGTCTTATCCCAGGTCACCTTGAAGGAGTCTGGTCCTGCGCTGGTGAAACCCACACAGACCCTCACACTGACCTGCACCTTCTCTGGGTTCTCACTCAGCACTAGTGGAATGCGTGTGAGCTGGATCCGTCAGCCCCCAGGGAAGGCCCTGGAGTGGCTTGCACGCATTGATTGGGATGATGATAAATTCTACAGCACATCTCTGAAGACCAGGCTCACCATCTCCAAGGACACCTCCAAAAACCAGGTGGTCCTTACAATGACCAACATGGACCCTGTGGACACAGCCACGTATTACTGTGCACGGATACCACAGAGACACAGCCCAGGGCGCCTCCTGTACAAGAACC,499M,ATGGACATACTTTGTTCCACGCTCCTGCTACTGACTGTCCCGTCCT,46M,GTGAGTGCTGTGGTCAGGTAGTACTTCAGAAGCAAAAAATCTATTCTCTCCTTTGTGGGCTTCATCTTCTTATGTCTTCTCCACAG,86M,CACAGAGACAC,11M,CAGGTCACCTTGAAGGAGTCTGGTCCTGCGCTGGTGAAACCCACACAGACCCTCACACTGACCTGCACCTTCTCTGGGTTCTCACTCAGCACTAGTGGAATGCGTGTGAGCTGGATCCGTCAGCCCCCAGGGAAGGCCCTGGAGTGGCTTGCACGCATTGATTGGGATGATGATAAATTCTACAGCACATCTCTGAAGACCAGGCTCACCATCTCCAAGGACACCTCCAAAAACCAGGTGGTCCTTACAATGACCAACATGGACCCTGTGGACACAGCCACGTATTACTGTGCACGGATAC,301M,CAGGTCACCTTGAAGGAGTCTGGTCCT...GCGCTGGTGAAACCCACACAGACCCTCACACTGACCTGCACCTTCTCTGGGTTCTCACTCAGC......ACTAGTGGAATGCGTGTGAGCTGGATCCGTCAGCCCCCAGGGAAGGCCCTGGAGTGGCTTGCACGCATTGATTGGGAT.........GATGATAAATTCTACAGCACATCTCTGAAG...ACCAGGCTCACCATCTCCAAGGACACCTCCAAAAACCAGGTGGTCCTTACAATGACCAACATGGACCCTGTGGACACAGCCACGTATTACTGTGCACGGATAC,,CACAGAG,7M,ACACAGCCCAGGGCGCCTCCTGT,23M,ACAAGAACC,9M,AATCCTGCTCTCCACC,16M,,,,,,,,,,,,,,,,,,,,,,
W-127,PRJNA555323,W-127,1,0,IGHV1-69-2,,IGHV1-69-2*01,IGHV1-69-2*01,100.0,GAGGTCCAGCTGGTACAGTCTGGGGCTGAGGTGAAGAAGCCTGGGGCTACAGTGAAAATCTCCTGCAAGGTTTCTGGATACACCTTCACCGACTACTACATGCACTGGGTGCAACAGGCCCCTGGAAAAGGGCTTGAGTGGATGGGACTTGTTGATCCTGAAGATGGTGAAACAATATACGCAGAGAAGTTCCAGGGCAGAGTCACCATAACCGCGGACACGTCTACAGACACAGCCTACATGGAGCTGAGCAGCCTGAGATCTGAGGACACGGCCGTGTATTACTGTGCAACAGA,False,,,,TCACACAACAGCCACATCCCTCCCCTACAGAAGCCCCCAGAGAGCAGCACCTCACCATGGACTGCACCTGGAGGATCCTCCTCTTGGTGGCAGCAGCTACAGGTAAGAGAATCCTTAGTTCCAGGGCTGATGAGGGGACTGGGTCCAGTTAAGTGGTGTCTCATCCACTCCTTTCTCTTCTCCACAGGCACCCACGCCGAGGTCCAGCTGGTACAGTCTGGGGCTGAGGTGAAGAAGCCTGGGGCTACAGTGAAAATCTCCTGCAAGGTTTCTGGATACACCTTCACCGACTACTACATGCACTGGGTGCAACAGGCCCCTGGAAAAGGGCTTGAGTGGATGGGACTTGTTGATCCTGAAGATGGTGAAACAATATACGCAGAGAAGTTCCAGGGCAGAGTCACCATAACCGCGGACACGTCTACAGACACAGCCTACATGGAGCTGAGCAGCCTGAGATCTGAGGACACGGCCGTGTATTACTGTGCAACAGACACAGTGTGAAAACCCACATGCTGAGAGTGTCAGAAAC,532M,TGGACTGCACCTGGAGGATCCTCCTCTTGGTGGCAGCAGCTACAGG,46M,TAAGAGAATCCTTAGTTCCAGGGCTGATGAGGGGACTGGGTCCAGTTAAGTGGTGTCTCATCCACTCCTTTCTCTTCTCCACAG,84M,CACAGTGTGAA,11M,GAGGTCCAGCTGGTACAGTCTGGGGCTGAGGTGAAGAAGCCTGGGGCTACAGTGAAAATCTCCTGCAAGGTTTCTGGATACACCTTCACCGACTACTACATGCACTGGGTGCAACAGGCCCCTGGAAAAGGGCTTGAGTGGATGGGACTTGTTGATCCTGAAGATGGTGAAACAATATACGCAGAGAAGTTCCAGGGCAGAGTCACCATAACCGCGGACACGTCTACAGACACAGCCTACATGGAGCTGAGCAGCCTGAGATCTGAGGACACGGCCGTGTATTACTGTGCAACAGA,296M,GAGGTCCAGCTGGTACAGTCTGGGGCT...GAGGTGAAGAAGCCTGGGGCTACAGTGAAAATCTCCTGCAAGGTTTCTGGATACACCTTC............ACCGACTACTACATGCACTGGGTGCAACAGGCCCCTGGAAAAGGGCTTGAGTGGATGGGACTTGTTGATCCTGAA......GATGGTGAAACAATATACGCAGAGAAGTTCCAG...GGCAGAGTCACCATAACCGCGGACACGTCTACAGACACAGCCTACATGGAGCTGAGCAGCCTGAGATCTGAGGACACGGCCGTGTATTACTGTGCAACAGA,,CACAGTG,7M,TGAAAACCCACATGCTGAGAGT,22M,GTCAGAAAC,9M,TCACACAACAGCCACATCCCTCCCCTACAGAAGCCCCCAGAGAGCAGCACCTCACCA,57M,,,,,,,,,,,,,,,,,,,,,,
W-127,PRJNA555323,W-127,1,1,IGHV1-69D,,IGHV1-69D*01,IGHV1-69D*01,100.0,CAGGTGCAGCTGGTGCAGTCTGGGGCTGAGGTGAAGAAGCCTGGGTCCTCGGTGAAGGTCTCCTGCAAGGCTTCTGGAGGCACCTTCAGCAGCTATGCTATCAGCTGGGTGCGACAGGCCCCTGGACAAGGGCTTGAGTGGATGGGAGGGATCATCCCTATCTTTGGTACAGCAAACTACGCACAGAAGTTCCAGGGCAGAGTCACGATTACCGCGGACGAATCCACGAGCACAGCCTACATGGAGCTGAGCAGCCTGAGATCTGAGGACACGGCCGTGTATTACTGTGCGAGAGA,False,,,,ATCACATAACAACCACATTCCTCCTCTAAAGAAGCCCCTGGGAGCACAGCTCATCACCATGGACTGGACCTGGAGGTTCCTCTTTGTGGTGGCAGCAGCTACAGGTAAGGGGCTTCCTAGTCCTAAGGCTGAGGAAGGGATCCTGGTTTAGTTAAAGAGGATTTTATTCACCCCTGTGTCCTCTCCACAGGTGTCCAGTCCCAGGTGCAGCTGGTGCAGTCTGGGGCTGAGGTGAAGAAGCCTGGGTCCTCGGTGAAGGTCTCCTGCAAGGCTTCTGGAGGCACCTTCAGCAGCTATGCTATCAGCTGGGTGCGACAGGCCCCTGGACAAGGGCTTGAGTGGATGGGAGGGATCATCCCTATCTTTGGTACAGCAAACTACGCACAGAAGTTCCAGGGCAGAGTCACGATTACCGCGGACGAATCCACGAGCACAGCCTACATGGAGCTGAGCAGCCTGAGATCTGAGGACACGGCCGTGTATTACTGTGCGAGAGACACAGTGTGAAAACCCACATCCTGAGAGTGTCAGAAACC,536M,ATGGACTGGACCTGGAGGTTCCTCTTTGTGGTGGCAGCAGCTACAG,46M,GTAAGGGGCTTCCTAGTCCTAAGGCTGAGGAAGGGATCCTGGTTTAGTTAAAGAGGATTTTATTCACCCCTGTGTCCTCTCCACAG,86M,CACAGTGTGAA,11M,CAGGTGCAGCTGGTGCAGTCTGGGGCTGAGGTGAAGAAGCCTGGGTCCTCGGTGAAGGTCTCCTGCAAGGCTTCTGGAGGCACCTTCAGCAGCTATGCTATCAGCTGGGTGCGACAGGCCCCTGGACAAGGGCTTGAGTGGATGGGAGGGATCATCCCTATCTTTGGTACAGCAAACTACGCACAGAAGTTCCAGGGCAGAGTCACGATTACCGCGGACGAATCCACGAGCACAGCCTACATGGAGCTGAGCAGCCTGAGATCTGAGGACACGGCCGTGTATTACTGTGCGAGAGA,296M,CAGGTGCAGCTGGTGCAGTCTGGGGCT...GAGGTGAAGAAGCCTGGGTCCTCGGTGAAGGTCTCCTGCAAGGCTTCTGGAGGCACCTTC............AGCAGCTATGCTATCAGCTGGGTGCGACAGGCCCCTGGACAAGGGCTTGAGTGGATGGGAGGGATCATCCCTATC......TTTGGTACAGCAAACTACGCACAGAAGTTCCAG...GGCAGAGTCACGATTACCGCGGACGAATCCACGAGCACAGCCTACATGGAGCTGAGCAGCCTGAGATCTGAGGACACGGCCGTGTATTACTGTGCGAGAGA,,CACAGTG,7M,TGAAAACCCACATCCTGAGAGTG,23M,TCAGAAACC,9M,ATCACATAACAACCACATTCCTCCTCTAAAGAAGCCCCTGGGAGCACAGCTCATCACC,58M,,,,,,,,,,,,,,,,,,,,,,
W-127,PRJNA555323,W-127,1,2,IGHV1-69D,,IGHV1-69D*01,IGHV1-69D*01,100.0,CAGGTGCAGCTGGTGCAGTCTGGGGCTGAGGTGAAGAAGCCTGGGTCCTCGGTGAAGGTCTCCTGCAAGGCTTCTGGAGGCACCTTCAGCAGCTATGCTATCAGCTGGGTGCGACAGGCCCCTGGACAAGGGCTTGAGTGGATGGGAGGGATCATCCCTATCTTTGGTACAGCAAACTACGCACAGAAGTTCCAGGGCAGAGTCACGATTACCGCGGACGAATCCACGAGCACAGCCTACATGGAGCTGAGCAGCCTGAGATCTGAGGACACGGCCGTGTATTACTGTGCGAGAGA,False,,,,ATCACATAACAACCACATTCCTCCTCTAAAGAAGCCCCTGGGAGCACAGCTCATCACCATGGACTGGACCTGGAGGTTCCTCTTTGTGGTGGCAGCAGCTACAGGTAAGGGGCTTCCTAGTCCTAAGGCTGAGGAAGGGATCCTGGTTTAGTTAAAGAGGATTTTATTCACCCCTGTGTCCTCTCCACAGGTGTCCAGTCCCAGGTGCAGCTGGTGCAGTCTGGGGCTGAGGTGAAGAAGCCTGGGTCCTCGGTGAAGGTCTCCTGCAAGGCTTCTGGAGGCACCTTCAGCAGCTATGCTATCAGCTGGGTGCGACAGGCCCCTGGACAAGGGCTTGAGTGGATGGGAGGGATCATCCCTATCTTTGGTACAGCAAACTACGCACAGAAGTTCCAGGGCAGAGTCACGATTACCGCGGACGAATCCACGAGCACAGCCTACATGGAGCTGAGCAGCCTGAGATCTGAGGACACGGCCGTGTATTACTGTGCGAGAGACACAGTGTGAAAACCCACATCCTGAGAGTGTCAGAAACC,536M,ATGGACTGGACCTGGAGGTTCCTCTTTGTGGTGGCAGCAGCTACAG,46M,GTAAGGGGCTTCCTAGTCCTAAGGCTGAGGAAGGGATCCTGGTTTAGTTAAAGAGGATTTTATTCACCCCTGTGTCCTCTCCACAG,86M,CACAGTGTGAA,11M,CAGGTGCAGCTGGTGCAGTCTGGGGCTGAGGTGAAGAAGCCTGGGTCCTCGGTGAAGGTCTCCTGCAAGGCTTCTGGAGGCACCTTCAGCAGCTATGCTATCAGCTGGGTGCGACAGGCCCCTGGACAAGGGCTTGAGTGGATGGGAGGGATCATCCCTATCTTTGGTACAGCAAACTACGCACAGAAGTTCCAGGGCAGAGTCACGATTACCGCGGACGAATCCACGAGCACAGCCTACATGGAGCTGAGCAGCCTGAGATCTGAGGACACGGCCGTGTATTACTGTGCGAGAGA,296M,CAGGTGCAGCTGGTGCAGTCTGGGGCT...GAGGTGAAGAAGCCTGGGTCCTCGGTGAAGGTCTCCTGCAAGGCTTCTGGAGGCACCTTC............AGCAGCTATGCTATCAGCTGGGTGCGACAGGCCCCTGGACAAGGGCTTGAGTGGATGGGAGGGATCATCCCTATC......TTTGGTACAGCAAACTACGCACAGAAGTTCCAG...GGCAGAGTCACGATTACCGCGGACGAATCCACGAGCACAGCCTACATGGAGCTGAGCAGCCTGAGATCTGAGGACACGGCCGTGTATTACTGTGCGAGAGA,,CACAGTG,7M,TGAAAACCCACATCCTGAGAGTG,23M,TCAGAAACC,9M,ATCACATAACAACCACATTCCTCCTCTAAAGAAGCCCCTGGGAGCACAGCTCATCACC,58M,,,,,,,,,,,,,,,,,,,,,,
W-127,PRJNA555323,W-127,1,0,IGHV2-70,,IGHV2-70*01,IGHV2-70*01,100.0,CAGGTCACCTTGAGGGAGTCTGGTCCTGCGCTGGTGAAACCCACACAGACCCTCACACTGACCTGCACCTTCTCTGGGTTCTCACTCAGCACTAGTGGAATGTGTGTGAGCTGGATCCGTCAGCCCCCAGGGAAGGCCCTGGAGTGGCTTGCACTCATTGATTGGGATGATGATAAATACTACAGCACATCTCTGAAGACCAGGCTCACCATCTCCAAGGACACCTCCAAAAACCAGGTGGTCCTTACAATGACCAACATGGACCCTGTGGACACAGCCACGTATTACTGTGCACGGATAC,False,,,,AATCCTGCTCTCCACCATGGACATACTTTGTTCCACGCTCCTGCTACTGACTGTCCCGTCCTGTGAGTGCTGTGGTCAGGTAGTACTTCAGAAGCAAAAAATCTATTCTCTCCTTTGTGGGCTTCATCTTCTTATGTCTTCTCCACAGGGGTCTTATCCCAGGTCACCTTGAGGGAGTCTGGTCCTGCGCTGGTGAAACCCACACAGACCCTCACACTGACCTGCACCTTCTCTGGGTTCTCACTCAGCACTAGTGGAATGTGTGTGAGCTGGATCCGTCAGCCCCCAGGGAAGGCCCTGGAGTGGCTTGCACTCATTGATTGGGATGATGATAAATACTACAGCACATCTCTGAAGACCAGGCTCACCATCTCCAAGGACACCTCCAAAAACCAGGTGGTCCTTACAATGACCAACATGGACCCTGTGGACACAGCCACGTATTACTGTGCACGGATACCACAGAGACACAGCCCAGGGCGCCTCCTGTACAAGAACC,499M,ATGGACATACTTTGTTCCACGCTCCTGCTACTGACTGTCCCGTCCT,46M,GTGAGTGCTGTGGTCAGGTAGTACTTCAGAAGCAAAAAATCTATTCTCTCCTTTGTGGGCTTCATCTTCTTATGTCTTCTCCACAG,86M,CACAGAGACAC,11M,CAGGTCACCTTGAGGGAGTCTGGTCCTGCGCTGGTGAAACCCACACAGACCCTCACACTGACCTGCACCTTCTCTGGGTTCTCACTCAGCACTAGTGGAATGTGTGTGAGCTGGATCCGTCAGCCCCCAGGGAAGGCCCTGGAGTGGCTTGCACTCATTGATTGGGATGATGATAAATACTACAGCACATCTCTGAAGACCAGGCTCACCATCTCCAAGGACACCTCCAAAAACCAGGTGGTCCTTACAATGACCAACATGGACCCTGTGGACACAGCCACGTATTACTGTGCACGGATAC,301M,CAGGTCACCTTGAGGGAGTCTGGTCCT...GCGCTGGTGAAACCCACACAGACCCTCACACTGACCTGCACCTTCTCTGGGTTCTCACTCAGC......ACTAGTGGAATGTGTGTGAGCTGGATCCGTCAGCCCCCAGGGAAGGCCCTGGAGTGGCTTGCACTCATTGATTGGGAT.........GATGATAAATACTACAGCACATCTCTGAAG...ACCAGGCTCACCATCTCCAAGGACACCTCCAAAAACCAGGTGGTCCTTACAATGACCAACATGGACCCTGTGGACACAGCCACGTATTACTGTGCACGGATAC,,CACAGAG,7M,ACACAGCCCAGGGCGCCTCCTGT,23M,ACAAGAACC,9M,AATCCTGCTCTCCACC,16M,,,,,,,,,,,,,,,,,,,,,,
W-127,PRJNA555323,W-127,1,0,IGHV3-73,,IGHV3-73*02,IGHV3-73*02,100.0,GAGGTGCAGCTGGTGGAGTCCGGGGGAGGCTTGGTCCAGCCTGGGGGGTCCCTGAAACTCTCCTGTGCAGCCTCTGGGTTCACCTTCAGTGGCTCTGCTATGCACTGGGTCCGCCAGGCTTCCGGGAAAGGGCTGGAGTGGGTTGGCCGTATTAGAAGCAAAGCTAACAGTTACGCGACAGCATATGCTGCGTCGGTGAAAGGCAGGTTCACCATCTCCAGAGATGATTCAAAGAACACGGCGTATCTGCAAATGAACAGCCTGAAAACCGAGGACACGGCCGTGTATTACTGTACTAGACA,False,,,,AGCTCTGGGAGAGGAGCTCCAGCCTTGGGATTCCCAGCTGTCTCCACTCGGTGATCGGCACTGAATACAGGAGACTCACCATGGAGTTTGGGCTGAGCTGGGTTTTCCTTGTTGCTATTTTAAAAGGTGATTCATGGGGAACTAGAGATACTGAGTGTGAGTGGACATGAGTGAGAGAAACAGTGGACGTGTGTGGCACTTTCTGACCAGGGTGTCTCTGTGTTTGCAGGTGTCCAGTGTGAGGTGCAGCTGGTGGAGTCCGGGGGAGGCTTGGTCCAGCCTGGGGGGTCCCTGAAACTCTCCTGTGCAGCCTCTGGGTTCACCTTCAGTGGCTCTGCTATGCACTGGGTCCGCCAGGCTTCCGGGAAAGGGCTGGAGTGGGTTGGCCGTATTAGAAGCAAAGCTAACAGTTACGCGACAGCATATGCTGCGTCGGTGAAAGGCAGGTTCACCATCTCCAGAGATGATTCAAAGAACACGGCGTATCTGCAAATGAACAGCCTGAAAACCGAGGACACGGCCGTGTATTACTGTACTAGACACACAGTGAGGGGAGGTCAGTGTGAGCCCGGACACAAACC,581M,ATGGAGTTTGGGCTGAGCTGGGTTTTCCTTGTTGCTATTTTAAAAG,46M,GTGATTCATGGGGAACTAGAGATACTGAGTGTGAGTGGACATGAGTGAGAGAAACAGTGGACGTGTGTGGCACTTTCTGACCAGGGTGTCTCTGTGTTTGCAG,103M,CACAGTGAGGG,11M,GAGGTGCAGCTGGTGGAGTCCGGGGGAGGCTTGGTCCAGCCTGGGGGGTCCCTGAAACTCTCCTGTGCAGCCTCTGGGTTCACCTTCAGTGGCTCTGCTATGCACTGGGTCCGCCAGGCTTCCGGGAAAGGGCTGGAGTGGGTTGGCCGTATTAGAAGCAAAGCTAACAGTTACGCGACAGCATATGCTGCGTCGGTGAAAGGCAGGTTCACCATCTCCAGAGATGATTCAAAGAACACGGCGTATCTGCAAATGAACAGCCTGAAAACCGAGGACACGGCCGTGTATTACTGTACTAGACA,302M,GAGGTGCAGCTGGTGGAGTCCGGGGGA...GGCTTGGTCCAGCCTGGGGGGTCCCTGAAACTCTCCTGTGCAGCCTCTGGGTTCACCTTC............AGTGGCTCTGCTATGCACTGGGTCCGCCAGGCTTCCGGGAAAGGGCTGGAGTGGGTTGGCCGTATTAGAAGCAAAGCTAACAGTTACGCGACAGCATATGCTGCGTCGGTGAAA...GGCAGGTTCACCATCTCCAGAGATGATTCAAAGAACACGGCGTATCTGCAAATGAACAGCCTGAAAACCGAGGACACGGCCGTGTATTACTGTACTAGACA,,CACAGTG,7M,AGGGGAGGTCAGTGTGAGCCCGG,23M,ACACAAACC,9M,AGCTCTGGGAGAGGAGCTCCAGCCTTGGGATTCCCAGCTGTCTCCACTCGGTGATCGGCACTGAATACAGGAGACTCACC,80M,,,,,,,,,,,,,,,,,,,,,,
W-127,PRJNA555323,W-127,1,0,IGHV1-8,,IGHV1-8*01,IGHV1-8*01,100.0,CAGGTGCAGCTGGTGCAGTCTGGGGCTGAGGTGAAGAAGCCTGGGGCCTCAGTGAAGGTCTCCTGCAAGGCTTCTGGATACACCTTCACCAGTTATGATATCAACTGGGTGCGACAGGCCACTGGACAAGGGCTTGAGTGGATGGGATGGATGAACCCTAACAGTGGTAACACAGGCTATGCACAGAAGTTCCAGGGCAGAGTCACCATGACCAGGAACACCTCCATAAGCACAGCCTACATGGAGCTGAGCAGCCTGAGATCTGAGGACACGGCCGTGTATTACTGTGCGAGAGG,False,,,,CTCAACAACCACATCTGTCCTCTAGAGAAAACCCTGTGAGCACAGCTCCTCACCATGGACTGGACCTGGAGGATCCTCTTCTTGGTGGCAGCAGCTACAAGTAAGGGGCTTCCTAGTCTCAAAGCTGAGGAACGGATCCTGGTTCAGTCAAAGAGGATTTTATTCTCTCCTGTGTTCTCTCCACAGGTGCCCACTCCCAGGTGCAGCTGGTGCAGTCTGGGGCTGAGGTGAAGAAGCCTGGGGCCTCAGTGAAGGTCTCCTGCAAGGCTTCTGGATACACCTTCACCAGTTATGATATCAACTGGGTGCGACAGGCCACTGGACAAGGGCTTGAGTGGATGGGATGGATGAACCCTAACAGTGGTAACACAGGCTATGCACAGAAGTTCCAGGGCAGAGTCACCATGACCAGGAACACCTCCATAAGCACAGCCTACATGGAGCTGAGCAGCCTGAGATCTGAGGACACGGCCGTGTATTACTGTGCGAGAGGCACAGTGTGAAAAACCACATCCTCAGAGAGTCAGAAAC,531M,TGGACTGGACCTGGAGGATCCTCTTCTTGGTGGCAGCAGCTACAAG,46M,TAAGGGGCTTCCTAGTCTCAAAGCTGAGGAACGGATCCTGGTTCAGTCAAAGAGGATTTTATTCTCTCCTGTGTTCTCTCCACAG,85M,CACAGTGTGAA,11M,CAGGTGCAGCTGGTGCAGTCTGGGGCTGAGGTGAAGAAGCCTGGGGCCTCAGTGAAGGTCTCCTGCAAGGCTTCTGGATACACCTTCACCAGTTATGATATCAACTGGGTGCGACAGGCCACTGGACAAGGGCTTGAGTGGATGGGATGGATGAACCCTAACAGTGGTAACACAGGCTATGCACAGAAGTTCCAGGGCAGAGTCACCATGACCAGGAACACCTCCATAAGCACAGCCTACATGGAGCTGAGCAGCCTGAGATCTGAGGACACGGCCGTGTATTACTGTGCGAGAGG,296M,CAGGTGCAGCTGGTGCAGTCTGGGGCT...GAGGTGAAGAAGCCTGGGGCCTCAGTGAAGGTCTCCTGCAAGGCTTCTGGATACACCTTC............ACCAGTTATGATATCAACTGGGTGCGACAGGCCACTGGACAAGGGCTTGAGTGGATGGGATGGATGAACCCTAAC......AGTGGTAACACAGGCTATGCACAGAAGTTCCAG...GGCAGAGTCACCATGACCAGGAACACCTCCATAAGCACAGCCTACATGGAGCTGAGCAGCCTGAGATCTGAGGACACGGCCGTGTATTACTGTGCGAGAGG,,CACAGTG,7M,TGAAAAACCACATCCTCAGAGA,22M,GTCAGAAAC,9M,CTCAACAACCACATCTGTCCTCTAGAGAAAACCCTGTGAGCACAGCTCCTCACCA,55M,,,,,,,,,,,,,,,,,,,,,,
W-127,PRJNA555323,W-127,1,0,IGHV3-9,,IGHV3-9*01,IGHV3-9*01,100.0,GAAGTGCAGCTGGTGGAGTCTGGGGGAGGCTTGGTACAGCCTGGCAGGTCCCTGAGACTCTCCTGTGCAGCCTCTGGATTCACCTTTGATGATTATGCCATGCACTGGGTCCGGCAAGCTCCAGGGAAGGGCCTGGAGTGGGTCTCAGGTATTAGTTGGAATAGTGGTAGCATAGGCTATGCGGACTCTGTGAAGGGCCGATTCACCATCTCCAGAGACAACGCCAAGAACTCCCTGTATCTGCAAATGAACAGTCTGAGAGCTGAGGACACGGCCTTGTATTACTGTGCAAAAGATA,False,,,,GCTCTGGGAGAGGAGCCCCAGCCCTGAGATTCCCAGGTGTTTCCATTCAGTGATCAGCACTGAACACAGAGGACTCACCATGGAGTTGGGACTGAGCTGGATTTTCCTTTTGGCTATTTTAAAAGGTGATTCATGGAGAAATAGAGAGATTGAGTGTGAGTGGACATGAGTGGATTTGTGTGGCAGTTTCTGACCTTGGTGTCTCTGTGTTTGCAGGTGTCCAGTGTGAAGTGCAGCTGGTGGAGTCTGGGGGAGGCTTGGTACAGCCTGGCAGGTCCCTGAGACTCTCCTGTGCAGCCTCTGGATTCACCTTTGATGATTATGCCATGCACTGGGTCCGGCAAGCTCCAGGGAAGGGCCTGGAGTGGGTCTCAGGTATTAGTTGGAATAGTGGTAGCATAGGCTATGCGGACTCTGTGAAGGGCCGATTCACCATCTCCAGAGACAACGCCAAGAACTCCCTGTATCTGCAAATGAACAGTCTGAGAGCTGAGGACACGGCCTTGTATTACTGTGCAAAAGATACACAGTGAGGGGAAGTCAGCGAGAGCCCAGACAAAAAC,563M,TGGAGTTGGGACTGAGCTGGATTTTCCTTTTGGCTATTTTAAAAGG,46M,TGATTCATGGAGAAATAGAGAGATTGAGTGTGAGTGGACATGAGTGGATTTGTGTGGCAGTTTCTGACCTTGGTGTCTCTGTGTTTGCAG,90M,CACAGTGAGGG,11M,GAAGTGCAGCTGGTGGAGTCTGGGGGAGGCTTGGTACAGCCTGGCAGGTCCCTGAGACTCTCCTGTGCAGCCTCTGGATTCACCTTTGATGATTATGCCATGCACTGGGTCCGGCAAGCTCCAGGGAAGGGCCTGGAGTGGGTCTCAGGTATTAGTTGGAATAGTGGTAGCATAGGCTATGCGGACTCTGTGAAGGGCCGATTCACCATCTCCAGAGACAACGCCAAGAACTCCCTGTATCTGCAAATGAACAGTCTGAGAGCTGAGGACACGGCCTTGTATTACTGTGCAAAAGATA,298M,GAAGTGCAGCTGGTGGAGTCTGGGGGA...GGCTTGGTACAGCCTGGCAGGTCCCTGAGACTCTCCTGTGCAGCCTCTGGATTCACCTTT............GATGATTATGCCATGCACTGGGTCCGGCAAGCTCCAGGGAAGGGCCTGGAGTGGGTCTCAGGTATTAGTTGGAAT......AGTGGTAGCATAGGCTATGCGGACTCTGTGAAG...GGCCGATTCACCATCTCCAGAGACAACGCCAAGAACTCCCTGTATCTGCAAATGAACAGTCTGAGAGCTGAGGACACGGCCTTGTATTACTGTGCAAAAGATA,,CACAGTG,7M,AGGGGAAGTCAGCGAGAGCCCA,22M,GACAAAAAC,9M,GCTCTGGGAGAGGAGCCCCAGCCCTGAGATTCCCAGGTGTTTCCATTCAGTGATCAGCACTGAACACAGAGGACTCACCA,80M,,,,,,,,,,,,,,,,,,,,,,
