"subject"	"gene"	"IGKJ2_01"	"IGKJ2_03"	"alleles"	"proirs_row"	"proirs_col"	"counts1"	"k1"	"counts2"	"k2"	"counts3"	"k3"	"counts4"	"k4"
"P1_I60_S1"	"IGKV3-11"	"01"	"01"	"01"	"0.51,0.49"	"1"	"281,229"	"308.019757221095"	NA	NA	NA	NA	NA	NA
"P1_I60_S1"	"IGKV3-20"	"01"	"01"	"01"	"0.51,0.49"	"1"	"449,423"	"58.9203434930302"	NA	NA	NA	NA	NA	NA
"P1_I60_S1"	"IGKV1E-39"	"01"	"01"	"01"	"0.51,0.49"	"1"	"512,551"	"71.038275168365"	NA	NA	NA	NA	NA	NA
"P1_I60_S1"	"IGKV1-5"	"03"	"03"	"03"	"0.51,0.49"	"1"	"279,314"	"38.2914043832395"	NA	NA	NA	NA	NA	NA
"P1_I60_S1"	"IGKV2E-28"	"01"	"01"	"01"	"0.51,0.49"	"1"	"215,241"	"295.373095563074"	NA	NA	NA	NA	NA	NA
"P1_I60_S1"	"IGKV1D-16"	"01"	"01"	"01"	"0.51,0.49"	"1"	"5,5"	"7.05338016725696"	NA	NA	NA	NA	NA	NA
"P1_I60_S1"	"IGKV1-27"	"01"	"01"	"01"	"0.51,0.49"	"1"	"19,31"	"23.1464208068186"	NA	NA	NA	NA	NA	NA
"P1_I60_S1"	"IGKV3-15"	"01"	"01"	"01"	"0.51,0.49"	"1"	"320,309"	"43.2720517435865"	NA	NA	NA	NA	NA	NA
"P1_I60_S1"	"IGKV1-17"	"01"	"01"	"01"	"0.51,0.49"	"1"	"25,30"	"33.7433909076357"	NA	NA	NA	NA	NA	NA
"P1_I60_S1"	"IGKV1E-12"	"01,02"	"01,02,03"	"01,02,03"	"0.51,0.49"	"0.51,0.14,0.35"	"10,8"	"10.7075215584083"	"5,2"	"1.95452200309849"	"0,16"	"4.87523177167711"	NA	NA
"P1_I60_S1"	"IGKV1E-33"	"01"	"01"	"01"	"0.51,0.49"	"1"	"245,200"	"269.132755733214"	NA	NA	NA	NA	NA	NA
"P1_I60_S1"	"IGKV3D-20"	"01"	"01"	"01"	"0.51,0.49"	"1"	"15,11"	"14.3616629495596"	NA	NA	NA	NA	NA	NA
"P1_I60_S1"	"IGKV4-1"	"01"	"01"	"01"	"0.51,0.49"	"1"	"259,279"	"35.9271052949314"	NA	NA	NA	NA	NA	NA
"P1_I60_S1"	"IGKV2E-40"	"01"	"01"	"01"	"0.51,0.49"	"1"	"29,28"	"39.2099855820376"	NA	NA	NA	NA	NA	NA
"P1_I60_S1"	"IGKV2D-29"	"01"	"Del"	"01"	"0.51,0.49"	"1"	"37,0"	"10.6909041202529"	NA	NA	NA	NA	NA	NA
"P1_I60_S1"	"IGKV3D-15"	"03"	"01"	"01,03"	"0.51,0.49"	"0.55,0.45"	"1,15"	"2.85515176676608"	"16,0"	"4.62309367362289"	NA	NA	NA	NA
"P1_I60_S1"	"IGKV1E-13"	"02"	"Del"	"02"	"0.51,0.49"	"1"	"58,3"	"11.6598564027245"	NA	NA	NA	NA	NA	NA
"P1_I60_S1"	"IGKV1D-8"	"02"	"01"	"01,02"	"0.51,0.49"	"0.55,0.45"	"0,19"	"5.78933772886656"	"19,0"	"5.48992373742718"	NA	NA	NA	NA
"P1_I60_S1"	"IGKV6E-21"	"01,03"	"01,03"	"01,03"	"0.51,0.49"	"0.69,0.31"	"11,16"	"13.9939264393162"	"10,7"	"9.00790217035546"	NA	NA	NA	NA
"P1_I60_S1"	"IGKV1-9"	"01"	"01"	"01"	"0.51,0.49"	"1"	"64,66"	"89.6738621694295"	NA	NA	NA	NA	NA	NA
"P1_I60_S1"	"IGKV5-2"	"01"	"01_C214T"	"01,01_C214T"	"0.51,0.49"	"0.61,0.39"	"13,0"	"3.7562636098186"	"0,11"	"3.35172184302801"	NA	NA	NA	NA
"P1_I60_S1"	"IGKV1-8"	"01"	"01"	"01"	"0.51,0.49"	"1"	"42,48"	"57.4201814905796"	NA	NA	NA	NA	NA	NA
"P1_I60_S1"	"IGKV1-16"	"02"	"02"	"02"	"0.51,0.49"	"1"	"23,18"	"23.9474518291179"	NA	NA	NA	NA	NA	NA
"P1_I60_S1"	"IGKV1-6"	"01"	"01"	"01"	"0.51,0.49"	"1"	"22,14"	"17.4379176315081"	NA	NA	NA	NA	NA	NA
"P1_I60_S1"	"IGKV1E-37"	"01"	"01"	"01"	"0.51,0.49"	"1"	"3,7"	"3.0132201574349"	NA	NA	NA	NA	NA	NA
"P1_I60_S1"	"IGKV2-30"	"01"	"01"	"01"	"0.51,0.49"	"1"	"63,51"	"68.4771574508039"	NA	NA	NA	NA	NA	NA
"P1_I60_S1"	"IGKV2-24"	"01"	"01"	"01"	"0.51,0.49"	"1"	"12,18"	"15.0999004870378"	NA	NA	NA	NA	NA	NA
"P1_I60_S1"	"IGKV3-7"	"04"	"04"	"04"	"0.51,0.49"	"1"	"1,2"	"1.10597404772157"	NA	NA	NA	NA	NA	NA
"P1_I60_S1"	"IGKV3D-7"	"01"	"01"	"01"	"0.51,0.49"	"1"	"1,4"	"0.496570076261936"	NA	NA	NA	NA	NA	NA
"P1_I60_S1"	"IGKV1D-43"	"Unk"	"01"	"01"	"0.51,0.49"	"1"	"1,6"	"0.112833895197703"	NA	NA	NA	NA	NA	NA
"P1_I60_S1"	"IGKV2D-30"	"01"	"01"	"01"	"0.51,0.49"	"1"	"5,6"	"6.74867818152714"	NA	NA	NA	NA	NA	NA
"P1_I60_S1"	"IGKV3D-11"	"02"	"Unk"	"02"	"0.51,0.49"	"1"	"1,0"	"0.28894335460143"	NA	NA	NA	NA	NA	NA
"P1_I60_S1"	"IGKV2-29"	"Del"	"Del"	NA	NA	NA	NA	NA	NA	NA	NA	NA	NA	NA
"P1_I60_S1"	"IGLV1-40"	"Unk"	"Unk"	NA	NA	NA	NA	NA	NA	NA	NA	NA	NA	NA
"P1_I60_S1"	"IGLV2-23"	"Unk"	"Unk"	NA	NA	NA	NA	NA	NA	NA	NA	NA	NA	NA
"P1_I60_S1"	"IGLV3-10"	"Unk"	"Unk"	NA	NA	NA	NA	NA	NA	NA	NA	NA	NA	NA
"P1_I60_S1"	"IGLV3-9"	"Unk"	"Unk"	NA	NA	NA	NA	NA	NA	NA	NA	NA	NA	NA
"P1_I60_S1"	"IGLV4-60"	"Unk"	"Unk"	NA	NA	NA	NA	NA	NA	NA	NA	NA	NA	NA
"P1_I60_S1"	"IGKV1D-17"	"Unk"	"Unk"	NA	NA	NA	NA	NA	NA	NA	NA	NA	NA	NA
"P1_I60_S1"	"IGKV2D-26"	"Del"	"Del"	NA	NA	NA	NA	NA	NA	NA	NA	NA	NA	NA
