"sequence_id","sequences","closest_reference","closest_host","nt_diff","nt_diff_host","nt_substitutions","aa_diff","aa_substitutions","assigned_unmutated_frequency","unmutated_frequency","unmutated_sequences","unmutated_umis","allelic_percentage","unique_ds","unique_js","unique_cdr3s","unique_ds_unmutated","unique_js_unmutated","unique_cdr3s_unmutated","haplotyping_gene","haplotyping_ratio","nt_sequence","nt_sequence_gapped"
"TRBV20-1*bp01","610","","","","","","","","60.98","6.73","372","","100","3","13","259","3","13","237","","","TTCCCGAAACAGAGTCTCATGCTGATGGCAACTTCCAATGAGGGCTCCAAGGCCACATACGAGCAAGGCGTCGAGAAGGACAAGTTTCTCATCAACCATGCAAGCCTGACCTTGTCCACTCTGACAGTGACCAGTGCCCATCCTGAAGACAGCAGCTTCTACATCTGCAGTGCTAGAGA","....................................................................................................................................TTCCCGAAACAGAGTCTCATGCTGATGGCAACTTCCAATGAGGGC.........TCCAAGGCCACATACGAGCAAGGCGTCGAGAAGGACAAGTTTCTCATCAACCATGCA...AGCCTGACCTTGTCCACTCTGACAGTGACCAGTGCCCATCCTGAAGACAGCAGCTTCTACATCTGCAGTGCTAGAGA"
"TRBV10-1*bp02","8","","","","","","","","0","0","0","","100","2","4","6","0","0","0","","","TGGGACATGGGCTGAGGCTGATCCATTACTCATATGGTGTTCACGACACTAACAAAGGAGAAGTCTCAGATGGCTACAGTGTCTCTAGATCAAACACAGAGGACCTCCCCCTCACTCTGGAGTCTGCTGCCTCCTCCCAGACATCTGTATATTTCTGCGCCAGCAGTGAGTC","........................................................................................................................................TGGGACATGGGCTGAGGCTGATCCATTACTCATATGGT............GTTCACGACACTAACAAAGGAGAAGTCTCA...GATGGCTACAGTGTCTCTAGATCA...AACACAGAGGACCTCCCCCTCACTCTGGAGTCTGCTGCCTCCTCCCAGACATCTGTATATTTCTGCGCCAGCAGTGAGTC"
"TRBV10-2*bp01","1","","","","","","","","100","0.02","1","","100","0","1","1","0","1","1","","","TGGGACATGGGCTGAGGCTGATCTATTACTCAGCAGCTGCTGATATTACAGATAAAGGAGAAGTCCCCGATGGCTATGTTGTCTCCAGATCCAAGACAGAGAATTTCCCCCTCACTCTGGAGTCAGCTACCCGCTCCCAGACATCTGTGTATTTCTGCGCCAGCAGTGAGTC","........................................................................................................................................TGGGACATGGGCTGAGGCTGATCTATTACTCAGCAGCT............GCTGATATTACAGATAAAGGAGAAGTCCCC...GATGGCTATGTTGTCTCCAGATCC...AAGACAGAGAATTTCCCCCTCACTCTGGAGTCAGCTACCCGCTCCCAGACATCTGTGTATTTCTGCGCCAGCAGTGAGTC"
"TRBV10-3*bp01","339","","","","","","","","68.44","4.2","232","","100","3","14","189","3","14","163","","","CGGGGCATGGGCTGAGGCTGATCCATTACTCATATGGTGTTAAAGATACTGACAAAGGAGAAGTCTCAGATGGCTATAGTGTCTCTAGATCAAAGACAGAGGATTTCCTCCTCACTCTGGAGTCCGCTACCAGCTCCCAGACATCTGTGTACTTCTGTGCCATCAGTGAGTC","........................................................................................................................................CGGGGCATGGGCTGAGGCTGATCCATTACTCATATGGT............GTTAAAGATACTGACAAAGGAGAAGTCTCA...GATGGCTATAGTGTCTCTAGATCA...AAGACAGAGGATTTCCTCCTCACTCTGGAGTCCGCTACCAGCTCCCAGACATCTGTGTACTTCTGTGCCATCAGTGAGTC"
"TRBV13*bp01","160","","","","","","","","62.5","1.81","100","","100","3","13","87","3","12","80","","","GTCCAGGTCAGGACCCCCAGTTCCTCATTTCGTTTTATGAAAAGATGCAGAGCGATAAAGGAAGCATCCCTGATCGATTCTCAGCTCAACAGTTCAGTGACTATCATTCTGAACTGAACATGAGCTCCTTGGAGCTGGGGGACTCAGCCCTGTACTTCTGTGCCAGCAGCTTAGG",".....................................................................................................................................GTCCAGGTCAGGACCCCCAGTTCCTCATTTCGTTTTATGAA............AAGATGCAGAGCGATAAAGGAAGCATCCCT...GATCGATTCTCAGCTCAACAGTTC...AGTGACTATCATTCTGAACTGAACATGAGCTCCTTGGAGCTGGGGGACTCAGCCCTGTACTTCTGTGCCAGCAGCTTAGG"
"TRBV14*bp01","13","","","","","","","","69.23","0.16","9","","100","2","7","13","2","5","9","","","ATGGGAAAAGAAATAAAATTTCTGTTACATTTTGTGAAAGAGTCTAAACAGGATGAGTCCGGTATGCCCAACAATCGATTCTTAGCTGAAAGGACTGGAGGGACGTATTCTACTCTGAAGGTGCAGCCTGCAGAACTGGAGGATTCTGGAGTTTATTTCTGTGCCAGCAGCCAAGA",".......................................................................................................................................ATGGGAAAAGAAATAAAATTTCTGTTACATTTTGTGAAA............GAGTCTAAACAGGATGAGTCCGGTATGCCCAACAATCGATTCTTAGCTGAAAGGACT...GGAGGGACGTATTCTACTCTGAAGGTGCAGCCTGCAGAACTGGAGGATTCTGGAGTTTATTTCTGTGCCAGCAGCCAAGA"
"TRBV15*bp02","171","","","","","","","","64.33","1.99","110","","100","3","12","76","3","12","67","","","AAGTCAAGTCAGGCCCCAAAGCTGCTGTTCCACTACTATGACAAAGATTTTAACAATGAAGCAGACACCCCTGATAACTTCCAATCCAGGAGGCCGAACACTTCTTTCTGCTTTCTTGACATCCGCTCACCAGGCCTGGGGGACGCAGCCATGTACCTGTGTGCCACCAGCAGAGA","....................................................................................................................................AAGTCAAGTCAGGCCCCAAAGCTGCTGTTCCACTACTATGAC............AAAGATTTTAACAATGAAGCAGACACCCCT...GATAACTTCCAATCCAGGAGGCCG...AACACTTCTTTCTGCTTTCTTGACATCCGCTCACCAGGCCTGGGGGACGCAGCCATGTACCTGTGTGCCACCAGCAGAGA"
"TRBV18*bp01","326","","","","","","","","65.64","3.87","214","","100","3","14","154","3","14","144","","","TCCCAGAGGAAGGTCTGAAATTCATGGTTTATCTCCAGAAAGAAAATATCATAGATGAGTCAGGAATGCCAAAGGAACGATTTTCTGCTGAATTTCCCAAAGAGGGCCCCAGCATCCTGAGGATCCAGCAGGTAGTGCGAGGAGATTCGGCAGCTTATTTCTGTGCCAGCTCACCACC",".....................................................................................................................................TCCCAGAGGAAGGTCTGAAATTCATGGTTTATCTCCAGAAA............GAAAATATCATAGATGAGTCAGGAATGCCAAAGGAACGATTTTCTGCTGAATTTCCC...AAAGAGGGCCCCAGCATCCTGAGGATCCAGCAGGTAGTGCGAGGAGATTCGGCAGCTTATTTCTGTGCCAGCTCACCACC"
"TRBV19*bp01","742","","","","","","","","57.55","7.73","427","","100","3","14","310","3","14","275","","","CCCAGGGCAAGGGCTGAGATTGATCTACTACTCACAGATAGTAAATGACTTTCAGAAAGGAGATATAGCTGAAGGGTACAGCGTCTCTCGGGAGAAGAAGGAATCCTTTCCTCTCACTGTGACATCGGCCCAAAAGAACCCGACAGCTTTCTATCTCTGTGCCAGTAGTATAGA","......................................................................................................................................CCCAGGGCAAGGGCTGAGATTGATCTACTACTCACAGATA............GTAAATGACTTTCAGAAAGGAGATATAGCT...GAAGGGTACAGCGTCTCTCGGGAG...AAGAAGGAATCCTTTCCTCTCACTGTGACATCGGCCCAAAAGAACCCGACAGCTTTCTATCTCTGTGCCAGTAGTATAGA"
"TRBV2*bp01","13","","","","","","","","92.31","0.22","12","","100","3","9","12","3","9","11","","","GGGGCAGAAAGTCGAGTTTCTGGTTTCCTTTTATAATAATGAAATCTCAGAGAAGTCTGAAATATTCGATGATCAATTCTCAGTTGAAAGGCCTGATGGATCAAATTTCACTCTGAAGATCCGGTCCACAAAGCTGGAGGACTCAGCCATGTACTTCTGTGCCAGCAGTGAAGC",".........................................................................................................................................GGGGCAGAAAGTCGAGTTTCTGGTTTCCTTTTATAAT............AATGAAATCTCAGAGAAGTCTGAAATATTCGATGATCAATTCTCAGTTGAAAGGCCT...GATGGATCAAATTTCACTCTGAAGATCCGGTCCACAAAGCTGGAGGACTCAGCCATGTACTTCTGTGCCAGCAGTGAAGC"
"TRBV27*bp01","996","","","","","","","","53.11","9.57","529","","100","3","14","429","3","14","371","","","CAGGGCTGGGCTTAAGGCAGATCTACTATTCAATGAATGTTGAGGTGACTGATAAGGGAGATGTTCCTGAAGGGTACAAAGTCTCTCGAAAAGAGAAGAGGAATTTCCCCCTGATCCTGGAGTCGCCCAGCCCCAACCAGACCTCTCTGTACTTCTGTGCCAGCAGTTTATC","........................................................................................................................................CAGGGCTGGGCTTAAGGCAGATCTACTATTCAATGAAT............GTTGAGGTGACTGATAAGGGAGATGTTCCT...GAAGGGTACAAAGTCTCTCGAAAA...GAGAAGAGGAATTTCCCCCTGATCCTGGAGTCGCCCAGCCCCAACCAGACCTCTCTGTACTTCTGTGCCAGCAGTTTATC"
"TRBV28*bp01","50","","","","","","","","80","0.72","40","","100","3","12","43","3","12","38","","","CAGGTCTGGGGCTACGGCTGATCTATTTCTCATATGATGTTAAAATGAAAGAAAAAGGAGATATTCCTGAGGGGTACAGTGTCTCTAGAGAGAAGAAGGAGCGCTTCTCCCTGATTCTGGAGTCCGCCAGCACCAACCAGACATCTATGTACCTCTGTGCCAGCAGTTTATG","........................................................................................................................................CAGGTCTGGGGCTACGGCTGATCTATTTCTCATATGAT............GTTAAAATGAAAGAAAAAGGAGATATTCCT...GAGGGGTACAGTGTCTCTAGAGAG...AAGAAGGAGCGCTTCTCCCTGATTCTGGAGTCCGCCAGCACCAACCAGACATCTATGTACCTCTGTGCCAGCAGTTTATG"
"TRBV30*bp01","369","","","","","","","","73.44","4.9","271","","53","3","14","153","3","14","144","","","GCTGCAGGCAGGGGCCTCCAGCTGCTCTTCTACTCCGTTGGTATTGGCCAGATCAGCTCTGAGGTGCCCCAGAATCTCTCAGCCTCCAGACCCCAGGACCGGCAGTTCATCCTGAGTTCTAAGAAGCTCCTTCTCAGTGACTCTGGCTTCTATCTCTGTGCCTGGAGTGT","....................................................................................................................................GCTGCAGGCAGGGGCCTCCAGCTGCTCTTCTACTCCGTTGGT...............ATTGGCCAGATCAGCTCTGAGGTGCCC...CAGAATCTCTCAGCCTCCAGACCC...CAGGACCGGCAGTTCATCCTGAGTTCTAAGAAGCTCCTTCTCAGTGACTCTGGCTTCTATCTCTGTGCCTGGAGTGT"
"TRBV30*bp02","324","","","","","","","","69.75","4.09","226","","47","3","14","147","3","14","129","","","GCTGCAGGCAGGGGCCTCCAGCTGCTCTTCTACTCCGTTGGTATTGGCCAGATCAGCTCTGAGGTGCCCCAGAATCTCTCAGCCTCCAGACCCCAGGACCGGCAGTTCATCCTGAGTTCTAAGAAGCTCCTCCTCAGTGACTCTGGCTTCTATCTCTGTGCCTGGAGTGT","....................................................................................................................................GCTGCAGGCAGGGGCCTCCAGCTGCTCTTCTACTCCGTTGGT...............ATTGGCCAGATCAGCTCTGAGGTGCCC...CAGAATCTCTCAGCCTCCAGACCC...CAGGACCGGCAGTTCATCCTGAGTTCTAAGAAGCTCCTCCTCAGTGACTCTGGCTTCTATCTCTGTGCCTGGAGTGT"
"TRBV9*bp01","3","","","","","","","","100","0.05","3","","100","1","3","3","1","3","3","","","GCCTGGACCAGGGCCTCCAGTTCCTCATTCAGTATTATAATGGAGAAGAGAGAGCAAAAGGAAACATTCTTGAACGATTCTCCGCACAACAGTTCCCTGACTTGCACTCTGAACTAAACCTGAGCTCTCTGGAGCTGGGGGACTCAGCTTTGTATTTCTGTGCCAGCAGCGTAG",".....................................................................................................................................GCCTGGACCAGGGCCTCCAGTTCCTCATTCAGTATTATAAT............GGAGAAGAGAGAGCAAAAGGAAACATTCTT...GAACGATTCTCCGCACAACAGTTC...CCTGACTTGCACTCTGAACTAAACCTGAGCTCTCTGGAGCTGGGGGACTCAGCTTTGTATTTCTGTGCCAGCAGCGTAG"
"TRBV11-1*bp01","85","","","","","","","","41.18","0.63","35","","100","3","12","49","3","12","29","","","TCCTGGGACAGGGCCCGGAGCTTCTGGTTCAATTTCAGGATGAGAGTGTAGTAGATGATTCACAGTTGCCTAAGGATCGATTTTCTGCAGAGAGGCTCAAAGGAGTAGACTCCACTCTCAAGATCCAGCCTGCAGAGCTTGGGGACTCGGCCATGTATCTCTGTGCCAGCAGCTTAGC",".....................................................................................................................................TCCTGGGACAGGGCCCGGAGCTTCTGGTTCAATTTCAGGAT............GAGAGTGTAGTAGATGATTCACAGTTGCCTAAGGATCGATTTTCTGCAGAGAGGCTC...AAAGGAGTAGACTCCACTCTCAAGATCCAGCCTGCAGAGCTTGGGGACTCGGCCATGTATCTCTGTGCCAGCAGCTTAGC"
"TRBV21-1*bp01","12","","","","","","","","75","0.16","9","","100","2","7","11","2","7","9","","","GGAAGAAGAGCTCAAGTTTTTGGTTTACTTTCAGAATGAAGAACTTATTCAGAAAGCAGAAATAATCAATGAGCGATTTTTAGCCCAATGCTCCAAAAACTCATCCTGTACCTTGGAGATCCAGTCCACGGAGTCAGGGGACACAGCACTGTATTTCTGTGCCAGCAGCAAAGC",".........................................................................................................................................GGAAGAAGAGCTCAAGTTTTTGGTTTACTTTCAGAAT............GAAGAACTTATTCAGAAAGCAGAAATAATCAATGAGCGATTTTTAGCCCAATGCTCC...AAAAACTCATCCTGTACCTTGGAGATCCAGTCCACGGAGTCAGGGGACACAGCACTGTATTTCTGTGCCAGCAGCAAAGC"
"TRBV11-2*bp01","28","","","","","","","","57.14","0.29","16","","100","3","11","25","3","8","15","","","TCCTGGGACAGGGCCCAAAGCTTCTGATTCAGTTTCAGAATAACGGTGTAGTGGATGATTCACAGTTGCCTAAGGATCGATTTTCTGCAGAGAGGCTCAAAGGAGTAGACTCCACTCTCAAGATCCAGCCTGCAAAGCTTGAGGACTCGGCCGTGTATCTCTGTGCCAGCAGCTTAGA",".....................................................................................................................................TCCTGGGACAGGGCCCAAAGCTTCTGATTCAGTTTCAGAAT............AACGGTGTAGTGGATGATTCACAGTTGCCTAAGGATCGATTTTCTGCAGAGAGGCTC...AAAGGAGTAGACTCCACTCTCAAGATCCAGCCTGCAAAGCTTGAGGACTCGGCCGTGTATCTCTGTGCCAGCAGCTTAGA"
"TRBV11-3*bp01","6","","","","","","","","50","0.05","3","","100","2","6","6","1","3","3","","","ACTTGGGACAGGGCCCGGAGCTTCTGATTCGATATGAGAATGAGGAAGCAGTAGACGATTCACAGTTGCCTAAGGATCGATTTTCTGCAGAGAGGCTCAAAGGAGTAGACTCCACTCTCAAGATCCAGCCTGCAGAGCTTGGGGACTCGGCCGTGTATCTCTGTGCCAGCAGCTTAGA",".....................................................................................................................................ACTTGGGACAGGGCCCGGAGCTTCTGATTCGATATGAGAAT............GAGGAAGCAGTAGACGATTCACAGTTGCCTAAGGATCGATTTTCTGCAGAGAGGCTC...AAAGGAGTAGACTCCACTCTCAAGATCCAGCCTGCAGAGCTTGGGGACTCGGCCGTGTATCTCTGTGCCAGCAGCTTAGA"
"TRBV12-5*bp01","1","","","","","","","","100","0.02","1","","100","1","1","1","1","1","1","","","ATGATGCAAGGACTGGAGTTGCTGGCTTACTTCCGCAACCGGGCTCCTCTAGATGATTCGGGGATGCCGAAGGATCGATTCTCAGCAGAGATGCCTGATGCAACTTTAGCCACTCTGAAGATCCAGCCCTCAGAACCCAGGGACTCAGCTGTGTATTTTTGTGCTAGTGGTTTGGT",".......................................................................................................................................ATGATGCAAGGACTGGAGTTGCTGGCTTACTTCCGCAAC............CGGGCTCCTCTAGATGATTCGGGGATGCCGAAGGATCGATTCTCAGCAGAGATGCCT...GATGCAACTTTAGCCACTCTGAAGATCCAGCCCTCAGAACCCAGGGACTCAGCTGTGTATTTTTGTGCTAGTGGTTTGGT"
"TRBV12-34*bp01","864","","","","","","","","79.86","12.48","690","","100","3","14","418","3","14","396","","","ACCATGATGCGGGGACTGGAGTTGCTCATTTACTTTAACAACAACGTTCCGATAGATGATTCAGGGATGCCCGAGGATCGATTCTCAGCTAAGATGCCTAATGCATCATTCTCCACTCTGAAGATCCAGCCCTCAGAACCCAGGGACTCAGCTGTGTACTTCTGTGCCAGCAGTTTAGC","....................................................................................................................................ACCATGATGCGGGGACTGGAGTTGCTCATTTACTTTAACAAC............AACGTTCCGATAGATGATTCAGGGATGCCCGAGGATCGATTCTCAGCTAAGATGCCT...AATGCATCATTCTCCACTCTGAAGATCCAGCCCTCAGAACCCAGGGACTCAGCTGTGTACTTCTGTGCCAGCAGTTTAGC"
"TRBV24-1*bp01","118","","","","","","","","67.8","1.45","80","","100","3","11","78","3","11","63","","","CAGGACTGGGCCTACGGTTGATCTATTACTCCTTTGATGTCAAAGATATAAACAAAGGAGAGATCTCTGATGGATACAGTGTCTCTCGACAGGCACAGGCTAAATTCTCCCTGTCCCTAGAGTCTGCCATCCCCAACCAGACAGCTCTTTACTTCTGTGCCACCAGTGATTTG","........................................................................................................................................CAGGACTGGGCCTACGGTTGATCTATTACTCCTTTGAT............GTCAAAGATATAAACAAAGGAGAGATCTCT...GATGGATACAGTGTCTCTCGACAG...GCACAGGCTAAATTCTCCCTGTCCCTAGAGTCTGCCATCCCCAACCAGACAGCTCTTTACTTCTGTGCCACCAGTGATTTG"
"TRBV4-1*bp01","47","","","","","","","","42.55","0.36","20","","100","1","10","17","1","9","15","","","AAGCTAAGAAGCCACCGGAGCTCATGTTTGTCTACAGCTATGAGAAACTCTCTATAAATGAAAGTGTGCCAAGTCGCTTCTCACCTGAATGCCCCAACAGCTCTCTCTTAAACCTTCACCTACACGCCCTGCAGCCAGAAGACTCAGCCCTGTATCTCTGCGCCAGCAGCCAAGA",".....................................................................................................................................AAGCTAAGAAGCCACCGGAGCTCATGTTTGTCTACAGCTAT............GAGAAACTCTCTATAAATGAAAGTGTGCCA...AGTCGCTTCTCACCTGAATGCCCC...AACAGCTCTCTCTTAAACCTTCACCTACACGCCCTGCAGCCAGAAGACTCAGCCCTGTATCTCTGCGCCAGCAGCCAAGA"
"TRBV4-2*bp01","25","","","","","","","","68","0.31","17","","100","3","9","21","3","8","15","","","GTGCTAAGAAGCCACTGGAGCTCATGTTTGTCTACAACTTTAAAGAACAGACTGAAAACAACAGTGTGCCAAGTCGCTTCTCACCTGAATGCCCCAACAGCTCTCACTTATTCCTTCACCTACACACCCTGCAGCCAGAAGACTCGGCCCTGTATCTCTGTGCCAGCAGCCAAGA",".....................................................................................................................................GTGCTAAGAAGCCACTGGAGCTCATGTTTGTCTACAACTTT............AAAGAACAGACTGAAAACAACAGTGTGCCA...AGTCGCTTCTCACCTGAATGCCCC...AACAGCTCTCACTTATTCCTTCACCTACACACCCTGCAGCCAGAAGACTCGGCCCTGTATCTCTGTGCCAGCAGCCAAGA"
"TRBV5-1*bp01","143","","","","","","","","67.83","1.76","97","","100","3","13","106","3","12","79","","","CCCCAGGACAGGGCCTTCAGTTCCTCTTTGAATACTTCAGTGAGACACAGAGAAACAAAGGAAACTTCCCTGGTCGATTCTCAGGGCGCCAGTTCTCTAACTCTCGCTCTGAGATGAATGTGAGCACCTTGGAGCTGGGGGACTCGGCCCTTTATCTTTGCGCCAGCAGCTTGG",".....................................................................................................................................CCCCAGGACAGGGCCTTCAGTTCCTCTTTGAATACTTCAGT............GAGACACAGAGAAACAAAGGAAACTTCCCT...GGTCGATTCTCAGGGCGCCAGTTC...TCTAACTCTCGCTCTGAGATGAATGTGAGCACCTTGGAGCTGGGGGACTCGGCCCTTTATCTTTGCGCCAGCAGCTTGG"
"TRBV5-3*bp01","11","","","","","","","","54.55","0.11","6","","79","2","5","8","1","3","5","","","CCCCGGGTCAGGGGCCCCAGTTTATCTTTGAATATGCTAATGAGTTAAGGAGATCAGAAGGAAACTTCCCTAATCGATTCTCAGGGCGCCAGTTCCATGACTGTTGCTCTGAGATGAATGTGAGTGCCTTGGAGCTGGGGGACTCGGCCCTGTATCTCTGTGCCAGAAGCTTGG",".....................................................................................................................................CCCCGGGTCAGGGGCCCCAGTTTATCTTTGAATATGCTAAT............GAGTTAAGGAGATCAGAAGGAAACTTCCCT...AATCGATTCTCAGGGCGCCAGTTC...CATGACTGTTGCTCTGAGATGAATGTGAGTGCCTTGGAGCTGGGGGACTCGGCCCTGTATCTCTGTGCCAGAAGCTTGG"
"TRBV5-3*bp02","3","","","","","","","","66.67","0.04","2","","21","1","2","3","1","1","2","","","CCCCGGGTCAGGGGCCCCAGTTTATCTTTGAATATGCTAATGAGTTAAGGAGATCAGAAGGAAACTTCCCTAATCGATTCTCAGGGCGCCAGTTCCATGACTATTGCTCTGAGATGAATGTGAGTGCCTTGGAGCTGGGGGACTCGGCCCTGTATCTCTGTGCCAGAAGCTTGG",".....................................................................................................................................CCCCGGGTCAGGGGCCCCAGTTTATCTTTGAATATGCTAAT............GAGTTAAGGAGATCAGAAGGAAACTTCCCT...AATCGATTCTCAGGGCGCCAGTTC...CATGACTATTGCTCTGAGATGAATGTGAGTGCCTTGGAGCTGGGGGACTCGGCCCTGTATCTCTGTGCCAGAAGCTTGG"
"TRBV5-4*bp01","609","","","","","","","","55.17","6.08","336","","100","3","14","275","3","13","224","","","CCCTGGGTCAGGGGCCCCAGTTTATCTTTCAGTATTATAGGGAGGAAGAGAATGGCAGAGGAAACTTCCCTCCTAGATTCTCAGGTCTCCAGTTCCCTAATTATAGCTCTGAGCTGAATGTGAACGCCTTGGAGCTGGACGACTCGGCCCTGTATCTCTGTGCCAGCAGCTTGG",".....................................................................................................................................CCCTGGGTCAGGGGCCCCAGTTTATCTTTCAGTATTATAGG............GAGGAAGAGAATGGCAGAGGAAACTTCCCT...CCTAGATTCTCAGGTCTCCAGTTC...CCTAATTATAGCTCTGAGCTGAATGTGAACGCCTTGGAGCTGGACGACTCGGCCCTGTATCTCTGTGCCAGCAGCTTGG"
"TRBV5-5*bp01","106","","","","","","","","65.09","1.25","69","","100","3","13","69","3","13","50","","","TCCTGGGTCAGGGGCCCCAGTTTATCTTTCAGTATTATGAGAAAGAAGAGAGAGGAAGAGGAAACTTCCCTGATCGATTCTCAGCTCGCCAGTTCCCTAACTATAGCTCTGAGCTGAATGTGAACGCCTTGTTGCTGGGGGACTCGGCCCTGTATCTCTGTGCCAGCAGCTTGG",".....................................................................................................................................TCCTGGGTCAGGGGCCCCAGTTTATCTTTCAGTATTATGAG............AAAGAAGAGAGAGGAAGAGGAAACTTCCCT...GATCGATTCTCAGCTCGCCAGTTC...CCTAACTATAGCTCTGAGCTGAATGTGAACGCCTTGTTGCTGGGGGACTCGGCCCTGTATCTCTGTGCCAGCAGCTTGG"
"TRBV5-6*bp01","196","","","","","","","","56.12","1.99","110","","100","3","14","113","3","13","74","","","CCCTGGGTCAGGGGCCCCAGTTTATCTTTCAGTATTATGAGGAGGAAGAGAGACAGAGAGGCAACTTCCCTGATCGATTCTCAGGTCACCAGTTCCCTAACTATAGCTCTGAGCTGAATGTGAACGCCTTGTTGCTGGGGGACTCGGCCCTCTATCTCTGTGCCAGCAGCTTGG",".....................................................................................................................................CCCTGGGTCAGGGGCCCCAGTTTATCTTTCAGTATTATGAG............GAGGAAGAGAGACAGAGAGGCAACTTCCCT...GATCGATTCTCAGGTCACCAGTTC...CCTAACTATAGCTCTGAGCTGAATGTGAACGCCTTGTTGCTGGGGGACTCGGCCCTCTATCTCTGTGCCAGCAGCTTGG"
"TRBV5-7*bp01","5","","","","","","","","0","0","0","","100","3","4","5","0","0","0","","","CCCTGGGTCAGGGGCCCCAGTTTATCTTTCAGTATTATGAGAAAGAAGAGAGAGGAAGAGGAAACTTCCCTGATCAATTCTCAGGTCACCAGTTCCCTAACTATAGCTCTGAGCTGAATGTGAACGCCTTGTTGCTAGGGGACTCGGCCCTCTATCTCTGTGCCAGCAGCTTGG",".....................................................................................................................................CCCTGGGTCAGGGGCCCCAGTTTATCTTTCAGTATTATGAG............AAAGAAGAGAGAGGAAGAGGAAACTTCCCT...GATCAATTCTCAGGTCACCAGTTC...CCTAACTATAGCTCTGAGCTGAATGTGAACGCCTTGTTGCTAGGGGACTCGGCCCTCTATCTCTGTGCCAGCAGCTTGG"
"TRBV5-8*bp01","13","","","","","","","","38.46","0.09","5","","100","1","5","11","1","5","5","","","CCCTGGGTCTGGGCCTCCAGTTCCTCCTTTGGTATGACGAGGGTGAAGAGAGAAACAGAGGAAACTTCCCTCCTAGATTTTCAGGTCGCCAGTTCCCTAATTATAGCTCTGAGCTGAATGTGAACGCCTTGGAGCTGGAGGACTCGGCCCTGTATCTCTGTGCCAGCAGCTTGG",".....................................................................................................................................CCCTGGGTCTGGGCCTCCAGTTCCTCCTTTGGTATGACGAG............GGTGAAGAGAGAAACAGAGGAAACTTCCCT...CCTAGATTTTCAGGTCGCCAGTTC...CCTAATTATAGCTCTGAGCTGAATGTGAACGCCTTGGAGCTGGAGGACTCGGCCCTGTATCTCTGTGCCAGCAGCTTGG"
"TRBV6-1*bp01","522","","","","","","","","57.28","5.41","299","","100","3","14","335","3","14","243","","","CAGGCATGGGACTGAGGCTGATTTATTACTCAGCTTCTGAGGGTACCACTGACAAAGGAGAAGTCCCCAATGGCTACAATGTCTCCAGATTAAACAAACGGGAGTTCTCGCTCAGGCTGGAGTCGGCTGCTCCCTCCCAGACATCTGTGTACTTCTGTGCCAGCAGTGAAGC","........................................................................................................................................CAGGCATGGGACTGAGGCTGATTTATTACTCAGCTTCT............GAGGGTACCACTGACAAAGGAGAAGTCCCC...AATGGCTACAATGTCTCCAGATTA...AACAAACGGGAGTTCTCGCTCAGGCTGGAGTCGGCTGCTCCCTCCCAGACATCTGTGTACTTCTGTGCCAGCAGTGAAGC"
"TRBV6-4*bp01","104","","","","","","","","75.96","1.43","79","","100","3","13","71","3","13","63","","","TCTAGGACTGGGGCTAAGGCTCATCCATTATTCAAATACTGCAGGTACCACTGGCAAAGGAGAAGTCCCTGATGGTTATAGTGTCTCCAGAGCAAACACAGATGATTTCCCCCTCACGTTGGCGTCTGCTGTACCCTCTCAGACATCTGTGTACTTCTGTGCCAGCAGTGACTC","......................................................................................................................................TCTAGGACTGGGGCTAAGGCTCATCCATTATTCAAATACT............GCAGGTACCACTGGCAAAGGAGAAGTCCCT...GATGGTTATAGTGTCTCCAGAGCA...AACACAGATGATTTCCCCCTCACGTTGGCGTCTGCTGTACCCTCTCAGACATCTGTGTACTTCTGTGCCAGCAGTGACTC"
"TRBV6-5*bp01","717","","","","","","","","46.58","6.04","334","","100","3","14","408","3","13","276","","","CAGGCATGGGGCTGAGGCTGATTCATTACTCAGTTGGTGCTGGTATCACTGACCAAGGAGAAGTCCCCAATGGCTACAATGTCTCCAGATCAACCACAGAGGATTTCCCGCTCAGGCTGCTGTCGGCTGCTCCCTCCCAGACATCTGTGTACTTCTGTGCCAGCAGTTACTC","........................................................................................................................................CAGGCATGGGGCTGAGGCTGATTCATTACTCAGTTGGT............GCTGGTATCACTGACCAAGGAGAAGTCCCC...AATGGCTACAATGTCTCCAGATCA...ACCACAGAGGATTTCCCGCTCAGGCTGCTGTCGGCTGCTCCCTCCCAGACATCTGTGTACTTCTGTGCCAGCAGTTACTC"
"TRBV6-6*bp01","150","","","","","","","","44","1.19","66","","100","3","14","115","3","12","60","","","CAGGCATGGGGCTGAAGCTGATTTATTATTCAGTTGGTGCTGGTATCACTGATAAAGGAGAAGTCCCGAATGGCTACAACGTCTCCAGATCAACCACAGAGGATTTCCCGCTCAGGCTGGAGTTGGCTGCTCCCTCCCAGACATCTGTGTACTTCTGTGCCAGCAGTTACTC","........................................................................................................................................CAGGCATGGGGCTGAAGCTGATTTATTATTCAGTTGGT............GCTGGTATCACTGATAAAGGAGAAGTCCCG...AATGGCTACAACGTCTCCAGATCA...ACCACAGAGGATTTCCCGCTCAGGCTGGAGTTGGCTGCTCCCTCCCAGACATCTGTGTACTTCTGTGCCAGCAGTTACTC"
"TRBV6-8*bp01","15","","","","","","","","6.67","0.02","1","","100","3","7","10","1","1","1","","","CAGGCATGGGGCTGAGACTGATTTACTACTCAGCTGCTGCTGGTACTACTGACAAAGAAGTCCCCAATGGCTACAATGTCTCTAGATTAAACACAGAGGATTTCCCACTCAGGCTGGTGTCGGCTGCTCCCTCCCAGACATCTGTGTACTTGTGTGCCAGCAGTTACTC","........................................................................................................................................CAGGCATGGGGCTGAGACTGATTTACTACTCAGCTGCT............GCTGGTACTACTGACAAA...GAAGTCCCC...AATGGCTACAATGTCTCTAGATTA...AACACAGAGGATTTCCCACTCAGGCTGGTGTCGGCTGCTCCCTCCCAGACATCTGTGTACTTGTGTGCCAGCAGTTACTC"
"TRBV6-9*bp01","6","","","","","","","","33.33","0.04","2","","100","1","5","6","1","2","2","","","CAGGCATGGGGCTGAGGCGCATTCATTACTCAGTTGCTGCTGGTATCACTGACAAAGGAGAAGTCCCCGATGGCTACAATGTATCCAGATCAAACACAGAGGATTTCCCGCTCAGGCTGGAGTCAGCTGCTCCCTCCCAGACATCTGTATACTTCTGTGCCAGCAGTTATTC","........................................................................................................................................CAGGCATGGGGCTGAGGCGCATTCATTACTCAGTTGCT............GCTGGTATCACTGACAAAGGAGAAGTCCCC...GATGGCTACAATGTATCCAGATCA...AACACAGAGGATTTCCCGCTCAGGCTGGAGTCAGCTGCTCCCTCCCAGACATCTGTATACTTCTGTGCCAGCAGTTATTC"
"TRBV6-23*bp01","313","","","","","","","","46.65","2.64","146","","100","3","13","190","3","12","113","","","CAGGCATGGGGCTGAGGCTGATTCATTACTCAGTTGGTGAGGGTACAACTGCCAAAGGAGAGGTCCCTGATGGCTACAATGTCTCCAGATTAAAAAAACAGAATTTCCTGCTGGGGTTGGAGTCGGCTGCTCCCTCCCAAACATCTGTGTACTTCTGTGCCAGCAGTTACTC","........................................................................................................................................CAGGCATGGGGCTGAGGCTGATTCATTACTCAGTTGGT............GAGGGTACAACTGCCAAAGGAGAGGTCCCT...GATGGCTACAATGTCTCCAGATTA...AAAAAACAGAATTTCCTGCTGGGGTTGGAGTCGGCTGCTCCCTCCCAAACATCTGTGTACTTCTGTGCCAGCAGTTACTC"
"TRBV7-2*bp01","174","","","","","","","","72.41","2.28","126","","100","3","13","129","3","13","98","","","GCCTGGGGCAGGGCCTGGAGTTTTTAATTTACTTCCAAGGCAACAGTGCACCAGACAAATCAGGGCTGCCCAGTGATCGCTTCTCTGCAGAGAGGACTGGGGGATCCGTCTCCACTCTGACGATCCAGCGCACACAGCAGGAGGACTCGGCCGTGTATCTCTGTGCCAGCAGCTTAGC",".....................................................................................................................................GCCTGGGGCAGGGCCTGGAGTTTTTAATTTACTTCCAAGGC............AACAGTGCACCAGACAAATCAGGGCTGCCCAGTGATCGCTTCTCTGCAGAGAGGACT...GGGGGATCCGTCTCCACTCTGACGATCCAGCGCACACAGCAGGAGGACTCGGCCGTGTATCTCTGTGCCAGCAGCTTAGC"
"TRBV7-3*bp01","20","","","","","","","","55","0.2","11","","71","2","10","11","2","8","8","","","GCCTGGGGCAGGGCCCAGAGTTTCTAATTTACTTCCAAGGCACGGGTGCGGCAGATGACTCAGGGCTGCCCAACGATCGGTTCTTTGCAGTCAGGCCTGAGGGATCCGTCTCTACTCTGAAGATCCAGCGCACAGAGCGGGGGGACTCAGCCGTGTATCTCTGTGCCAGCAGCTTAAC",".....................................................................................................................................GCCTGGGGCAGGGCCCAGAGTTTCTAATTTACTTCCAAGGC............ACGGGTGCGGCAGATGACTCAGGGCTGCCCAACGATCGGTTCTTTGCAGTCAGGCCT...GAGGGATCCGTCTCTACTCTGAAGATCCAGCGCACAGAGCGGGGGGACTCAGCCGTGTATCTCTGTGCCAGCAGCTTAAC"
"TRBV7-3*bp02","5","","","","","","","","20","0.02","1","","18","1","3","3","0","1","1","","","GCCTGGGGCAGGGCCCAGAGTTTCTAATTTACTTCCAAGGCACGGGTGCGGCAGATGACTCAGGGCTGCCCAAAGATCGGTTCTTTGCAGTCAGGCCTGAGGGATCCGTCTCTACTCTGAAGATCCAGCGCACAGAGCAGGGGGACTCAGCCGTGTATCTCCGTGCCAGCAGCTTAAC",".....................................................................................................................................GCCTGGGGCAGGGCCCAGAGTTTCTAATTTACTTCCAAGGC............ACGGGTGCGGCAGATGACTCAGGGCTGCCCAAAGATCGGTTCTTTGCAGTCAGGCCT...GAGGGATCCGTCTCTACTCTGAAGATCCAGCGCACAGAGCAGGGGGACTCAGCCGTGTATCTCCGTGCCAGCAGCTTAAC"
"TRBV7-3*bp03","3","","","","","","","","100","0.05","3","","11","0","1","1","0","1","1","","","GCCTGGGGCAGGGCCCAGAGTTTCTAATTTACTTCCAAGGCACGGGTGCGGCAGATGACTCAGGGCTGCCCAAAGATCGGTTCTTTGCAGTCAGGCCTGAGGGATCCGTCTCTACTCTGAAGATCCAGCGCACAGAGCAGGGGGACTCAGCCGCGTATCTCCGTGCCAGCAGCTTAAC",".....................................................................................................................................GCCTGGGGCAGGGCCCAGAGTTTCTAATTTACTTCCAAGGC............ACGGGTGCGGCAGATGACTCAGGGCTGCCCAAAGATCGGTTCTTTGCAGTCAGGCCT...GAGGGATCCGTCTCTACTCTGAAGATCCAGCGCACAGAGCAGGGGGACTCAGCCGCGTATCTCCGTGCCAGCAGCTTAAC"
"TRBV7-4*bp01","36","","","","","","","","66.67","0.43","24","","100","2","7","20","2","7","15","","","CCCTGGGGCAGGGCTCAGAGGTTCTGACTTACTCCCAGAGTGATGCTCAACGAGACAAATCAGGGCGGCCCAGTGGTCGGTTCTCTGCAGAGAGGCCTGAGAGATCCGTCTCCACTCTGAAGATCCAGCGCACAGAGCAGGGGGACTCAGCTGTGTATCTCTGTGCCAGCAGCTTAGC",".....................................................................................................................................CCCTGGGGCAGGGCTCAGAGGTTCTGACTTACTCCCAGAGT............GATGCTCAACGAGACAAATCAGGGCGGCCCAGTGGTCGGTTCTCTGCAGAGAGGCCT...GAGAGATCCGTCTCCACTCTGAAGATCCAGCGCACAGAGCAGGGGGACTCAGCTGTGTATCTCTGTGCCAGCAGCTTAGC"
"TRBV7-6*bp01","88","","","","","","","","71.59","1.14","63","","100","3","12","47","2","11","36","","","CCCTGGGGCAGGGCCCAGAGTTTCTGACTTACTTCAATTATGAAGCCCAACAAGACAAATCAGGGCTGCCCAATGATCGGTTCTCTGCAGAGAGGCCTGAGGGATCCATCTCCACTCTGACGATCCAGCGCACAGAGCAGCGGGACTCGGCCATGTATCGCTGTGCCAGCAGCTTAGC",".....................................................................................................................................CCCTGGGGCAGGGCCCAGAGTTTCTGACTTACTTCAATTAT............GAAGCCCAACAAGACAAATCAGGGCTGCCCAATGATCGGTTCTCTGCAGAGAGGCCT...GAGGGATCCATCTCCACTCTGACGATCCAGCGCACAGAGCAGCGGGACTCGGCCATGTATCGCTGTGCCAGCAGCTTAGC"
"TRBV7-7*bp01","1","","","","","","","","0","0","0","","100","1","1","1","0","0","0","","","CCCTGGGGCAGGGCCCAGAGTTTCTGACTTACTTCAATTATGAAGCTCAACCAGACAAATCAGGGCTGCCCAGTGATCGGTTCTCTGCAGAGAGGCCTGAGGGATCCATCTCCACTCTGACGATTCAGCGCACAGAGCAGCGGGACTCAGCCATGTATCGCTGTGCCAGCAGCTTAGC",".....................................................................................................................................CCCTGGGGCAGGGCCCAGAGTTTCTGACTTACTTCAATTAT............GAAGCTCAACCAGACAAATCAGGGCTGCCCAGTGATCGGTTCTCTGCAGAGAGGCCT...GAGGGATCCATCTCCACTCTGACGATTCAGCGCACAGAGCAGCGGGACTCAGCCATGTATCGCTGTGCCAGCAGCTTAGC"
"TRBV7-9*bp01","114","","","","","","","","69.3","1.43","79","","100","3","14","88","3","14","70","","","ACCCTGGGGCAGGGCCCAGAGTTTCTGACTTACTTCCAGAATGAAGCTCAACTAGAAAAATCAAGGCTGCTCAGTGATCGGTTCTCTGCAGAGAGGCCTAAGGGATCTTTCTCCACCTTGGAGATCCAGCGCACAGAGCAGGGGGACTCGGCCATGTATCTCTGTGCCAGCAGCTTAGC","....................................................................................................................................ACCCTGGGGCAGGGCCCAGAGTTTCTGACTTACTTCCAGAAT............GAAGCTCAACTAGAAAAATCAAGGCTGCTCAGTGATCGGTTCTCTGCAGAGAGGCCT...AAGGGATCTTTCTCCACCTTGGAGATCCAGCGCACAGAGCAGGGGGACTCGGCCATGTATCTCTGTGCCAGCAGCTTAGC"
"TRBV29-1*bp01","597","","","","","","","","42.04","4.54","251","","100","3","12","172","3","12","137","","","CCTGGACAGAGCCTGACACTGATCGCAACTGCAAATCAGGGCTCTGAGGCCACATATGAGAGTGGATTTGTCATTGACAAGTTTCCCATCAGCCGCCCAAACCTAACATTCTCAACTCTGACTGTGAGCAACATGAGCCCTGAAGACAGCAGCATATATCTCTGCAGCGTTGAAGA",".......................................................................................................................................CCTGGACAGAGCCTGACACTGATCGCAACTGCAAATCAGGGC.........TCTGAGGCCACATATGAGAGTGGATTTGTCATTGACAAGTTTCCCATCAGCCGCCCA...AACCTAACATTCTCAACTCTGACTGTGAGCAACATGAGCCCTGAAGACAGCAGCATATATCTCTGCAGCGTTGAAGA"
