germline_call	note	polymorphism_call	nt_substitutions	novel_imgt	novel_imgt_count	novel_imgt_unique_j	novel_imgt_unique_cdr3	perfect_match_count	perfect_match_freq	germline_call_count	germline_call_freq	mut_min	mut_max	mut_pass_count	germline_imgt	germline_imgt_count	pos_min	pos_max	y_intercept	y_intercept_pass	snp_pass	unmutated_count	unmutated_freq	unmutated_snp_j_gene_length_count	snp_min_seqs_j_max_pass	alpha	min_seqs	j_max	min_frac	chimera_note
IGHV1-18*bp01	Novel allele found!	IGHV1-18*bp01_A190G	190A>G	NNNNNNNNNNNNNNNNNNNNNNNNNNN...NNNNNNNNNNNNNNNNNNNNNNNNNNNNNNNNNNNNNNNNNNGCTTCTGGTTACACCTTT............ACCAGCTATGGTATCAGCTGGGTGCGACAGGCCCCTGGACAAGGGCTTGAGTGGATGGGATGGATCAGCGCTTAC......AATGGTGACACAAACTATGCACAGAAGCTCCAG...GGCAGAGTCACCATGACCACAGACACATCCACGAGCACAGCCTACATGGAGCTGAGGAGCCTGAGATCTGACGACACGGCCGTGTATTACTGTGCGAGAGA	0	0	0	17	0.047752808988764	356	0.03	1	10	243	NNNNNNNNNNNNNNNNNNNNNNNNNNN...NNNNNNNNNNNNNNNNNNNNNNNNNNNNNNNNNNNNNNNNNNGCTTCTGGTTACACCTTT............ACCAGCTATGGTATCAGCTGGGTGCGACAGGCCCCTGGACAAGGGCTTGAGTGGATGGGATGGATCAGCGCTTAC......AATGGTAACACAAACTATGCACAGAAGCTCCAG...GGCAGAGTCACCATGACCACAGACACATCCACGAGCACAGCCTACATGGAGCTGAGGAGCCTGAGATCTGACGACACGGCCGTGTATTACTGTGCGAGAGA	0	1	320	0.125	1	145	17	0.047752808988764	14	1	0.05	1	0.15	0.75	
IGHV1-69*bp04	Novel allele found!	IGHV1-69*bp04_G112A	112G>A	NNNNNNNNNNNNNNNNNNNNNNNNNNN...NNNNNNNNNNNNNNNNNNNNNNNNNNNNNNNNNNNNNNNNNNGCTTCTGGAGGCACCTTC............AGCAGCTATACTATCAGCTGGGTGCGACAGGCCCCTGGACAAGGGCTTGAGTGGATGGGAAGGATCATCCCTATC......CTTGGTATAGCAAACTACGCACAGAAGTTCCAG...GGCAGAGTCACGATTACCGCGGACAAATCCACGAGCACAGCCTACATGGAGCTGAGCAGCCTGAGATCTGAGGACACGGCCGTGTATTACTGTGCGAGAGA	0	0	0	9	0.191489361702128	47	0.004	1	10	34	NNNNNNNNNNNNNNNNNNNNNNNNNNN...NNNNNNNNNNNNNNNNNNNNNNNNNNNNNNNNNNNNNNNNNNGCTTCTGGAGGCACCTTC............AGCAGCTATGCTATCAGCTGGGTGCGACAGGCCCCTGGACAAGGGCTTGAGTGGATGGGAAGGATCATCCCTATC......CTTGGTATAGCAAACTACGCACAGAAGTTCCAG...GGCAGAGTCACGATTACCGCGGACAAATCCACGAGCACAGCCTACATGGAGCTGAGCAGCCTGAGATCTGAGGACACGGCCGTGTATTACTGTGCGAGAGA	0	1	320	0.125	1	26	9	0.191489361702128	9	1	0.05	1	0.15	0.75	low probability for chimera
IGHV1-69*bp09	Novel allele found!	IGHV1-69*bp09_A244G	244A>G	NNNNNNNNNNNNNNNNNNNNNNNNNNN...NNNNNNNNNNNNNNNNNNNNNNNNNNNNNNNNNNNNNNNNNNGCTTCTGGAGGCACCTTC............AGCAGCTATGCTATCAGCTGGGTGCGACAGGCCCCTGGACAAGGGCTTGAGTGGATGGGAGGGATCATCCCTATC......CTTGGTATAGCAAACTACGCACAGAAGTTCCAG...GGCAGAGTCACGATTACCGCGGACGAATCCACGAGCACAGCCTACATGGAGCTGAGCAGCCTGAGATCTGAGGACACGGCCGTGTATTACTGTGCGAGAGA	0	0	0	15	0.087719298245614	171	0.015	1	10	154	NNNNNNNNNNNNNNNNNNNNNNNNNNN...NNNNNNNNNNNNNNNNNNNNNNNNNNNNNNNNNNNNNNNNNNGCTTCTGGAGGCACCTTC............AGCAGCTATGCTATCAGCTGGGTGCGACAGGCCCCTGGACAAGGGCTTGAGTGGATGGGAGGGATCATCCCTATC......CTTGGTATAGCAAACTACGCACAGAAGTTCCAG...GGCAGAGTCACGATTACCGCGGACAAATCCACGAGCACAGCCTACATGGAGCTGAGCAGCCTGAGATCTGAGGACACGGCCGTGTATTACTGTGCGAGAGA	0	1	320	0.125	1	142	15	0.087719298245614	13	1	0.05	1	0.15	0.75	low probability for chimera
IGHV3-15*bp01	Novel allele found!	IGHV3-15*bp01_G147A	147G>A	NNNNNNNNNNNNNNNNNNNNNNNNNNN...NNNNNNNNNNNNNNNNNNNNNNNNNNNNNNNNNNNNNNTGCAGCCTCTGGATTCACTTTC............AGTAACGCCTGGATGAGCTGGGTCCGCCAGGCTCCAGGGAAGGGACTGGAGTGGGTTGGCCGTATTAAAAGCAAAACTGATGGTGGGACAACAGACTACGCTGCACCCGTGAAA...GGCAGATTCACCATCTCAAGAGATGATTCAAAAAACACGCTGTATCTGCAAATGAACAGCCTGAAAACCGAGGACACAGCCGTGTATTACTGTACCACAGA	0	0	0	21	0.159090909090909	132	0.011	1	10	103	NNNNNNNNNNNNNNNNNNNNNNNNNNN...NNNNNNNNNNNNNNNNNNNNNNNNNNNNNNNNNNNNNNTGCAGCCTCTGGATTCACTTTC............AGTAACGCCTGGATGAGCTGGGTCCGCCAGGCTCCAGGGAAGGGGCTGGAGTGGGTTGGCCGTATTAAAAGCAAAACTGATGGTGGGACAACAGACTACGCTGCACCCGTGAAA...GGCAGATTCACCATCTCAAGAGATGATTCAAAAAACACGCTGTATCTGCAAATGAACAGCCTGAAAACCGAGGACACAGCCGTGTATTACTGTACCACAGA	0	1	320	0.125	1	89	21	0.159090909090909	16	1	0.05	1	0.15	0.75	
IGHV3-15*bp06	Novel allele found!	IGHV3-15*bp06_C159T	159C>T	NNNNNNNNNNNNNNNNNNNNNNNNNNN...NNNNNNNNNNNNNNNNNNNNNNNNNNNNNNNNNNNNNNTGCAGCCTCTGGTTTCACTTTC............AGTAACGCCTGGATGAACTGGGTCCGCCAGGCTCCAGGGAAGGGGCTGGAGTGGGTTGGCCGTATTAAAAGCAAAACTGATGGTGGGACAACAGACTACGCTGCACCCGTGAAA...GGCAGATTCACCATCTCAAGAGATGATTCAAAAAACACGCTGTATCTGCAAATGAACAGCCTGAAAACCGAGGACACAGCCGTGTATTACTGTACCACAGA	0	0	0	33	0.268292682926829	123	0.01	1	10	103	NNNNNNNNNNNNNNNNNNNNNNNNNNN...NNNNNNNNNNNNNNNNNNNNNNNNNNNNNNNNNNNNNNTGCAGCCTCTGGTTTCACTTTC............AGTAACGCCTGGATGAACTGGGTCCGCCAGGCTCCAGGGAAGGGGCTGGAGTGGGTCGGCCGTATTAAAAGCAAAACTGATGGTGGGACAACAGACTACGCTGCACCCGTGAAA...GGCAGATTCACCATCTCAAGAGATGATTCAAAAAACACGCTGTATCTGCAAATGAACAGCCTGAAAACCGAGGACACAGCCGTGTATTACTGTACCACAGA	0	1	320	0.125	1	102	33	0.268292682926829	26	1	0.05	1	0.15	0.75	low probability for chimera
IGHV3-30*bp18	Novel allele found!	IGHV3-30*bp18_C170G_A171G_G301A	170C>G,171A>G,301G>A	NNNNNNNNNNNNNNNNNNNNNNNNNNN...NNNNNNNNNNNNNNNNNNNNNNNNNNNNNNNNNNNNNNTGCAGCCTCTGGATTCACCTTC............AGTAGCTATGGCATGCACTGGGTCCGCCAGGCTCCAGGCAAGGGGCTGGAGTGGGTGGCAGTTATATGGTATGAT......GGAAGTAATAAATACTATGCAGACTCCGTGAAG...GGCCGATTCACCATCTCCAGAGACAATTCCAAGAACACGCTGTATCTGCAAATGAACAGCCTGAGAGCTGAGGACACGGCTATGTATTACTGTGCGAAAGA	0	0	0	35	0.291666666666667	120	0.01	3	12	98	NNNNNNNNNNNNNNNNNNNNNNNNNNN...NNNNNNNNNNNNNNNNNNNNNNNNNNNNNNNNNNNNNNTGCAGCCTCTGGATTCACCTTC............AGTAGCTATGGCATGCACTGGGTCCGCCAGGCTCCAGGCAAGGGGCTGGAGTGGGTGGCAGTTATATCATATGAT......GGAAGTAATAAATACTATGCAGACTCCGTGAAG...GGCCGATTCACCATCTCCAGAGACAATTCCAAGAACACGCTGTATCTGCAAATGAACAGCCTGAGAGCTGAGGACACGGCTGTGTATTACTGTGCGAAAGA	0	1	320	0.125	3	96	35	0.291666666666667	17	1	0.05	1	0.15	0.75	low probability for chimera
IGHV4-4*bp06	Novel allele found!	IGHV4-4*bp06_G234A_C245A	234G>A,245C>A	NNNNNNNNNNNNNNNNNNNNNNNNNNN...NNNNNNNNNNNNNNNNNNNNNNNNNNNNNNNNNNNNNNCACTGTCTCTGGTGGCTCCATC............AGTAGTTACTACTGGAGCTGGATCCGGCAGCCCGCCGGGAAGGGACTGGAGTGGATTGGGCGTATCTATACCAGT.........GGGAGCACCAACTACAACCCCTCCCTCAAG...AGTCGAGTCACCATATCAGTAGACAAGTCCAAGAACCAGTTCTCCCTGAAGCTGAGCTCTGTGACCGCCGCGGACACGGCCGTGTATTACTGTGCGAGAGA	0	0	0	22	0.125714285714286	175	0.015	1	10	149	NNNNNNNNNNNNNNNNNNNNNNNNNNN...NNNNNNNNNNNNNNNNNNNNNNNNNNNNNNNNNNNNNNCACTGTCTCTGGTGGCTCCATC............AGTAGTTACTACTGGAGCTGGATCCGGCAGCCCGCCGGGAAGGGACTGGAGTGGATTGGGCGTATCTATACCAGT.........GGGAGCACCAACTACAACCCCTCCCTCAAG...AGTCGAGTCACCATGTCAGTAGACACGTCCAAGAACCAGTTCTCCCTGAAGCTGAGCTCTGTGACCGCCGCGGACACGGCCGTGTATTACTGTGCGAGAGA	0	1	320	0.125	2	149	22	0.125714285714286	21	1	0.05	1	0.15	0.75	high probability for chimera, inference removed
IGHV4-30-4*bp08	Novel allele found!	IGHV4-30-4*bp08_T228C_T285C_C315G	228T>C,285T>C,315C>G	NNNNNNNNNNNNNNNNNNNNNNNNNNN...NNNNNNNNNNNNNNNNNNNNNNNNNNNNNNNNNNNNNNCACTGTCTCTGGTGGCTCCATCAGC......AGTGGTGATTACTACTGGAGCTGGATCCGCCAGCCCCCAGGGAAGGGCCTGGAGTGGATTGGGTACATCTATTACAGT.........GGGAGCACCTACTACAACCCGTCCCTCAAG...AGTCGAGTCACCATATCAGTAGACACGTCCAAGAACCAGTTCTCCCTGAAGCTGAGCTCTGTGACCGCCGCAGACACGGCCGTGTATTACTGTGCGAGAG	0	0	0	9	0.0294117647058824	306	0.026	2	11	129	NNNNNNNNNNNNNNNNNNNNNNNNNNN...NNNNNNNNNNNNNNNNNNNNNNNNNNNNNNNNNNNNNNCACTGTCTCTGGTGGCTCCATCAGC......AGTGGTGATTACTACTGGAGCTGGATCCGCCAGCCCCCAGGGAAGGGCCTGGAGTGGATTGGGTACATCTATTACAGT.........GGGAGCACCTACTACAACCCGTCCCTCAAG...AGTCGAGTTACCATATCAGTAGACACGTCCAAGAACCAGTTCTCCCTGAAGCTGAGCTCTGTGACTGCCGCAGACACGGCCGTGTATTACTGTGCCAGAG	0	1	320	0.125	3	75	9	0.0294117647058824	9	1	0.05	1	0.15	0.75	high probability for chimera, inference removed
IGHV4-31*bp03	Novel allele found!	IGHV4-31*bp03_C198T	198C>T	NNNNNNNNNNNNNNNNNNNNNNNNNNN...NNNNNNNNNNNNNNNNNNNNNNNNNNNNNNNNNNNNNNCACTGTCTCTGGTGGCTCCATCAGC......AGTGGTGGTTACTACTGGAGCTGGATCCGCCAGCACCCAGGGAAGGGCCTGGAGTGGATTGGGTACATCTATTACAGT.........GGGAGCACCTATTACAACCCGTCCCTCAAG...AGTCGAGTTACCATATCAGTAGACACGTCTAAGAACCAGTTCTCCCTGAAGCTGAGCTCTGTGACTGCCGCGGACACGGCCGTGTATTACTGTGCGAGAGA	0	0	0	35	0.115894039735099	302	0.026	1	10	273	NNNNNNNNNNNNNNNNNNNNNNNNNNN...NNNNNNNNNNNNNNNNNNNNNNNNNNNNNNNNNNNNNNCACTGTCTCTGGTGGCTCCATCAGC......AGTGGTGGTTACTACTGGAGCTGGATCCGCCAGCACCCAGGGAAGGGCCTGGAGTGGATTGGGTACATCTATTACAGT.........GGGAGCACCTACTACAACCCGTCCCTCAAG...AGTCGAGTTACCATATCAGTAGACACGTCTAAGAACCAGTTCTCCCTGAAGCTGAGCTCTGTGACTGCCGCGGACACGGCCGTGTATTACTGTGCGAGAGA	0	1	320	0.125	2	268	35	0.115894039735099	27	1	0.05	1	0.15	0.75	
