sample_name,project,subject,sample,haplotype,genotyper_gene,genotyper_allele,vdjbase_allele,closest_imgt_allele,imgt_allele_match,closest_imgt_seq,ref_extension,notes,exon_reads,exon_min_score,gene_sequence,gene_sequence_CIGAR,L-PART1,L-PART1_CIGAR,V-INTRON,V-INTRON_CIGAR,L-PART2,L-PART2_CIGAR,V-REGION,V-REGION_CIGAR,V-REGION-GAPPED,V-REGION-GAPPED_CIGAR,V-HEPTAMER,V-HEPTAMER_CIGAR,V-SPACER,V-SPACER_CIGAR,V-NONAMER,V-NONAMER_CIGAR,D-5_NONAMER,D-5_NONAMER_CIGAR,D-5_SPACER,D-5_SPACER_CIGAR,D-5_HEPTAMER,D-5_HEPTAMER_CIGAR,D-REGION,D-REGION_CIGAR,D-3_HEPTAMER,D-3_HEPTAMER_CIGAR,D-3_SPACER,D-3_SPACER_CIGAR,D-3_NONAMER,D-3_NONAMER_CIGAR,J-NONAMER,J-NONAMER_CIGAR,J-SPACER,J-SPACER_CIGAR,J-HEPTAMER,J-HEPTAMER_CIGAR,J-REGION,J-REGION_CIGAR
Pangenome-HG02572.1,Pangenome,HG02572.1,1,0,IGLV4-69,,IGLV4-69*01,IGLV4-69*01,100.0,CAGCTTGTGCTGACTCAATCGCCCTCTGCCTCTGCCTCCCTGGGAGCCTCGGTCAAGCTCACCTGCACTCTGAGCAGTGGGCACAGCAGCTACGCCATCGCATGGCATCAGCAGCAGCCAGAGAAGGGCCCTCGGTACTTGATGAAGCTTAACAGTGATGGCAGCCACAGCAAGGGGGACGGGATCCCTGATCGCTTCTCAGGCTCCAGCTCTGGGGCTGAGCGCTACCTCACCATCTCCAGCCTCCAGTCTGAGGATGAGGCTGACTATTACTGTCAGACCTGGGGCACTGGCATTCA,False,,,,AGGGTGGGTAAGAAATACCTGCAACTGTCAGCCTCAGCAGAGCTCTGGGGAGTCTGCACCATGGCTTGGACCCCACTCCTCTTCCTCACCCTCCTCCTCCACTGCACAGGTCAGGATGGCCCTCAGCACCCTGACCTCCAGCTCACTGATACCACCTCCCAAACTTATGCCAGGAATGTCCTTCCCTCTTTTCTTGACTCCAGCCGGTAATGGGTGTCTGTGTTTTCAGGGTCTCTCTCCCAGCTTGTGCTGACTCAATCGCCCTCTGCCTCTGCCTCCCTGGGAGCCTCGGTCAAGCTCACCTGCACTCTGAGCAGTGGGCACAGCAGCTACGCCATCGCATGGCATCAGCAGCAGCCAGAGAAGGGCCCTCGGTACTTGATGAAGCTTAACAGTGATGGCAGCCACAGCAAGGGGGACGGGATCCCTGATCGCTTCTCAGGCTCCAGCTCTGGGGCTGAGCGCTACCTCACCATCTCCAGCCTCCAGTCTGAGGATGAGGCTGACTATTACTGTCAGACCTGGGGCACTGGCATTCACACAGTGACACAGGCAGATGAGGAAGTGGGACAGAAACC,578M,ATGGCTTGGACCCCACTCCTCTTCCTCACCCTCCTCCTCCACTGCACAG,49M,GTCAGGATGGCCCTCAGCACCCTGACCTCCAGCTCACTGATACCACCTCCCAAACTTATGCCAGGAATGTCCTTCCCTCTTTTCTTGACTCCAGCCGGTAATGGGTGTCTGTGTTTTCAG,120M,GGTCTCTCTCC,11M,CAGCTTGTGCTGACTCAATCGCCCTCTGCCTCTGCCTCCCTGGGAGCCTCGGTCAAGCTCACCTGCACTCTGAGCAGTGGGCACAGCAGCTACGCCATCGCATGGCATCAGCAGCAGCCAGAGAAGGGCCCTCGGTACTTGATGAAGCTTAACAGTGATGGCAGCCACAGCAAGGGGGACGGGATCCCTGATCGCTTCTCAGGCTCCAGCTCTGGGGCTGAGCGCTACCTCACCATCTCCAGCCTCCAGTCTGAGGATGAGGCTGACTATTACTGTCAGACCTGGGGCACTGGCATTCA,299M,CAGCTTGTGCTGACTCAATCGCCCTCT...GCCTCTGCCTCCCTGGGAGCCTCGGTCAAGCTCACCTGCACTCTGAGCAGTGGGCACAGC...............AGCTACGCCATCGCATGGCATCAGCAGCAGCCAGAGAAGGGCCCTCGGTACTTGATGAAGCTTAACAGTGAT.........GGCAGCCACAGCAAGGGGGACGGGATCCCT...GATCGCTTCTCAGGCTCCAGC......TCTGGGGCTGAGCGCTACCTCACCATCTCCAGCCTCCAGTCTGAGGATGAGGCTGACTATTACTGTCAGACCTGGGGCACTGGCATTCA,,CACAGTG,7M,ACACAGGCAGATGAGGAAGTGGG,23M,ACAGAAACC,9M,,,,,,,,,,,,,,,,,,,,,,
Pangenome-HG02572.1,Pangenome,HG02572.1,1,0,IGLV10-54,,IGLV10-54*01,IGLV10-54*01,100.0,CAGGCAGGGCTGACTCAGCCACCCTCGGTGTCCAAGGGCTTGAGACAGACCGCCACACTCACCTGCACTGGGAACAGCAACAATGTTGGCAACCAAGGAGCAGCTTGGCTGCAGCAGCACCAGGGCCACCCTCCCAAACTCCTATCCTACAGGAATAACAACCGGCCCTCAGGGATCTCAGAGAGATTATCTGCATCCAGGTCAGGAAACACAGCCTCCCTGACCATTACTGGACTCCAGCCTGAGGACGAGGCTGACTATTACTGCTCAGCATGGGACAGCAGCCTCAGTGCTCA,False,,,,ATGCCCTGGGCTCTGCTCCTCCTGACCCTCCTCACTCACTCTGCAGGTGAGAGTGGACCTTACCCAGGGATCTGCACCCACCTCTGCTCCAGCTTCTCCACTCCCTGGCTCAGTGGACTCTGATCCTGCTCTCACATTCCTTTCTGTCCCCTCTACAGTGTCAGTGGTCCAGGCAGGGCTGACTCAGCCACCCTCGGTGTCCAAGGGCTTGAGACAGACCGCCACACTCACCTGCACTGGGAACAGCAACAATGTTGGCAACCAAGGAGCAGCTTGGCTGCAGCAGCACCAGGGCCACCCTCCCAAACTCCTATCCTACAGGAATAACAACCGGCCCTCAGGGATCTCAGAGAGATTATCTGCATCCAGGTCAGGAAACACAGCCTCCCTGACCATTACTGGACTCCAGCCTGAGGACGAGGCTGACTATTACTGCTCAGCATGGGACAGCAGCCTCAGTGCTCACACAGTGCCTCAGGCCAGTGGGGAAGTGAGATAAAAACT,504M,ATGCCCTGGGCTCTGCTCCTCCTGACCCTCCTCACTCACTCTGCAG,46M,GTGAGAGTGGACCTTACCCAGGGATCTGCACCCACCTCTGCTCCAGCTTCTCCACTCCCTGGCTCAGTGGACTCTGATCCTGCTCTCACATTCCTTTCTGTCCCCTCTACAG,112M,TGTCAGTGGTC,11M,CAGGCAGGGCTGACTCAGCCACCCTCGGTGTCCAAGGGCTTGAGACAGACCGCCACACTCACCTGCACTGGGAACAGCAACAATGTTGGCAACCAAGGAGCAGCTTGGCTGCAGCAGCACCAGGGCCACCCTCCCAAACTCCTATCCTACAGGAATAACAACCGGCCCTCAGGGATCTCAGAGAGATTATCTGCATCCAGGTCAGGAAACACAGCCTCCCTGACCATTACTGGACTCCAGCCTGAGGACGAGGCTGACTATTACTGCTCAGCATGGGACAGCAGCCTCAGTGCTCA,296M,CAGGCAGGGCTGACTCAGCCACCCTCG...GTGTCCAAGGGCTTGAGACAGACCGCCACACTCACCTGCACTGGGAACAGCAACAATGTT............GGCAACCAAGGAGCAGCTTGGCTGCAGCAGCACCAGGGCCACCCTCCCAAACTCCTATCCTACAGGAAT.....................AACAACCGGCCCTCAGGGATCTCA...GAGAGATTATCTGCATCCAGG......TCAGGAAACACAGCCTCCCTGACCATTACTGGACTCCAGCCTGAGGACGAGGCTGACTATTACTGCTCAGCATGGGACAGCAGCCTCAGTGCTCA,,CACAGTG,7M,CCTCAGGCCAGTGGGGAAGTGAG,23M,ATAAAAACT,9M,,,,,,,,,,,,,,,,,,,,,,
Pangenome-HG02572.1,Pangenome,HG02572.1,1,0,IGLV8-61,,IGLV8-61*01,IGLV8-61*01,100.0,CAGACTGTGGTGACCCAGGAGCCATCGTTCTCAGTGTCCCCTGGAGGGACAGTCACACTCACTTGTGGCTTGAGCTCTGGCTCAGTCTCTACTAGTTACTACCCCAGCTGGTACCAGCAGACCCCAGGCCAGGCTCCACGCACGCTCATCTACAGCACAAACACTCGCTCTTCTGGGGTCCCTGATCGCTTCTCTGGCTCCATCCTTGGGAACAAAGCTGCCCTCACCATCACGGGGGCCCAGGCAGATGATGAATCTGATTATTACTGTGTGCTGTATATGGGTAGTGGCATTTC,False,,,,GAGGAAAACAAACCCCAGCTGGGAAGCCTGAGAACACTTAGCCTTCATGAGTGTCCCCACCATGGCCTGGATGATGCTTCTCCTCGGACTCCTTGCTTATGGATCAGGTCAGGGGAAGGGACTCTATCCCTGGGGGACCACAGAAAACAGGGTCCAGGTTACTCTCATCCTCATGATCATAACTGTGTCTCTCCTGTTCGTTTTAGGAGTGGATTCTCAGACTGTGGTGACCCAGGAGCCATCGTTCTCAGTGTCCCCTGGAGGGACAGTCACACTCACTTGTGGCTTGAGCTCTGGCTCAGTCTCTACTAGTTACTACCCCAGCTGGTACCAGCAGACCCCAGGCCAGGCTCCACGCACGCTCATCTACAGCACAAACACTCGCTCTTCTGGGGTCCCTGATCGCTTCTCTGGCTCCATCCTTGGGAACAAAGCTGCCCTCACCATCACGGGGGCCCAGGCAGATGATGAATCTGATTATTACTGTGTGCTGTATATGGGTAGTGGCATTTCCACAGTGATTTAAACCTATGAGGAAGTGCAACTAAAACC,552M,ATGAGTGTCCCCACCATGGCCTGGATGATGCTTCTCCTCGGACTCCTTGCTTATGGATCAG,61M,GTCAGGGGAAGGGACTCTATCCCTGGGGGACCACAGAAAACAGGGTCCAGGTTACTCTCATCCTCATGATCATAACTGTGTCTCTCCTGTTCGTTTTAG,99M,GAGTGGATTCT,11M,CAGACTGTGGTGACCCAGGAGCCATCGTTCTCAGTGTCCCCTGGAGGGACAGTCACACTCACTTGTGGCTTGAGCTCTGGCTCAGTCTCTACTAGTTACTACCCCAGCTGGTACCAGCAGACCCCAGGCCAGGCTCCACGCACGCTCATCTACAGCACAAACACTCGCTCTTCTGGGGTCCCTGATCGCTTCTCTGGCTCCATCCTTGGGAACAAAGCTGCCCTCACCATCACGGGGGCCCAGGCAGATGATGAATCTGATTATTACTGTGTGCTGTATATGGGTAGTGGCATTTC,296M,CAGACTGTGGTGACCCAGGAGCCATCG...TTCTCAGTGTCCCCTGGAGGGACAGTCACACTCACTTGTGGCTTGAGCTCTGGCTCAGTCTCT.........ACTAGTTACTACCCCAGCTGGTACCAGCAGACCCCAGGCCAGGCTCCACGCACGCTCATCTACAGCACA.....................AACACTCGCTCTTCTGGGGTCCCT...GATCGCTTCTCTGGCTCCATC......CTTGGGAACAAAGCTGCCCTCACCATCACGGGGGCCCAGGCAGATGATGAATCTGATTATTACTGTGTGCTGTATATGGGTAGTGGCATTTC,,CACAGTG,7M,ATTTAAACCTATGAGGAAGTGCA,23M,ACTAAAACC,9M,,,,,,,,,,,,,,,,,,,,,,
Pangenome-HG02572.1,Pangenome,HG02572.1,1,0,IGLV4-60,,IGLV4-60*01_c127-_c259t_t287c_a288t_334ca335,IGLV4-60*01,51.34,CAGCCTGTGCTGACTCAATCATCCTCTGCCTCTGCTTCCCTGGGATCCTCGGTCAAGCTCACCTGCACTCTGAGCAGTGGGCACAGTAGCTACATCATCGCATGGCATCAGCAGCAGCCAGGGAAGGCCCCTCGGTACTTGATGAAGCTTGAAGGTAGTGGAAGCTACAACAAGGGGAGCGGAGTTCCTGATCGCTTCTCAGGCTCCAGCTCTGGGGCTGACCGCTACCTCACCATCTCCAACCTCCAGTTAGAGGATGAGGCTGATTATTACTGTGAGACCTGGGACAGTAACACT,False,length mismatch in V-REGION: seq 298 vs co-ords 299 - likely indel\nStop codon in V-REGION before 2nd cysteine,,,ATGGCCTGGACCCCACTCCTCCTCCTCTTCCCTCTCCTCCTCCACTGCACAGGTCAGGAGGACCCTCAGCATCCTCATGCCCCAGCTCACTGACACCATCTCCCAAACTCATACCAGAAATGTTGTTTGCTCTTGTCCTTCCTTCAGGCCATAATGAGCGTCTCTGTTTTCAGGGTCTCTCTCCCAGCCTGTGCTGACTCAATCATCCTCTGCCTCTGCTTCCCTGGGATCCTCGGTCAAGCTCACCTGCACTCTGAGCAGTGGGCACAGTAGCTACATCATCGCATGGCATAGCAGCAGCCAGGGAAGGCCCCTCGGTACTTGATGAAGCTTGAAGGTAGTGGAAGCTACAACAAGGGGAGCGGAGTTCCTGATCGCTTCTCAGGCTCCAGCTCTGGGGCTGACTGCTACCTCACCATCTCCAACCTCCAGTCTGAGGATGAGGCTGATTATTACTGTGAGACCTGGGACAGTAACACTCACACAGTGATACAGGCAGATGAGGAAGTGGGACAAAATCC,292M1D229M,ATGGCCTGGACCCCACTCCTCCTCCTCTTCCCTCTCCTCCTCCACTGCACAG,52M,GTCAGGAGGACCCTCAGCATCCTCATGCCCCAGCTCACTGACACCATCTCCCAAACTCATACCAGAAATGTTGTTTGCTCTTGTCCTTCCTTCAGGCCATAATGAGCGTCTCTGTTTTCAG,121M,GGTCTCTCTCC,11M,CAGCCTGTGCTGACTCAATCATCCTCTGCCTCTGCTTCCCTGGGATCCTCGGTCAAGCTCACCTGCACTCTGAGCAGTGGGCACAGTAGCTACATCATCGCATGGCATAGCAGCAGCCAGGGAAGGCCCCTCGGTACTTGATGAAGCTTGAAGGTAGTGGAAGCTACAACAAGGGGAGCGGAGTTCCTGATCGCTTCTCAGGCTCCAGCTCTGGGGCTGACTGCTACCTCACCATCTCCAACCTCCAGTCTGAGGATGAGGCTGATTATTACTGTGAGACCTGGGACAGTAACACTCA,108M1D190M,CAGCCTGTGCTGACTCAATCATCCTCT...GCCTCTGCTTCCCTGGGATCCTCGGTCAAGCTCACCTGCACTCTGAGCAGTGGGCACAGT...............AGCTACATCATCGCATGGCAT-AGCAGCAGCCAGGGAAGGCCCCTCGGTACTTGATGAAGCTTGAAGGTAGT.........GGAAGCTACAACAAGGGGAGCGGAGTTCCT...GATCGCTTCTCAGGCTCCAGC......TCTGGGGCTGACTGCTACCTCACCATCTCCAACCTCCAGTCTGAGGATGAGGCTGATTATTACTGTGAGACCTGGGACAGTAACACTCA,,CACAGTG,7M,ATACAGGCAGATGAGGAAGTGGG,23M,ACAAAATCC,9M,,,,,,,,,,,,,,,,,,,,,,
Pangenome-HG02572.1,Pangenome,HG02572.1,1,0,IGLV6-57,,IGLV6-57*02,IGLV6-57*02,100.0,AATTTTATGCTGACTCAGCCCCACTCTGTGTCGGAGTCTCCGGGGAAGACGGTAACCATCTCCTGCACCGGCAGCAGTGGCAGCATTGCCAGCAACTATGTGCAGTGGTACCAGCAGCGCCCGGGCAGTGCCCCCACCACTGTGATCTATGAGGATAACCAAAGACCCTCTGGGGTCCCTGATCGGTTCTCTGGCTCCATCGACAGCTCCTCCAACTCTGCCTCCCTCACCATCTCTGGACTGAAGACTGAGGACGAGGCTGACTACTACTGTCAGTCTTATGATAGCAGCAATCA,False,,,,ATGGCCTGGGCTCCACTACTTCTCACCCTCCTCGCTCACTGCACAGGTGGCTGCCTGCAAGGAATTCAGGGAGCGTTCCTGGATGTCACCTGGGCTGATGATCTGTTCCTCCTGCCTGGGAACCAGTCTTCATCTCTCCCCACTGATCTCTGTGTTGCTCTCTTCTTGCAGGTTCTTGGGCCAATTTTATGCTGACTCAGCCCCACTCTGTGTCGGAGTCTCCGGGGAAGACGGTAACCATCTCCTGCACCGGCAGCAGTGGCAGCATTGCCAGCAACTATGTGCAGTGGTACCAGCAGCGCCCGGGCAGTGCCCCCACCACTGTGATCTATGAGGATAACCAAAGACCCTCTGGGGTCCCTGATCGGTTCTCTGGCTCCATCGACAGCTCCTCCAACTCTGCCTCCCTCACCATCTCTGGACTGAAGACTGAGGACGAGGCTGACTACTACTGTCAGTCTTATGATAGCAGCAATCACACAGTGCTCCAGACCCATGGGGAAGTGAGACAGAAACT,517M,ATGGCCTGGGCTCCACTACTTCTCACCCTCCTCGCTCACTGCACAG,46M,GTGGCTGCCTGCAAGGAATTCAGGGAGCGTTCCTGGATGTCACCTGGGCTGATGATCTGTTCCTCCTGCCTGGGAACCAGTCTTCATCTCTCCCCACTGATCTCTGTGTTGCTCTCTTCTTGCAG,125M,GTTCTTGGGCC,11M,AATTTTATGCTGACTCAGCCCCACTCTGTGTCGGAGTCTCCGGGGAAGACGGTAACCATCTCCTGCACCGGCAGCAGTGGCAGCATTGCCAGCAACTATGTGCAGTGGTACCAGCAGCGCCCGGGCAGTGCCCCCACCACTGTGATCTATGAGGATAACCAAAGACCCTCTGGGGTCCCTGATCGGTTCTCTGGCTCCATCGACAGCTCCTCCAACTCTGCCTCCCTCACCATCTCTGGACTGAAGACTGAGGACGAGGCTGACTACTACTGTCAGTCTTATGATAGCAGCAATCA,296M,AATTTTATGCTGACTCAGCCCCACTCT...GTGTCGGAGTCTCCGGGGAAGACGGTAACCATCTCCTGCACCGGCAGCAGTGGCAGCATT............GCCAGCAACTATGTGCAGTGGTACCAGCAGCGCCCGGGCAGTGCCCCCACCACTGTGATCTATGAGGAT.....................AACCAAAGACCCTCTGGGGTCCCT...GATCGGTTCTCTGGCTCCATCGACAGCTCCTCCAACTCTGCCTCCCTCACCATCTCTGGACTGAAGACTGAGGACGAGGCTGACTACTACTGTCAGTCTTATGATAGCAGCAATCA,,CACAGTG,7M,CTCCAGACCCATGGGGAAGTGAG,23M,ACAGAAACT,9M,,,,,,,,,,,,,,,,,,,,,,
Pangenome-HG02572.1,Pangenome,HG02572.1,1,0,IGLV11-55,,IGLV11-55*01,IGLV11-55*01,100.0,CGGCCCGTGCTGACTCAGCCGCCCTCTCTGTCTGCATCCCCGGGAGCAACAGCCAGACTCCCCTGCACCCTGAGCAGTGACCTCAGTGTTGGTGGTAAAAACATGTTCTGGTACCAGCAGAAGCCAGGGAGCTCTCCCAGGTTATTCCTGTATCACTACTCAGACTCAGACAAGCAGCTGGGACCTGGGGTCCCCAGTCGAGTCTCTGGCTCCAAGGAGACCTCAAGTAACACAGCGTTTTTGCTCATCTCTGGGCTCCAGCCTGAGGACGAGGCCGATTATTACTGCCAGGTGTACGAAAGTAGTGCTAAT,False,,,,GCTGTGTCCACTATGGCCCTGACTCCTCTCCTCCTCCTGCTCCTCTCTCACTGCACAGGTAGGGACAGGGCTCAGAGCCCAGGGTGGTCCCCAGCCTGATCTGTCCCTCATGGCTCAGATCCCTCAGCAGCTGCGCCCTGACCCTGCTCCTCACTGTGCTGTGTCTGTGTCTGCAGGTTCCCTCTCCCGGCCCGTGCTGACTCAGCCGCCCTCTCTGTCTGCATCCCCGGGAGCAACAGCCAGACTCCCCTGCACCCTGAGCAGTGACCTCAGTGTTGGTGGTAAAAACATGTTCTGGTACCAGCAGAAGCCAGGGAGCTCTCCCAGGTTATTCCTGTATCACTACTCAGACTCAGACAAGCAGCTGGGACCTGGGGTCCCCAGTCGAGTCTCTGGCTCCAAGGAGACCTCAAGTAACACAGCGTTTTTGCTCATCTCTGGGCTCCAGCCTGAGGACGAGGCCGATTATTACTGCCAGGTGTACGAAAGTAGTGCTAATCACAGTGAGACAGATGAGGAAGTCGGACAAAAACCAAGG,538M,ATGGCCCTGACTCCTCTCCTCCTCCTGCTCCTCTCTCACTGCACAG,46M,GTAGGGACAGGGCTCAGAGCCCAGGGTGGTCCCCAGCCTGATCTGTCCCTCATGGCTCAGATCCCTCAGCAGCTGCGCCCTGACCCTGCTCCTCACTGTGCTGTGTCTGTGTCTGCAG,118M,GTTCCCTCTCC,11M,CGGCCCGTGCTGACTCAGCCGCCCTCTCTGTCTGCATCCCCGGGAGCAACAGCCAGACTCCCCTGCACCCTGAGCAGTGACCTCAGTGTTGGTGGTAAAAACATGTTCTGGTACCAGCAGAAGCCAGGGAGCTCTCCCAGGTTATTCCTGTATCACTACTCAGACTCAGACAAGCAGCTGGGACCTGGGGTCCCCAGTCGAGTCTCTGGCTCCAAGGAGACCTCAAGTAACACAGCGTTTTTGCTCATCTCTGGGCTCCAGCCTGAGGACGAGGCCGATTATTACTGCCAGGTGTACGAAAGTAGTGCTAAT,312M,CGGCCCGTGCTGACTCAGCCGCCCTCT...CTGTCTGCATCCCCGGGAGCAACAGCCAGACTCCCCTGCACCCTGAGCAGTGACCTCAGTGTT.........GGTGGTAAAAACATGTTCTGGTACCAGCAGAAGCCAGGGAGCTCTCCCAGGTTATTCCTGTATCACTACTCAGAC.........TCAGACAAGCAGCTGGGACCTGGGGTCCCC...AGTCGAGTCTCTGGCTCCAAGGAGACCTCAAGTAACACAGCGTTTTTGCTCATCTCTGGGCTCCAGCCTGAGGACGAGGCCGATTATTACTGCCAGGTGTACGAAAGTAGTGCTAAT,,CACAGTG,7M,AGACAGATGAGGAAGTCGGACAA,23M,AAACCAAGG,9M,,,,,,,,,,,,,,,,,,,,,,
Pangenome-HG02572.1,Pangenome,HG02572.1,1,0,IGLV5-52,,IGLV5-52*01,IGLV5-52*01,100.0,CAGCCTGTGCTGACTCAGCCATCTTCCCATTCTGCATCTTCTGGAGCATCAGTCAGACTCACCTGCATGCTGAGCAGTGGCTTCAGTGTTGGGGACTTCTGGATAAGGTGGTACCAACAAAAGCCAGGGAACCCTCCCCGGTATCTCCTGTACTACCACTCAGACTCCAATAAGGGCCAAGGCTCTGGAGTTCCCAGCCGCTTCTCTGGATCCAACGATGCATCAGCCAATGCAGGGATTCTGCGTATCTCTGGGCTCCAGCCTGAGGATGAGGCTGACTATTACTGTGGTACATGGCACAGCAACTCTAAGACTCA,False,,,,CCACCATGGCCTGGACTCTTCTCCTTCTCGTGCTCCTCTCTCACTGCACAGGTAGGGAAAGTCCTTATAAACTGAGTCTCAGTGTCCAACCTACACCATCCCCTGTGGCTCAGACCTACAAGAAGCTTTACCCTGGGAACTGCCTTATCACCCATGATGTCTGTGTTTTCAGGTTCCCTCTCCCAGCCTGTGCTGACTCAGCCATCTTCCCATTCTGCATCTTCTGGAGCATCAGTCAGACTCACCTGCATGCTGAGCAGTGGCTTCAGTGTTGGGGACTTCTGGATAAGGTGGTACCAACAAAAGCCAGGGAACCCTCCCCGGTATCTCCTGTACTACCACTCAGACTCCAATAAGGGCCAAGGCTCTGGAGTTCCCAGCCGCTTCTCTGGATCCAACGATGCATCAGCCAATGCAGGGATTCTGCGTATCTCTGGGCTCCAGCCTGAGGATGAGGCTGACTATTACTGTGGTACATGGCACAGCAACTCTAAGACTCACACAGTGCTCCAGACCCATGAGGAAGTAAGACAAAACCC,539M,ATGGCCTGGACTCTTCTCCTTCTCGTGCTCCTCTCTCACTGCACAG,46M,GTAGGGAAAGTCCTTATAAACTGAGTCTCAGTGTCCAACCTACACCATCCCCTGTGGCTCAGACCTACAAGAAGCTTTACCCTGGGAACTGCCTTATCACCCATGATGTCTGTGTTTTCAG,121M,GTTCCCTCTCC,11M,CAGCCTGTGCTGACTCAGCCATCTTCCCATTCTGCATCTTCTGGAGCATCAGTCAGACTCACCTGCATGCTGAGCAGTGGCTTCAGTGTTGGGGACTTCTGGATAAGGTGGTACCAACAAAAGCCAGGGAACCCTCCCCGGTATCTCCTGTACTACCACTCAGACTCCAATAAGGGCCAAGGCTCTGGAGTTCCCAGCCGCTTCTCTGGATCCAACGATGCATCAGCCAATGCAGGGATTCTGCGTATCTCTGGGCTCCAGCCTGAGGATGAGGCTGACTATTACTGTGGTACATGGCACAGCAACTCTAAGACTCA,317M,CAGCCTGTGCTGACTCAGCCATCTTCC...CATTCTGCATCTTCTGGAGCATCAGTCAGACTCACCTGCATGCTGAGCAGTGGCTTCAGTGTT.........GGGGACTTCTGGATAAGGTGGTACCAACAAAAGCCAGGGAACCCTCCCCGGTATCTCCTGTACTACCACTCAGAC.........TCCAATAAGGGCCAAGGCTCTGGAGTTCCC...AGCCGCTTCTCTGGATCCAACGATGCATCAGCCAATGCAGGGATTCTGCGTATCTCTGGGCTCCAGCCTGAGGATGAGGCTGACTATTACTGTGGTACATGGCACAGCAACTCTAAGACTCA,,CACAGTG,7M,CTCCAGACCCATGAGGAAGTAAG,23M,ACAAAACCC,9M,,,,,,,,,,,,,,,,,,,,,,
Pangenome-HG02572.1,Pangenome,HG02572.1,1,0,IGLV1-51,,IGLV1-51*02,IGLV1-51*02,100.0,CAGTCTGTGTTGACGCAGCCGCCCTCAGTGTCTGCGGCCCCAGGACAGAAGGTCACCATCTCCTGCTCTGGAAGCAGCTCCAACATTGGGAATAATTATGTATCCTGGTACCAGCAGCTCCCAGGAACAGCCCCCAAACTCCTCATCTATGAAAATAATAAGCGACCCTCAGGGATTCCTGACCGATTCTCTGGCTCCAAGTCTGGCACGTCAGCCACCCTGGGCATCACCGGACTCCAGACTGGGGACGAGGCCGATTATTACTGCGGAACATGGGATAGCAGCCTGAGTGCTGG,False,,,,TGAGCGCAGAAGGCAGGACTCGGGACAATCTTCATCATGACCTGCTCCCCTCTCCTCCTCACCCTTCTCATTCACTGCACAGGTGCCCAGACACAGGGTCAGGGGAGGGGTCCAGGAAGCCCATGAGGCCCTGCTTTCTCCTTCTCTCTCTAGACCAAGAATCACCGTGTCTGTGTCTCTCCTGCTTCCAGGGTCCTGGGCCCAGTCTGTGTTGACGCAGCCGCCCTCAGTGTCTGCGGCCCCAGGACAGAAGGTCACCATCTCCTGCTCTGGAAGCAGCTCCAACATTGGGAATAATTATGTATCCTGGTACCAGCAGCTCCCAGGAACAGCCCCCAAACTCCTCATCTATGAAAATAATAAGCGACCCTCAGGGATTCCTGACCGATTCTCTGGCTCCAAGTCTGGCACGTCAGCCACCCTGGGCATCACCGGACTCCAGACTGGGGACGAGGCCGATTATTACTGCGGAACATGGGATAGCAGCCTGAGTGCTGGCACAGTGCTCCAGCCCAATGGGGAACTGAGACAAGAACC,537M,ATGACCTGCTCCCCTCTCCTCCTCACCCTTCTCATTCACTGCACAG,46M,GTGCCCAGACACAGGGTCAGGGGAGGGGTCCAGGAAGCCCATGAGGCCCTGCTTTCTCCTTCTCTCTCTAGACCAAGAATCACCGTGTCTGTGTCTCTCCTGCTTCCAG,109M,GGTCCTGGGCC,11M,CAGTCTGTGTTGACGCAGCCGCCCTCAGTGTCTGCGGCCCCAGGACAGAAGGTCACCATCTCCTGCTCTGGAAGCAGCTCCAACATTGGGAATAATTATGTATCCTGGTACCAGCAGCTCCCAGGAACAGCCCCCAAACTCCTCATCTATGAAAATAATAAGCGACCCTCAGGGATTCCTGACCGATTCTCTGGCTCCAAGTCTGGCACGTCAGCCACCCTGGGCATCACCGGACTCCAGACTGGGGACGAGGCCGATTATTACTGCGGAACATGGGATAGCAGCCTGAGTGCTGG,296M,CAGTCTGTGTTGACGCAGCCGCCCTCA...GTGTCTGCGGCCCCAGGACAGAAGGTCACCATCTCCTGCTCTGGAAGCAGCTCCAACATT............GGGAATAATTATGTATCCTGGTACCAGCAGCTCCCAGGAACAGCCCCCAAACTCCTCATCTATGAAAAT.....................AATAAGCGACCCTCAGGGATTCCT...GACCGATTCTCTGGCTCCAAG......TCTGGCACGTCAGCCACCCTGGGCATCACCGGACTCCAGACTGGGGACGAGGCCGATTATTACTGCGGAACATGGGATAGCAGCCTGAGTGCTGG,,CACAGTG,7M,CTCCAGCCCAATGGGGAACTGAG,23M,ACAAGAACC,9M,,,,,,,,,,,,,,,,,,,,,,
Pangenome-HG02572.1,Pangenome,HG02572.1,1,0,IGLV1-50,,IGLV1-50*01,IGLV1-50*01,100.0,CAGTCTGTGCTGACGCAGCCGCCCTCAGTGTCTGGGGCCCCAGGGCAGAGGGTCACCATCTCCTGCACTGGGAGCAGCTCCAACATTGGGGCGGGTTATGTTGTACATTGGTACCAGCAGCTTCCAGGAACAGCCCCCAAACTCCTCATCTATGGTAACAGCAATCGGCCCTCAGGGGTCCCTGACCAATTCTCTGGCTCCAAGTCTGGCACCTCAGCCTCCCTGGCCATCACTGGACTCCAGTCTGAGGATGAGGCTGATTATTACTGCAAAGCATGGGATAACAGCCTGAATGCTCA,False,,,,GCTCTGCTTCAGCTGTGGGCACAGGAGGCAGCACTCAGGACAATCTCCAGCATGGCCTGGTCTTCTCTCCTCCTCACTCTCCTCGCTCACTGCACAGGTGACTGGATGCAGATCGAGGGGAGGGTCCCTGGGAAGCCTATGGATTCTTGCTTTCTCCTCTTGTCTCTAGAAGCAGAATCATGATGCCTGTGTCTCTCCCACTTCCAGGGTCCTGGGCCCAGTCTGTGCTGACGCAGCCGCCCTCAGTGTCTGGGGCCCCAGGGCAGAGGGTCACCATCTCCTGCACTGGGAGCAGCTCCAACATTGGGGCGGGTTATGTTGTACATTGGTACCAGCAGCTTCCAGGAACAGCCCCCAAACTCCTCATCTATGGTAACAGCAATCGGCCCTCAGGGGTCCCTGACCAATTCTCTGGCTCCAAGTCTGGCACCTCAGCCTCCCTGGCCATCACTGGACTCCAGTCTGAGGATGAGGCTGATTATTACTGCAAAGCATGGGATAACAGCCTGAATGCTCACACAGTGCTCCAGGCCCAGGGGGAGGTGAGAGAAGAACC,556M,ATGGCCTGGTCTTCTCTCCTCCTCACTCTCCTCGCTCACTGCACAG,46M,GTGACTGGATGCAGATCGAGGGGAGGGTCCCTGGGAAGCCTATGGATTCTTGCTTTCTCCTCTTGTCTCTAGAAGCAGAATCATGATGCCTGTGTCTCTCCCACTTCCAG,110M,GGTCCTGGGCC,11M,CAGTCTGTGCTGACGCAGCCGCCCTCAGTGTCTGGGGCCCCAGGGCAGAGGGTCACCATCTCCTGCACTGGGAGCAGCTCCAACATTGGGGCGGGTTATGTTGTACATTGGTACCAGCAGCTTCCAGGAACAGCCCCCAAACTCCTCATCTATGGTAACAGCAATCGGCCCTCAGGGGTCCCTGACCAATTCTCTGGCTCCAAGTCTGGCACCTCAGCCTCCCTGGCCATCACTGGACTCCAGTCTGAGGATGAGGCTGATTATTACTGCAAAGCATGGGATAACAGCCTGAATGCTCA,299M,CAGTCTGTGCTGACGCAGCCGCCCTCA...GTGTCTGGGGCCCCAGGGCAGAGGGTCACCATCTCCTGCACTGGGAGCAGCTCCAACATTGGG.........GCGGGTTATGTTGTACATTGGTACCAGCAGCTTCCAGGAACAGCCCCCAAACTCCTCATCTATGGTAAC.....................AGCAATCGGCCCTCAGGGGTCCCT...GACCAATTCTCTGGCTCCAAG......TCTGGCACCTCAGCCTCCCTGGCCATCACTGGACTCCAGTCTGAGGATGAGGCTGATTATTACTGCAAAGCATGGGATAACAGCCTGAATGCTCA,,CACAGTG,7M,CTCCAGGCCCAGGGGGAGGTGAG,23M,AGAAGAACC,9M,,,,,,,,,,,,,,,,,,,,,,
Pangenome-HG02572.1,Pangenome,HG02572.1,1,0,IGLV9-49,,IGLV9-49*01,IGLV9-49*01,100.0,CAGCCTGTGCTGACTCAGCCACCTTCTGCATCAGCCTCCCTGGGAGCCTCGGTCACACTCACCTGCACCCTGAGCAGCGGCTACAGTAATTATAAAGTGGACTGGTACCAGCAGAGACCAGGGAAGGGCCCCCGGTTTGTGATGCGAGTGGGCACTGGTGGGATTGTGGGATCCAAGGGGGATGGCATCCCTGATCGCTTCTCAGTCTTGGGCTCAGGCCTGAATCGGTACCTGACCATCAAGAACATCCAGGAAGAGGATGAGAGTGACTACCACTGTGGGGCAGACCATGGCAGTGGGAGCAACTTCGTGTAACC,False,,,,GAGAGACTGAAGAACCCAGCATTGCAGCAGCTCCACCATGGCCTGGGCTCCTCTGCTCCTCACCCTCCTCAGTCTCCTCACAGGTCAGGGTGGGCAGTGGGCTGGGCCCCCAAAGGGACCCCCACCTCCCAGCCTCCATCTCCCCATCCCTGCTCTTCCTCCTCCAACAGCTCATCAGCCACCCACCAACAGGAGCCCTCATGGGTGTCTGTGTTTCCAGGGTCCCTCTCCCAGCCTGTGCTGACTCAGCCACCTTCTGCATCAGCCTCCCTGGGAGCCTCGGTCACACTCACCTGCACCCTGAGCAGCGGCTACAGTAATTATAAAGTGGACTGGTACCAGCAGAGACCAGGGAAGGGCCCCCGGTTTGTGATGCGAGTGGGCACTGGTGGGATTGTGGGATCCAAGGGGGATGGCATCCCTGATCGCTTCTCAGTCTTGGGCTCAGGCCTGAATCGGTACCTGACCATCAAGAACATCCAGGAAGAGGATGAGAGTGACTACCACTGTGGGGCAGACCATGGCAGTGGGAGCAACTTCGTGTAACCCACAGTGACACAGGCAGAGGGGAAGTGAGACAAAAACCT,587M,ATGGCCTGGGCTCCTCTGCTCCTCACCCTCCTCAGTCTCCTCACAG,46M,GTCAGGGTGGGCAGTGGGCTGGGCCCCCAAAGGGACCCCCACCTCCCAGCCTCCATCTCCCCATCCCTGCTCTTCCTCCTCCAACAGCTCATCAGCCACCCACCAACAGGAGCCCTCATGGGTGTCTGTGTTTCCAG,137M,GGTCCCTCTCC,11M,CAGCCTGTGCTGACTCAGCCACCTTCTGCATCAGCCTCCCTGGGAGCCTCGGTCACACTCACCTGCACCCTGAGCAGCGGCTACAGTAATTATAAAGTGGACTGGTACCAGCAGAGACCAGGGAAGGGCCCCCGGTTTGTGATGCGAGTGGGCACTGGTGGGATTGTGGGATCCAAGGGGGATGGCATCCCTGATCGCTTCTCAGTCTTGGGCTCAGGCCTGAATCGGTACCTGACCATCAAGAACATCCAGGAAGAGGATGAGAGTGACTACCACTGTGGGGCAGACCATGGCAGTGGGAGCAACTTCGTGTAACC,317M,CAGCCTGTGCTGACTCAGCCACCTTCT...GCATCAGCCTCCCTGGGAGCCTCGGTCACACTCACCTGCACCCTGAGCAGCGGCTACAGT...............AATTATAAAGTGGACTGGTACCAGCAGAGACCAGGGAAGGGCCCCCGGTTTGTGATGCGAGTGGGCACTGGT......GGGATTGTGGGATCCAAGGGGGATGGCATCCCT...GATCGCTTCTCAGTCTTGGGC......TCAGGCCTGAATCGGTACCTGACCATCAAGAACATCCAGGAAGAGGATGAGAGTGACTACCACTGTGGGGCAGACCATGGCAGTGGGAGCAACTTCGTGTAACC,,CACAGTG,7M,ACACAGGCAGAGGGGAAGTGAGA,23M,CAAAAACCT,9M,,,,,,,,,,,,,,,,,,,,,,
Pangenome-HG02572.1,Pangenome,HG02572.1,1,0,IGLV5-48,,IGLV5-48*01,IGLV5-48*01,100.0,CAGCCTGTGCTGACTCAGCCAACTTCCCTCTCAGCATCTCCTGGAGCATCAGCCAGACTCACCTGCACCTTGCGCAGTGGCATCAATCTTGGTAGCTACAGGATATTCTGGTACCAGCAGAAGCCAGAGAGCCCTCCCCGGTATCTCCTGAGCTACTACTCAGACTCAAGTAAGCATCAGGGCTCTGGAGTCCCCAGCCGCTTCTCTGGATCCAAAGATGCTTCGAGCAATGCAGGGATTTTAGTCATCTCTGGGCTCCAGTCTGAGGATGAGGCTGACTATTACTGTATGATTTGGCACAGCAGTGCTTCT,False,length mismatch in V-INTRON: seq 124 vs co-ords 125 - likely indel\nHeptamer does not match\nNonamer does not match,,,ATGGCCTGGAATCCTCTCCTCCTCCTGTTCCTCTCTCACTGCACAGGTAGGAAAAGGCCTCAGAGACCAGGGTCAGCCACACAGCCTGATTCTGACTCTTGTGTCAAAGATCACTAAAAAAAATATTACCTTGGTTTCTGTCTTAAAGCCTATATATGCCTGTGTTCCAGGTTCCCTCTCGCAGCCTGTGCTGACTCAGCCAACTTCCCTCTCAGCATCTCCTGGAGCATCAGCCAGACTCACCTGCACCTTGCGCAGTGGCATCAATCTTGGTAGCTACAGGATATTCTGGTACCAGCAGAAGCCAGAGAGCCCTCCCCGGTATCTCCTGAGCTACTACTCAGACTCAAGTAAGCATCAGGGCTCTGGAGTCCCCAGCCGCTTCTCTGGATCCAAAGATGCTTCGAGCAATGCAGGGATTTTAGTCATCTCTGGGCTCCAGTCTGAGGATGAGGCTGACTATTACTGTATGATTTGGCACAGCAGTGCTTCTTACAGTGACACACACAGATGGGGAAGTGGGACAAAAACT,164M1D368M,ATGGCCTGGAATCCTCTCCTCCTCCTGTTCCTCTCTCACTGCACAG,46M,GTAGGAAAAGGCCTCAGAGACCAGGGTCAGCCACACAGCCTGATTCTGACTCTTGTGTCAAAGATCACTAAAAAAAATATTACCTTGGTTTCTGTCTTAAAGCCTATATATGCCTGTGTTCCAG,118M1D6M,GTTCCCTCTCG,11M,CAGCCTGTGCTGACTCAGCCAACTTCCCTCTCAGCATCTCCTGGAGCATCAGCCAGACTCACCTGCACCTTGCGCAGTGGCATCAATCTTGGTAGCTACAGGATATTCTGGTACCAGCAGAAGCCAGAGAGCCCTCCCCGGTATCTCCTGAGCTACTACTCAGACTCAAGTAAGCATCAGGGCTCTGGAGTCCCCAGCCGCTTCTCTGGATCCAAAGATGCTTCGAGCAATGCAGGGATTTTAGTCATCTCTGGGCTCCAGTCTGAGGATGAGGCTGACTATTACTGTATGATTTGGCACAGCAGTGCTTCT,312M,CAGCCTGTGCTGACTCAGCCAACTTCC...CTCTCAGCATCTCCTGGAGCATCAGCCAGACTCACCTGCACCTTGCGCAGTGGCATCAATCTT.........GGTAGCTACAGGATATTCTGGTACCAGCAGAAGCCAGAGAGCCCTCCCCGGTATCTCCTGAGCTACTACTCAGAC.........TCAAGTAAGCATCAGGGCTCTGGAGTCCCC...AGCCGCTTCTCTGGATCCAAAGATGCTTCGAGCAATGCAGGGATTTTAGTCATCTCTGGGCTCCAGTCTGAGGATGAGGCTGACTATTACTGTATGATTTGGCACAGCAGTGCTTCT,,TACAGTG,7M,ACACACACAGATGGGGAAGTGGG,23M,ACAAAAACT,9M,,,,,,,,,,,,,,,,,,,,,,
Pangenome-HG02572.1,Pangenome,HG02572.1,1,0,IGLV1-47,,IGLV1-47*01,IGLV1-47*01,100.0,CAGTCTGTGCTGACTCAGCCACCCTCAGCGTCTGGGACCCCCGGGCAGAGGGTCACCATCTCTTGTTCTGGAAGCAGCTCCAACATCGGAAGTAATTATGTATACTGGTACCAGCAGCTCCCAGGAACGGCCCCCAAACTCCTCATCTATAGGAATAATCAGCGGCCCTCAGGGGTCCCTGACCGATTCTCTGGCTCCAAGTCTGGCACCTCAGCCTCCCTGGCCATCAGTGGGCTCCGGTCCGAGGATGAGGCTGATTATTACTGTGCAGCATGGGATGACAGCCTGAGTGGTCC,False,,,,GGGGAAGCTCAGCTTCAGCTGTGGTAGAGAAGACAGGATTCAGGACAATCTCCAGCATGGCCGGCTTCCCTCTCCTCCTCACCCTCCTCACTCACTGTGCAGGTGACAGGATGGGGACCAAGAGAGGGGCCCTGGGAAGCCCATGGGGCCCTGCTTTCTCCTCTTGTCTCCTTTCGTCTCTTGTCAATCGCCATGTCTGTGTCTCTCTCACTTCCAGGGTCCTGGGCCCAGTCTGTGCTGACTCAGCCACCCTCAGCGTCTGGGACCCCCGGGCAGAGGGTCACCATCTCTTGTTCTGGAAGCAGCTCCAACATCGGAAGTAATTATGTATACTGGTACCAGCAGCTCCCAGGAACGGCCCCCAAACTCCTCATCTATAGGAATAATCAGCGGCCCTCAGGGGTCCCTGACCGATTCTCTGGCTCCAAGTCTGGCACCTCAGCCTCCCTGGCCATCAGTGGGCTCCGGTCCGAGGATGAGGCTGATTATTACTGTGCAGCATGGGATGACAGCCTGAGTGGTCCCACAGTGCTCCAGGCCCAGGGGGAACTGAGACAAGAACC,563M,ATGGCCGGCTTCCCTCTCCTCCTCACCCTCCTCACTCACTGTGCAG,46M,GTGACAGGATGGGGACCAAGAGAGGGGCCCTGGGAAGCCCATGGGGCCCTGCTTTCTCCTCTTGTCTCCTTTCGTCTCTTGTCAATCGCCATGTCTGTGTCTCTCTCACTTCCAG,115M,GGTCCTGGGCC,11M,CAGTCTGTGCTGACTCAGCCACCCTCAGCGTCTGGGACCCCCGGGCAGAGGGTCACCATCTCTTGTTCTGGAAGCAGCTCCAACATCGGAAGTAATTATGTATACTGGTACCAGCAGCTCCCAGGAACGGCCCCCAAACTCCTCATCTATAGGAATAATCAGCGGCCCTCAGGGGTCCCTGACCGATTCTCTGGCTCCAAGTCTGGCACCTCAGCCTCCCTGGCCATCAGTGGGCTCCGGTCCGAGGATGAGGCTGATTATTACTGTGCAGCATGGGATGACAGCCTGAGTGGTCC,296M,CAGTCTGTGCTGACTCAGCCACCCTCA...GCGTCTGGGACCCCCGGGCAGAGGGTCACCATCTCTTGTTCTGGAAGCAGCTCCAACATC............GGAAGTAATTATGTATACTGGTACCAGCAGCTCCCAGGAACGGCCCCCAAACTCCTCATCTATAGGAAT.....................AATCAGCGGCCCTCAGGGGTCCCT...GACCGATTCTCTGGCTCCAAG......TCTGGCACCTCAGCCTCCCTGGCCATCAGTGGGCTCCGGTCCGAGGATGAGGCTGATTATTACTGTGCAGCATGGGATGACAGCCTGAGTGGTCC,,CACAGTG,7M,CTCCAGGCCCAGGGGGAACTGAG,23M,ACAAGAACC,9M,,,,,,,,,,,,,,,,,,,,,,
Pangenome-HG02572.1,Pangenome,HG02572.1,1,0,IGLV7-46,,IGLV7-46*01_g39a,IGLV7-46*01,99.66,CAGGCTGTGGTGACTCAGGAGCCCTCACTGACTGTGTCCCCAGGAGGGACAGTCACTCTCACCTGTGGCTCCAGCACTGGAGCTGTCACCAGTGGTCATTATCCCTACTGGTTCCAGCAGAAGCCTGGCCAAGCCCCCAGGACACTGATTTATGATACAAGCAACAAACACTCCTGGACACCTGCCCGGTTCTCAGGCTCCCTCCTTGGGGGCAAAGCTGCCCTGACCCTTTCGGGTGCGCAGCCTGAGGATGAGGCTGAGTATTACTGCTTGCTCTCCTATAGTGGTGCTCGG,False,,,,TCTGGCACCAGGGGTCCCTTCCAATATCAGCACCATGGCCTGGACTCCTCTCTTTCTGTTCCTCCTCACTTGCTGCCCAGGTTAAGAGAGATTTCAAATACCAGCCTTTGGAGGGATCCCTTTTTCTCCCTTTCTAATTCCTAATATATGTCTGTTTTTTTTGTTTCAGGGTCCAATTCCCAGGCTGTGGTGACTCAGGAGCCCTCACTGACTGTATCCCCAGGAGGGACAGTCACTCTCACCTGTGGCTCCAGCACTGGAGCTGTCACCAGTGGTCATTATCCCTACTGGTTCCAGCAGAAGCCTGGCCAAGCCCCCAGGACACTGATTTATGATACAAGCAACAAACACTCCTGGACACCTGCCCGGTTCTCAGGCTCCCTCCTTGGGGGCAAAGCTGCCCTGACCCTTTCGGGTGCGCAGCCTGAGGATGAGGCTGAGTATTACTGCTTGCTCTCCTATAGTGGTGCTCGGCACAGTGACAGACCCATGAGAGGAACCAAGACATAAACC,513M,ATGGCCTGGACTCCTCTCTTTCTGTTCCTCCTCACTTGCTGCCCAG,46M,GTTAAGAGAGATTTCAAATACCAGCCTTTGGAGGGATCCCTTTTTCTCCCTTTCTAATTCCTAATATATGTCTGTTTTTTTTGTTTCAG,89M,GGTCCAATTCC,11M,CAGGCTGTGGTGACTCAGGAGCCCTCACTGACTGTATCCCCAGGAGGGACAGTCACTCTCACCTGTGGCTCCAGCACTGGAGCTGTCACCAGTGGTCATTATCCCTACTGGTTCCAGCAGAAGCCTGGCCAAGCCCCCAGGACACTGATTTATGATACAAGCAACAAACACTCCTGGACACCTGCCCGGTTCTCAGGCTCCCTCCTTGGGGGCAAAGCTGCCCTGACCCTTTCGGGTGCGCAGCCTGAGGATGAGGCTGAGTATTACTGCTTGCTCTCCTATAGTGGTGCTCGG,294M,CAGGCTGTGGTGACTCAGGAGCCCTCA...CTGACTGTATCCCCAGGAGGGACAGTCACTCTCACCTGTGGCTCCAGCACTGGAGCTGTCACC.........AGTGGTCATTATCCCTACTGGTTCCAGCAGAAGCCTGGCCAAGCCCCCAGGACACTGATTTATGATACA.....................AGCAACAAACACTCCTGGACACCT...GCCCGGTTCTCAGGCTCCCTC......CTTGGGGGCAAAGCTGCCCTGACCCTTTCGGGTGCGCAGCCTGAGGATGAGGCTGAGTATTACTGCTTGCTCTCCTATAGTGGTGCTCGG,,CACAGTG,7M,ACAGACCCATGAGAGGAACCAAG,23M,ACATAAACC,9M,,,,,,,,,,,,,,,,,,,,,,
Pangenome-HG02572.1,Pangenome,HG02572.1,1,0,IGLV5-45,,IGLV5-45*01,IGLV5-45*01,100.0,CAGGCTGTGCTGACTCAGCCGGCTTCCCTCTCTGCATCTCCTGGAGCATCAGCCAGTCTCACCTGCACCTTGCGCAGTGGCATCAATGTTGGTACCTACAGGATATACTGGTACCAGCAGAAGCCAGGGAGTCCTCCCCAGTATCTCCTGAGGTACAAATCAGACTCAGATAAGCAGCAGGGCTCTGGAGTCCCCAGCCGCTTCTCTGGATCCAAAGATGCTTCGGCCAATGCAGGGATTTTACTCATCTCTGGGCTCCAGTCTGAGGATGAGGCTGACTATTACTGTATGATTTGGCACAGCAGCGCTTCT,False,,,,ACTGCGGGGGTAAGAGGTTGTGTCCACCATGGCCTGGACTCCTCTCCTCCTCCTGTTCCTCTCTCACTGCACAGGTAGGAATAGACTTCAGAGACCAGGGTCAGCCACCCAGCCTGATTCTGACTCTTCTGGCAAAGATCCCTGAAAAACTTTACCCTGGTTTCTGCCTTAGCACCCATTAATGTCTGTGTTTCCAGGTTCCCTCTCGCAGGCTGTGCTGACTCAGCCGGCTTCCCTCTCTGCATCTCCTGGAGCATCAGCCAGTCTCACCTGCACCTTGCGCAGTGGCATCAATGTTGGTACCTACAGGATATACTGGTACCAGCAGAAGCCAGGGAGTCCTCCCCAGTATCTCCTGAGGTACAAATCAGACTCAGATAAGCAGCAGGGCTCTGGAGTCCCCAGCCGCTTCTCTGGATCCAAAGATGCTTCGGCCAATGCAGGGATTTTACTCATCTCTGGGCTCCAGTCTGAGGATGAGGCTGACTATTACTGTATGATTTGGCACAGCAGCGCTTCTCACAGTGACACACACAGATGGGGAAGTGGGACAAAAACC,559M,ATGGCCTGGACTCCTCTCCTCCTCCTGTTCCTCTCTCACTGCACAG,46M,GTAGGAATAGACTTCAGAGACCAGGGTCAGCCACCCAGCCTGATTCTGACTCTTCTGGCAAAGATCCCTGAAAAACTTTACCCTGGTTTCTGCCTTAGCACCCATTAATGTCTGTGTTTCCAG,123M,GTTCCCTCTCG,11M,CAGGCTGTGCTGACTCAGCCGGCTTCCCTCTCTGCATCTCCTGGAGCATCAGCCAGTCTCACCTGCACCTTGCGCAGTGGCATCAATGTTGGTACCTACAGGATATACTGGTACCAGCAGAAGCCAGGGAGTCCTCCCCAGTATCTCCTGAGGTACAAATCAGACTCAGATAAGCAGCAGGGCTCTGGAGTCCCCAGCCGCTTCTCTGGATCCAAAGATGCTTCGGCCAATGCAGGGATTTTACTCATCTCTGGGCTCCAGTCTGAGGATGAGGCTGACTATTACTGTATGATTTGGCACAGCAGCGCTTCT,312M,CAGGCTGTGCTGACTCAGCCGGCTTCC...CTCTCTGCATCTCCTGGAGCATCAGCCAGTCTCACCTGCACCTTGCGCAGTGGCATCAATGTT.........GGTACCTACAGGATATACTGGTACCAGCAGAAGCCAGGGAGTCCTCCCCAGTATCTCCTGAGGTACAAATCAGAC.........TCAGATAAGCAGCAGGGCTCTGGAGTCCCC...AGCCGCTTCTCTGGATCCAAAGATGCTTCGGCCAATGCAGGGATTTTACTCATCTCTGGGCTCCAGTCTGAGGATGAGGCTGACTATTACTGTATGATTTGGCACAGCAGCGCTTCT,,CACAGTG,7M,ACACACACAGATGGGGAAGTGGG,23M,ACAAAAACC,9M,,,,,,,,,,,,,,,,,,,,,,
Pangenome-HG02572.1,Pangenome,HG02572.1,1,0,IGLV1-44,,IGLV1-44*01,IGLV1-44*01,100.0,CAGTCTGTGCTGACTCAGCCACCCTCAGCGTCTGGGACCCCCGGGCAGAGGGTCACCATCTCTTGTTCTGGAAGCAGCTCCAACATCGGAAGTAATACTGTAAACTGGTACCAGCAGCTCCCAGGAACGGCCCCCAAACTCCTCATCTATAGTAATAATCAGCGGCCCTCAGGGGTCCCTGACCGATTCTCTGGCTCCAAGTCTGGCACCTCAGCCTCCCTGGCCATCAGTGGGCTCCAGTCTGAGGATGAGGCTGATTATTACTGTGCAGCATGGGATGACAGCCTGAATGGTCC,False,length mismatch in V-SPACER: seq 22 vs co-ords 23 - likely indel,,,CTGATTTGCATGGATGGACTCTCCCCCTCTCAGAGTATGAAGAGAGGGAGAGATCTGGGGGAAGCTCAGCTTCAGCTGTGGGTAGAGAAGACAGGACTCAGGACAATCTCCAGCATGGCCAGCTTCCCTCTCCTCCTCACCCTCCTCACTCACTGTGCAGGTGACAGGATGGGGACCAAGAAAGGGGCCCTGGGAAGCCCATGGGGCCCTGCTTTCTCCTCTTGTCTCCTTTTGTCTCTTGTCAATCACCATGTCTGTGTCTCTCTCACTTCCAGGGTCCTGGGCCCAGTCTGTGCTGACTCAGCCACCCTCAGCGTCTGGGACCCCCGGGCAGAGGGTCACCATCTCTTGTTCTGGAAGCAGCTCCAACATCGGAAGTAATACTGTAAACTGGTACCAGCAGCTCCCAGGAACGGCCCCCAAACTCCTCATCTATAGTAATAATCAGCGGCCCTCAGGGGTCCCTGACCGATTCTCTGGCTCCAAGTCTGGCACCTCAGCCTCCCTGGCCATCAGTGGGCTCCAGTCTGAGGATGAGGCTGATTATTACTGTGCAGCATGGGATGACAGCCTGAATGGTCCCACAGTGCTCCAGGCCTGGGGGAACTGAGACAAGAACC,598M1D22M,ATGGCCAGCTTCCCTCTCCTCCTCACCCTCCTCACTCACTGTGCAG,46M,GTGACAGGATGGGGACCAAGAAAGGGGCCCTGGGAAGCCCATGGGGCCCTGCTTTCTCCTCTTGTCTCCTTTTGTCTCTTGTCAATCACCATGTCTGTGTCTCTCTCACTTCCAG,115M,GGTCCTGGGCC,11M,CAGTCTGTGCTGACTCAGCCACCCTCAGCGTCTGGGACCCCCGGGCAGAGGGTCACCATCTCTTGTTCTGGAAGCAGCTCCAACATCGGAAGTAATACTGTAAACTGGTACCAGCAGCTCCCAGGAACGGCCCCCAAACTCCTCATCTATAGTAATAATCAGCGGCCCTCAGGGGTCCCTGACCGATTCTCTGGCTCCAAGTCTGGCACCTCAGCCTCCCTGGCCATCAGTGGGCTCCAGTCTGAGGATGAGGCTGATTATTACTGTGCAGCATGGGATGACAGCCTGAATGGTCC,296M,CAGTCTGTGCTGACTCAGCCACCCTCA...GCGTCTGGGACCCCCGGGCAGAGGGTCACCATCTCTTGTTCTGGAAGCAGCTCCAACATC............GGAAGTAATACTGTAAACTGGTACCAGCAGCTCCCAGGAACGGCCCCCAAACTCCTCATCTATAGTAAT.....................AATCAGCGGCCCTCAGGGGTCCCT...GACCGATTCTCTGGCTCCAAG......TCTGGCACCTCAGCCTCCCTGGCCATCAGTGGGCTCCAGTCTGAGGATGAGGCTGATTATTACTGTGCAGCATGGGATGACAGCCTGAATGGTCC,,CACAGTG,7M,CTCCAGGCCTGGGGGAACTGAG,9M1D13M,ACAAGAACC,9M,,,,,,,,,,,,,,,,,,,,,,
Pangenome-HG02572.1,Pangenome,HG02572.1,1,0,IGLV7-43,,IGLV7-43*01,IGLV7-43*01,100.0,CAGACTGTGGTGACTCAGGAGCCCTCACTGACTGTGTCCCCAGGAGGGACAGTCACTCTCACCTGTGCTTCCAGCACTGGAGCAGTCACCAGTGGTTACTATCCAAACTGGTTCCAGCAGAAACCTGGACAAGCACCCAGGGCACTGATTTATAGTACAAGCAACAAACACTCCTGGACCCCTGCCCGGTTCTCAGGCTCCCTCCTTGGGGGCAAAGCTGCCCTGACACTGTCAGGTGTGCAGCCTGAGGACGAGGCTGAGTATTACTGCCTGCTCTACTATGGTGGTGCTCAG,False,,,,TCTGGCGCCAGGGGTCCCTTCCAATATCAGCACCATGGCCTGGACTCCTCTCTTTCTGTTCCTCCTCACTTGCTGCCCAGGTTAAGAGAGATTTCAAATACCAGCCTTTGGAGGGATCCTTCTGTCTGCCCTTCTAATTTCTAACATGTGTCTGTTTTTTGTTTCAGGGTCCAATTCTCAGACTGTGGTGACTCAGGAGCCCTCACTGACTGTGTCCCCAGGAGGGACAGTCACTCTCACCTGTGCTTCCAGCACTGGAGCAGTCACCAGTGGTTACTATCCAAACTGGTTCCAGCAGAAACCTGGACAAGCACCCAGGGCACTGATTTATAGTACAAGCAACAAACACTCCTGGACCCCTGCCCGGTTCTCAGGCTCCCTCCTTGGGGGCAAAGCTGCCCTGACACTGTCAGGTGTGCAGCCTGAGGACGAGGCTGAGTATTACTGCCTGCTCTACTATGGTGGTGCTCAGCACAGTGACAGACTCATAAGAGGAACCAAGACATAAACC,511M,ATGGCCTGGACTCCTCTCTTTCTGTTCCTCCTCACTTGCTGCCCAG,46M,GTTAAGAGAGATTTCAAATACCAGCCTTTGGAGGGATCCTTCTGTCTGCCCTTCTAATTTCTAACATGTGTCTGTTTTTTGTTTCAG,87M,GGTCCAATTCT,11M,CAGACTGTGGTGACTCAGGAGCCCTCACTGACTGTGTCCCCAGGAGGGACAGTCACTCTCACCTGTGCTTCCAGCACTGGAGCAGTCACCAGTGGTTACTATCCAAACTGGTTCCAGCAGAAACCTGGACAAGCACCCAGGGCACTGATTTATAGTACAAGCAACAAACACTCCTGGACCCCTGCCCGGTTCTCAGGCTCCCTCCTTGGGGGCAAAGCTGCCCTGACACTGTCAGGTGTGCAGCCTGAGGACGAGGCTGAGTATTACTGCCTGCTCTACTATGGTGGTGCTCAG,294M,CAGACTGTGGTGACTCAGGAGCCCTCA...CTGACTGTGTCCCCAGGAGGGACAGTCACTCTCACCTGTGCTTCCAGCACTGGAGCAGTCACC.........AGTGGTTACTATCCAAACTGGTTCCAGCAGAAACCTGGACAAGCACCCAGGGCACTGATTTATAGTACA.....................AGCAACAAACACTCCTGGACCCCT...GCCCGGTTCTCAGGCTCCCTC......CTTGGGGGCAAAGCTGCCCTGACACTGTCAGGTGTGCAGCCTGAGGACGAGGCTGAGTATTACTGCCTGCTCTACTATGGTGGTGCTCAG,,CACAGTG,7M,ACAGACTCATAAGAGGAACCAAG,23M,ACATAAACC,9M,,,,,,,,,,,,,,,,,,,,,,
Pangenome-HG02572.1,Pangenome,HG02572.1,1,0,IGLV1-40,,IGLV1-40*01,IGLV1-40*01,100.0,CAGTCTGTGCTGACGCAGCCGCCCTCAGTGTCTGGGGCCCCAGGGCAGAGGGTCACCATCTCCTGCACTGGGAGCAGCTCCAACATCGGGGCAGGTTATGATGTACACTGGTACCAGCAGCTTCCAGGAACAGCCCCCAAACTCCTCATCTATGGTAACAGCAATCGGCCCTCAGGGGTCCCTGACCGATTCTCTGGCTCCAAGTCTGGCACCTCAGCCTCCCTGGCCATCACTGGGCTCCAGGCTGAGGATGAGGCTGATTATTACTGCCAGTCCTATGACAGCAGCCTGAGTGGTTC,False,,,,GCTCTGCTTCAGCTGTGGGCACAAGAGGCAGCACTCAGGACAATCTCCAGCATGGCCTGGTCTCCTCTCCTCCTCACTCTCCTCGCTCACTGCACAGGTGACTGGATACAGGTCCAGGGGAGGGGCCCTGGGAAGCCTATGGATTCTTGCTTTCTCCTGTTGTCTCTAGAAGCCGAATAATGATGCCTGTGTCTCTCCCACTTCCAGGGTCCTGGGCCCAGTCTGTGCTGACGCAGCCGCCCTCAGTGTCTGGGGCCCCAGGGCAGAGGGTCACCATCTCCTGCACTGGGAGCAGCTCCAACATCGGGGCAGGTTATGATGTACACTGGTACCAGCAGCTTCCAGGAACAGCCCCCAAACTCCTCATCTATGGTAACAGCAATCGGCCCTCAGGGGTCCCTGACCGATTCTCTGGCTCCAAGTCTGGCACCTCAGCCTCCCTGGCCATCACTGGGCTCCAGGCTGAGGATGAGGCTGATTATTACTGCCAGTCCTATGACAGCAGCCTGAGTGGTTCCACAGTGCTCCAGGCCCGGGGGGAACTGAGACAAGAACC,556M,ATGGCCTGGTCTCCTCTCCTCCTCACTCTCCTCGCTCACTGCACAG,46M,GTGACTGGATACAGGTCCAGGGGAGGGGCCCTGGGAAGCCTATGGATTCTTGCTTTCTCCTGTTGTCTCTAGAAGCCGAATAATGATGCCTGTGTCTCTCCCACTTCCAG,110M,GGTCCTGGGCC,11M,CAGTCTGTGCTGACGCAGCCGCCCTCAGTGTCTGGGGCCCCAGGGCAGAGGGTCACCATCTCCTGCACTGGGAGCAGCTCCAACATCGGGGCAGGTTATGATGTACACTGGTACCAGCAGCTTCCAGGAACAGCCCCCAAACTCCTCATCTATGGTAACAGCAATCGGCCCTCAGGGGTCCCTGACCGATTCTCTGGCTCCAAGTCTGGCACCTCAGCCTCCCTGGCCATCACTGGGCTCCAGGCTGAGGATGAGGCTGATTATTACTGCCAGTCCTATGACAGCAGCCTGAGTGGTTC,299M,CAGTCTGTGCTGACGCAGCCGCCCTCA...GTGTCTGGGGCCCCAGGGCAGAGGGTCACCATCTCCTGCACTGGGAGCAGCTCCAACATCGGG.........GCAGGTTATGATGTACACTGGTACCAGCAGCTTCCAGGAACAGCCCCCAAACTCCTCATCTATGGTAAC.....................AGCAATCGGCCCTCAGGGGTCCCT...GACCGATTCTCTGGCTCCAAG......TCTGGCACCTCAGCCTCCCTGGCCATCACTGGGCTCCAGGCTGAGGATGAGGCTGATTATTACTGCCAGTCCTATGACAGCAGCCTGAGTGGTTC,,CACAGTG,7M,CTCCAGGCCCGGGGGGAACTGAG,23M,ACAAGAACC,9M,,,,,,,,,,,,,,,,,,,,,,
Pangenome-HG02572.1,Pangenome,HG02572.1,1,0,IGLV5-37,,IGLV5-37*01,IGLV5-37*01,100.0,CAGCCTGTGCTGACTCAGCCACCTTCCTCCTCCGCATCTCCTGGAGAATCCGCCAGACTCACCTGCACCTTGCCCAGTGACATCAATGTTGGTAGCTACAACATATACTGGTACCAGCAGAAGCCAGGGAGCCCTCCCAGGTATCTCCTGTACTACTACTCAGACTCAGATAAGGGCCAGGGCTCTGGAGTCCCCAGCCGCTTCTCTGGATCCAAAGATGCTTCAGCCAATACAGGGATTTTACTCATCTCCGGGCTCCAGTCTGAGGATGAGGCTGACTATTACTGTATGATTTGGCCAAGCAATGCTTCT,False,,,,CCACCATGGCCTGGACTCCTCTTCTTCTCTTGCTCCTCTCTCACTGCACAGGTAGGGACAGGCCTCAGAGATCAGGGCCAGCCACCCAACCTGATTCTGGCTCTTCTGGTAAAGATCCCTGAAAAACCTCACCCTGAACCCTGCCCATCAACCATGAGTGTCTGTGTTTGCAGGTTCCCTCTCCCAGCCTGTGCTGACTCAGCCACCTTCCTCCTCCGCATCTCCTGGAGAATCCGCCAGACTCACCTGCACCTTGCCCAGTGACATCAATGTTGGTAGCTACAACATATACTGGTACCAGCAGAAGCCAGGGAGCCCTCCCAGGTATCTCCTGTACTACTACTCAGACTCAGATAAGGGCCAGGGCTCTGGAGTCCCCAGCCGCTTCTCTGGATCCAAAGATGCTTCAGCCAATACAGGGATTTTACTCATCTCCGGGCTCCAGTCTGAGGATGAGGCTGACTATTACTGTATGATTTGGCCAAGCAATGCTTCTCACAGTGACACACACAGATGGGGAAGTGGGACAAAAACC,535M,ATGGCCTGGACTCCTCTTCTTCTCTTGCTCCTCTCTCACTGCACAG,46M,GTAGGGACAGGCCTCAGAGATCAGGGCCAGCCACCCAACCTGATTCTGGCTCTTCTGGTAAAGATCCCTGAAAAACCTCACCCTGAACCCTGCCCATCAACCATGAGTGTCTGTGTTTGCAG,122M,GTTCCCTCTCC,11M,CAGCCTGTGCTGACTCAGCCACCTTCCTCCTCCGCATCTCCTGGAGAATCCGCCAGACTCACCTGCACCTTGCCCAGTGACATCAATGTTGGTAGCTACAACATATACTGGTACCAGCAGAAGCCAGGGAGCCCTCCCAGGTATCTCCTGTACTACTACTCAGACTCAGATAAGGGCCAGGGCTCTGGAGTCCCCAGCCGCTTCTCTGGATCCAAAGATGCTTCAGCCAATACAGGGATTTTACTCATCTCCGGGCTCCAGTCTGAGGATGAGGCTGACTATTACTGTATGATTTGGCCAAGCAATGCTTCT,312M,CAGCCTGTGCTGACTCAGCCACCTTCC...TCCTCCGCATCTCCTGGAGAATCCGCCAGACTCACCTGCACCTTGCCCAGTGACATCAATGTT.........GGTAGCTACAACATATACTGGTACCAGCAGAAGCCAGGGAGCCCTCCCAGGTATCTCCTGTACTACTACTCAGAC.........TCAGATAAGGGCCAGGGCTCTGGAGTCCCC...AGCCGCTTCTCTGGATCCAAAGATGCTTCAGCCAATACAGGGATTTTACTCATCTCCGGGCTCCAGTCTGAGGATGAGGCTGACTATTACTGTATGATTTGGCCAAGCAATGCTTCT,,CACAGTG,7M,ACACACACAGATGGGGAAGTGGG,23M,ACAAAAACC,9M,,,,,,,,,,,,,,,,,,,,,,
Pangenome-HG02572.1,Pangenome,HG02572.1,1,0,IGLV1-36,,IGLV1-36*01,IGLV1-36*01,100.0,CAGTCTGTGCTGACTCAGCCACCCTCGGTGTCTGAAGCCCCCAGGCAGAGGGTCACCATCTCCTGTTCTGGAAGCAGCTCCAACATCGGAAATAATGCTGTAAACTGGTACCAGCAGCTCCCAGGAAAGGCTCCCAAACTCCTCATCTATTATGATGATCTGCTGCCCTCAGGGGTCTCTGACCGATTCTCTGGCTCCAAGTCTGGCACCTCAGCCTCCCTGGCCATCAGTGGGCTCCAGTCTGAGGATGAGGCTGATTATTACTGTGCAGCATGGGATGACAGCCTGAATGGTCC,False,,,,GCTGCGGGTAGAGAAGACAGGACTCAGGACAATCTCCAGCATGGCCTGGTCCCCTCTCTTCCTCACCCTCATCACTCACTGTGCAGGTGACAGGATGGGGACCAAGAGAGAGGCTCTGGGAAGCCCATGCGACCCTGCTTTCTCCTCTTGTCTCCTTTTGTCTCTTGTCAATCACCATGTCTGTGTCTCTCTCACTTCCAGGGTCCTGGGCCCAGTCTGTGCTGACTCAGCCACCCTCGGTGTCTGAAGCCCCCAGGCAGAGGGTCACCATCTCCTGTTCTGGAAGCAGCTCCAACATCGGAAATAATGCTGTAAACTGGTACCAGCAGCTCCCAGGAAAGGCTCCCAAACTCCTCATCTATTATGATGATCTGCTGCCCTCAGGGGTCTCTGACCGATTCTCTGGCTCCAAGTCTGGCACCTCAGCCTCCCTGGCCATCAGTGGGCTCCAGTCTGAGGATGAGGCTGATTATTACTGTGCAGCATGGGATGACAGCCTGAATGGTCCCACAGTGCTCCAGGCCCAGGGGGAACAGAGACAAGAACC,547M,ATGGCCTGGTCCCCTCTCTTCCTCACCCTCATCACTCACTGTGCAG,46M,GTGACAGGATGGGGACCAAGAGAGAGGCTCTGGGAAGCCCATGCGACCCTGCTTTCTCCTCTTGTCTCCTTTTGTCTCTTGTCAATCACCATGTCTGTGTCTCTCTCACTTCCAG,115M,GGTCCTGGGCC,11M,CAGTCTGTGCTGACTCAGCCACCCTCGGTGTCTGAAGCCCCCAGGCAGAGGGTCACCATCTCCTGTTCTGGAAGCAGCTCCAACATCGGAAATAATGCTGTAAACTGGTACCAGCAGCTCCCAGGAAAGGCTCCCAAACTCCTCATCTATTATGATGATCTGCTGCCCTCAGGGGTCTCTGACCGATTCTCTGGCTCCAAGTCTGGCACCTCAGCCTCCCTGGCCATCAGTGGGCTCCAGTCTGAGGATGAGGCTGATTATTACTGTGCAGCATGGGATGACAGCCTGAATGGTCC,296M,CAGTCTGTGCTGACTCAGCCACCCTCG...GTGTCTGAAGCCCCCAGGCAGAGGGTCACCATCTCCTGTTCTGGAAGCAGCTCCAACATC............GGAAATAATGCTGTAAACTGGTACCAGCAGCTCCCAGGAAAGGCTCCCAAACTCCTCATCTATTATGAT.....................GATCTGCTGCCCTCAGGGGTCTCT...GACCGATTCTCTGGCTCCAAG......TCTGGCACCTCAGCCTCCCTGGCCATCAGTGGGCTCCAGTCTGAGGATGAGGCTGATTATTACTGTGCAGCATGGGATGACAGCCTGAATGGTCC,,CACAGTG,7M,CTCCAGGCCCAGGGGGAACAGAG,23M,ACAAGAACC,9M,,,,,,,,,,,,,,,,,,,,,,
Pangenome-HG02572.1,Pangenome,HG02572.1,1,0,IGLV2-33,,IGLV2-33*01,IGLV2-33*01,100.0,CAATCTGCCCTGACTCAGCCTCCTTTTGTGTCCGGGGCTCCTGGACAGTCGGTCACCATCTCCTGCACTGGAACCAGCAGTGACGTTGGGGATTATGATCATGTCTTCTGGTACCAAAAGCGTCTCAGCACTACCTCCAGACTCCTGATTTACAATGTCAATACTCGGCCTTCAGGGATCTCTGACCTCTTCTCAGGCTCCAAGTCTGGCAACATGGCTTCCCTGACCATCTCTGGGCTCAAGTCCGAGGTTGAGGCTAATTATCACTGCAGCTTATATTCAAGTAGTTACACTTTC,False,,,,GGCTAGAGGCAGGCCCGGTGCTGGGGTCTCAAGGCAGCGCTCTCGGGACATCTCCACCATGGCCTGGGCTCTGCTCCTCCTCACCCTCCTCACTCAGGGCACAGGTGACACCTCCAGGGAAATGGCCTTGGGGACCTCTGAGCTGATGCTTGGTCTTCTGCTCCTGCTCCTCAGGGTCACTGGACCCAGTACTGACCCAGTAGAGTGTGTTTCTCCCTCTTTCCAGGGTCCTGGGCCCAATCTGCCCTGACTCAGCCTCCTTTTGTGTCCGGGGCTCCTGGACAGTCGGTCACCATCTCCTGCACTGGAACCAGCAGTGACGTTGGGGATTATGATCATGTCTTCTGGTACCAAAAGCGTCTCAGCACTACCTCCAGACTCCTGATTTACAATGTCAATACTCGGCCTTCAGGGATCTCTGACCTCTTCTCAGGCTCCAAGTCTGGCAACATGGCTTCCCTGACCATCTCTGGGCTCAAGTCCGAGGTTGAGGCTAATTATCACTGCAGCTTATATTCAAGTAGTTACACTTTCCATAGTGGTCCAAGTTCCTAGGGAACTGAGACCAAAACC,573M,ATGGCCTGGGCTCTGCTCCTCCTCACCCTCCTCACTCAGGGCACAG,46M,GTGACACCTCCAGGGAAATGGCCTTGGGGACCTCTGAGCTGATGCTTGGTCTTCTGCTCCTGCTCCTCAGGGTCACTGGACCCAGTACTGACCCAGTAGAGTGTGTTTCTCCCTCTTTCCAG,122M,GGTCCTGGGCC,11M,CAATCTGCCCTGACTCAGCCTCCTTTTGTGTCCGGGGCTCCTGGACAGTCGGTCACCATCTCCTGCACTGGAACCAGCAGTGACGTTGGGGATTATGATCATGTCTTCTGGTACCAAAAGCGTCTCAGCACTACCTCCAGACTCCTGATTTACAATGTCAATACTCGGCCTTCAGGGATCTCTGACCTCTTCTCAGGCTCCAAGTCTGGCAACATGGCTTCCCTGACCATCTCTGGGCTCAAGTCCGAGGTTGAGGCTAATTATCACTGCAGCTTATATTCAAGTAGTTACACTTTC,297M,CAATCTGCCCTGACTCAGCCTCCTTTT...GTGTCCGGGGCTCCTGGACAGTCGGTCACCATCTCCTGCACTGGAACCAGCAGTGACGTTGGG.........GATTATGATCATGTCTTCTGGTACCAAAAGCGTCTCAGCACTACCTCCAGACTCCTGATTTACAATGTC.....................AATACTCGGCCTTCAGGGATCTCT...GACCTCTTCTCAGGCTCCAAG......TCTGGCAACATGGCTTCCCTGACCATCTCTGGGCTCAAGTCCGAGGTTGAGGCTAATTATCACTGCAGCTTATATTCAAGTAGTTACACTTTC,,CATAGTG,7M,GTCCAAGTTCCTAGGGAACTGAG,23M,ACCAAAACC,9M,,,,,,,,,,,,,,,,,,,,,,
Pangenome-HG02572.1,Pangenome,HG02572.1,1,0,IGLV3-32,,IGLV3-32*01,IGLV3-32*01,100.0,TCCTCTGGGCCAACTCAGGTGCCTGCAGTGTCTGTGGCCTTGGGACAAATGGCCAGGATCACCTGCCAGGGAGACAGCATGGAAGGCTCTTATGAACACTGGTACCAGCAGAAGCCAGGCCAGGCCCCCGTGCTGGTCATCTATGATAGCAGTGACCGGCCCTCAAGGATCCCTGAGCGATTCTCTGGCTCCAAATCAGGCAACACAACCACCCTGACCATCACTGGGGCCCAGGCTGAGGATGAGGCTGATTATTACTATCAGTTGATAGACAACCATGCTACTCAACT,False,Second cysteine not found,,,GCTGTGGACTCAGAGGCAGAGCTCTGGGGCATTTCCATTATGGCCTGGACCCCTCCCCTGCTCGTCCTCACTCTCTGCACAGGTGCTGCCTCCCAGGGCTCAGCCCCCAGTGGGATCAAGATCAGCCTGGCCCTGACCTTCAACTCAACATAGGGAGTGATGCAGGGTGTGGGGTTCTGGGAATGAGGCCCTCATCCTCAGACTCACCTCTCCTGTCCTCTCTTGTGGGCTCCGTTATTTCCTCTGGGCCAACTCAGGTGCCTGCAGTGTCTGTGGCCTTGGGACAAATGGCCAGGATCACCTGCCAGGGAGACAGCATGGAAGGCTCTTATGAACACTGGTACCAGCAGAAGCCAGGCCAGGCCCCCGTGCTGGTCATCTATGATAGCAGTGACCGGCCCTCAAGGATCCCTGAGCGATTCTCTGGCTCCAAATCAGGCAACACAACCACCCTGACCATCACTGGGGCCCAGGCTGAGGATGAGGCTGATTATTACTATCAGTTGATAGACAACCATGCTACTCAACTCACAGTGACACAGGCAGATGGAAAAGTGAGACACAAACC,568M,ATGGCCTGGACCCCTCCCCTGCTCGTCCTCACTCTCTGCACAG,43M,GTGCTGCCTCCCAGGGCTCAGCCCCCAGTGGGATCAAGATCAGCCTGGCCCTGACCTTCAACTCAACATAGGGAGTGATGCAGGGTGTGGGGTTCTGGGAATGAGGCCCTCATCCTCAGACTCACCTCTCCTGTCCTCTCTTGTGG,146M,GCTCCGTTATT,11M,TCCTCTGGGCCAACTCAGGTGCCTGCAGTGTCTGTGGCCTTGGGACAAATGGCCAGGATCACCTGCCAGGGAGACAGCATGGAAGGCTCTTATGAACACTGGTACCAGCAGAAGCCAGGCCAGGCCCCCGTGCTGGTCATCTATGATAGCAGTGACCGGCCCTCAAGGATCCCTGAGCGATTCTCTGGCTCCAAATCAGGCAACACAACCACCCTGACCATCACTGGGGCCCAGGCTGAGGATGAGGCTGATTATTACTATCAGTTGATAGACAACCATGCTACTCAACT,290M,TCCTCTGGGCCAACTCAGGTGCCTGCA...GTGTCTGTGGCCTTGGGACAAATGGCCAGGATCACCTGCCAGGGAGACAGCATGGAA..................GGCTCTTATGAACACTGGTACCAGCAGAAGCCAGGCCAGGCCCCCGTGCTGGTCATCTATGATAGC.....................AGTGACCGGCCCTCAAGGATCCCT...GAGCGATTCTCTGGCTCCAAA......TCAGGCAACACAACCACCCTGACCATCACTGGGGCCCAGGCTGAGGATGAGGCTGATTATTACTATCAGTTGATAGACAACCATGCTACTCAACT,,CACAGTG,7M,ACACAGGCAGATGGAAAAGTGAG,23M,ACACAAACC,9M,,,,,,,,,,,,,,,,,,,,,,
Pangenome-HG02572.1,Pangenome,HG02572.1,1,0,IGLV3-27,,IGLV3-27*01,IGLV3-27*01,100.0,TCCTATGAGCTGACACAGCCATCCTCAGTGTCAGTGTCTCCGGGACAGACAGCCAGGATCACCTGCTCAGGAGATGTACTGGCAAAAAAATATGCTCGGTGGTTCCAGCAGAAGCCAGGCCAGGCCCCTGTGCTGGTGATTTATAAAGACAGTGAGCGGCCCTCAGGGATCCCTGAGCGATTCTCCGGCTCCAGCTCAGGGACCACAGTCACCTTGACCATCAGCGGGGCCCAGGTTGAGGATGAGGCTGACTATTACTGTTACTCTGCGGCTGACAACAATCT,False,,,,GCTGTAGGCTCAGGAGGCAGAGCTCTGAATGTCTCACCATGGCCTGGATCCCTCTCCTGCTCCCCCTCCTCATTCTCTGCACAGGTGCTGCCCCTAGGCTCAGTCTCCACAGACCCCAAGTTGAGCCTGACCTGAATCCTGAGCAAAGCCCTGCCACTGCCTCTGGGGGGGATTCCTGGCAATGCGTCCTTTGTCCTCAAGCCCCCTCTCCTGTCTTTTCTTGCAGTCTCTGTGGCCTCCTATGAGCTGACACAGCCATCCTCAGTGTCAGTGTCTCCGGGACAGACAGCCAGGATCACCTGCTCAGGAGATGTACTGGCAAAAAAATATGCTCGGTGGTTCCAGCAGAAGCCAGGCCAGGCCCCTGTGCTGGTGATTTATAAAGACAGTGAGCGGCCCTCAGGGATCCCTGAGCGATTCTCCGGCTCCAGCTCAGGGACCACAGTCACCTTGACCATCAGCGGGGCCCAGGTTGAGGATGAGGCTGACTATTACTGTTACTCTGCGGCTGACAACAATCTCACAGTGACACAGGCAGATGGAGAAATGAGACACAAACC,560M,ATGGCCTGGATCCCTCTCCTGCTCCCCCTCCTCATTCTCTGCACAG,46M,GTGCTGCCCCTAGGCTCAGTCTCCACAGACCCCAAGTTGAGCCTGACCTGAATCCTGAGCAAAGCCCTGCCACTGCCTCTGGGGGGGATTCCTGGCAATGCGTCCTTTGTCCTCAAGCCCCCTCTCCTGTCTTTTCTTGCAG,142M,TCTCTGTGGCC,11M,TCCTATGAGCTGACACAGCCATCCTCAGTGTCAGTGTCTCCGGGACAGACAGCCAGGATCACCTGCTCAGGAGATGTACTGGCAAAAAAATATGCTCGGTGGTTCCAGCAGAAGCCAGGCCAGGCCCCTGTGCTGGTGATTTATAAAGACAGTGAGCGGCCCTCAGGGATCCCTGAGCGATTCTCCGGCTCCAGCTCAGGGACCACAGTCACCTTGACCATCAGCGGGGCCCAGGTTGAGGATGAGGCTGACTATTACTGTTACTCTGCGGCTGACAACAATCT,284M,TCCTATGAGCTGACACAGCCATCCTCA...GTGTCAGTGTCTCCGGGACAGACAGCCAGGATCACCTGCTCAGGAGATGTACTGGCA..................AAAAAATATGCTCGGTGGTTCCAGCAGAAGCCAGGCCAGGCCCCTGTGCTGGTGATTTATAAAGAC.....................AGTGAGCGGCCCTCAGGGATCCCT...GAGCGATTCTCCGGCTCCAGC......TCAGGGACCACAGTCACCTTGACCATCAGCGGGGCCCAGGTTGAGGATGAGGCTGACTATTACTGTTACTCTGCGGCTGACAACAATCT,,CACAGTG,7M,ACACAGGCAGATGGAGAAATGAG,23M,ACACAAACC,9M,,,,,,,,,,,,,,,,,,,,,,
Pangenome-HG02572.1,Pangenome,HG02572.1,1,0,IGLV3-25,,IGLV3-25*03_314----------------------------341,IGLV3-25*03,89.31,TCCTATGAGCTGACACAGCCACCCTCGGTGTCAGTGTCCCCAGGACAGACGGCCAGGATCACCTGCTCTGGAGATGCATTGCCAAAGCAATATGCTTATTGGTACCAGCAGAAGCCAGGCCAGGCCCCTGTGCTGGTGATATATAAAGACAGTGAGAGGCCCTCAGGGATCCCTGAGCGATTCTCTGGCTCCAGCTCAGGGACAACAGTCACGTTGACCATCAGTGGAGTCCAGGCAGAAGACGAGGCTGACTATTACTGTCAATCAGCAGACAGCAGTGGTACTTATCC,False,length mismatch in V-NONAMER: seq 0 vs co-ords 9 - likely indel\nlength mismatch in V-SPACER: seq 0 vs co-ords 23 - likely indel\nlength mismatch in V-HEPTAMER: seq 0 vs co-ords 7 - likely indel\nlength mismatch in V-REGION: seq 262 vs co-ords 290 - likely indel\nHeptamer does not match\nNonamer does not match,,,GCTGTGCTGTGGGTCCAGGAGGCAGAACTCTGGGTGTCTCACCATGGCCTGGATCCCTCTACTTCTCCCCCTCCTCACTCTCTGCACAGGTGCTGTCCCCAGGCCCTGCTCCAGGCCCTGCTCCAGTCTTATTCCCCACAGATCCCAAGTTGAGCCTGCCCTGAATCCCGAGCAAAGCCCAGACACAGCCTCTGGGTGCGACTCCTGGGAATGGGTCCTTTGTCTTCAAGCCCCCTCTCTTGTTCTTCCTTGCAGGCTCTGAGGCCTCCTATGAGCTGACACAGCCACCCTCGGTGTCAGTGTCCCCAGGACAGACGGCCAGGATCACCTGCTCTGGAGATGCATTGCCAAAGCAATATGCTTATTGGTACCAGCAGAAGCCAGGCCAGGCCCCTGTGCTGGTGATATATAAAGACAGTGAGAGGCCCTCAGGGATCCCTGAGCGATTCTCTGGCTCCAGCTCAGGGACAACAGTCACGTTGACCATCAGTGGAGTCCAGGCAGAAGACGAGGCTGACTATTACTGTC,528M67D,ATGGCCTGGATCCCTCTACTTCTCCCCCTCCTCACTCTCTGCACAG,46M,GTGCTGTCCCCAGGCCCTGCTCCAGGCCCTGCTCCAGTCTTATTCCCCACAGATCCCAAGTTGAGCCTGCCCTGAATCCCGAGCAAAGCCCAGACACAGCCTCTGGGTGCGACTCCTGGGAATGGGTCCTTTGTCTTCAAGCCCCCTCTCTTGTTCTTCCTTGCAG,166M,GCTCTGAGGCC,11M,TCCTATGAGCTGACACAGCCACCCTCGGTGTCAGTGTCCCCAGGACAGACGGCCAGGATCACCTGCTCTGGAGATGCATTGCCAAAGCAATATGCTTATTGGTACCAGCAGAAGCCAGGCCAGGCCCCTGTGCTGGTGATATATAAAGACAGTGAGAGGCCCTCAGGGATCCCTGAGCGATTCTCTGGCTCCAGCTCAGGGACAACAGTCACGTTGACCATCAGTGGAGTCCAGGCAGAAGACGAGGCTGACTATTACTGTC,262M28D,TCCTATGAGCTGACACAGCCACCCTCG...GTGTCAGTGTCCCCAGGACAGACGGCCAGGATCACCTGCTCTGGAGATGCATTGCCA..................AAGCAATATGCTTATTGGTACCAGCAGAAGCCAGGCCAGGCCCCTGTGCTGGTGATATATAAAGAC.....................AGTGAGAGGCCCTCAGGGATCCCT...GAGCGATTCTCTGGCTCCAGC......TCAGGGACAACAGTCACGTTGACCATCAGTGGAGTCCAGGCAGAAGACGAGGCTGACTATTACTGTC,,,7D,,23D,,9D,,,,,,,,,,,,,,,,,,,,,,
Pangenome-HG02572.1,Pangenome,HG02572.1,1,0,IGLV2-23,,,IGLV2-23*02,,CAGTCTGCCCTGACTCAGCCTGCCTCCGTGTCTGGGTCTCCTGGACAGTCGATCACCATCTCCTGCACTGGAACCAGCAGTGATGTTGGGAGTTATAACCTTGTCTCCTGGTACCAACAGCACCCAGGCAAAGCCCCCAAACTCATGATTTATGAGGTCAGTAAGCGGCCCTCAGGGGTTTCTAATCGCTTCTCTGGCTCCAAGTCTGGCAACACGGCCTCCCTGACAATCTCTGGGCTCCAGGCTGAGGACGAGGCTGATTATTACTGCTGCTCATATGCAGGTAGTAGCACTTTC,False,length mismatch in V-NONAMER: seq 0 vs co-ords 9 - likely indel\nlength mismatch in V-SPACER: seq 0 vs co-ords 23 - likely indel\nlength mismatch in V-HEPTAMER: seq 0 vs co-ords 7 - likely indel\nlength mismatch in V-INTRON: seq 0 vs co-ords 117 - likely indel\nlength mismatch in L-PART1: seq 0 vs co-ords 46 - likely indel\nlength mismatch in L-PART2: seq 0 vs co-ords 11 - likely indel\nlength mismatch in V-REGION: seq 0 vs co-ords 297 - likely indel\nHeptamer does not match\nNonamer does not match,,,,672D,,46D,,117D,,11D,,297D,,,,7D,,23D,,9D,,,,,,,,,,,,,,,,,,,,,,
Pangenome-HG02572.1,Pangenome,HG02572.1,1,0,IGLV3-22,,,IGLV3-22*01,,TCCTATGAGCTGACACAGCTACCCTCGGTGTCAGTGTCCCCAGGACAGACAGCCAGGATCACCTGCTCTGGAGATGTACTGGGGGAAAATTATGCTGACTGGTACCAGCAGAAGCCAGGCCAGGCCCCTGAGTTGGTGATATACGAAGATAGTGAGCGGTACCCTGGAATCCCTGAACGATTCTCTGGGTCCACCTCAGGGAACACGACCACCCTGACCATCAGCAGGGTCCTGACCGAAGACGAGGCTGACTATTACTGTTTGTCTGGGGATGAGGACAATCC,False,length mismatch in V-NONAMER: seq 0 vs co-ords 9 - likely indel\nlength mismatch in V-SPACER: seq 0 vs co-ords 23 - likely indel\nlength mismatch in V-HEPTAMER: seq 0 vs co-ords 7 - likely indel\nlength mismatch in V-INTRON: seq 0 vs co-ords 149 - likely indel\nlength mismatch in L-PART1: seq 0 vs co-ords 46 - likely indel\nlength mismatch in L-PART2: seq 0 vs co-ords 11 - likely indel\nlength mismatch in V-REGION: seq 0 vs co-ords 284 - likely indel\nHeptamer does not match\nNonamer does not match,,,,593D,,46D,,149D,,11D,,284D,,,,7D,,23D,,9D,,,,,,,,,,,,,,,,,,,,,,
Pangenome-HG02572.1,Pangenome,HG02572.1,1,0,IGLV3-21,,,IGLV3-21*01,,TCCTATGTGCTGACTCAGCCACCCTCAGTGTCAGTGGCCCCAGGAAAGACGGCCAGGATTACCTGTGGGGGAAACAACATTGGAAGTAAAAGTGTGCACTGGTACCAGCAGAAGCCAGGCCAGGCCCCTGTGCTGGTCATCTATTATGATAGCGACCGGCCCTCAGGGATCCCTGAGCGATTCTCTGGCTCCAACTCTGGGAACACGGCCACCCTGACCATCAGCAGGGTCGAAGCCGGGGATGAGGCCGACTATTACTGTCAGGTGTGGGACAGTAGTAGTGATCATCC,False,length mismatch in V-NONAMER: seq 0 vs co-ords 9 - likely indel\nlength mismatch in V-SPACER: seq 0 vs co-ords 23 - likely indel\nlength mismatch in V-HEPTAMER: seq 0 vs co-ords 7 - likely indel\nlength mismatch in V-INTRON: seq 0 vs co-ords 479 - likely indel\nlength mismatch in L-PART1: seq 0 vs co-ords 46 - likely indel\nlength mismatch in L-PART2: seq 0 vs co-ords 11 - likely indel\nlength mismatch in V-REGION: seq 0 vs co-ords 290 - likely indel\nHeptamer does not match\nNonamer does not match,,,,1550D,,46D,,479D,,11D,,290D,,,,7D,,23D,,9D,,,,,,,,,,,,,,,,,,,,,,
Pangenome-HG02572.1,Pangenome,HG02572.1,1,0,IGLV3-19,,,IGLV3-19*01,,TCTTCTGAGCTGACTCAGGACCCTGCTGTGTCTGTGGCCTTGGGACAGACAGTCAGGATCACATGCCAAGGAGACAGCCTCAGAAGCTATTATGCAAGCTGGTACCAGCAGAAGCCAGGACAGGCCCCTGTACTTGTCATCTATGGTAAAAACAACCGGCCCTCAGGGATCCCAGACCGATTCTCTGGCTCCAGCTCAGGAAACACAGCTTCCTTGACCATCACTGGGGCTCAGGCGGAAGATGAGGCTGACTATTACTGTAACTCCCGGGACAGCAGTGGTAACCATCT,False,length mismatch in V-NONAMER: seq 0 vs co-ords 9 - likely indel\nlength mismatch in V-SPACER: seq 0 vs co-ords 23 - likely indel\nlength mismatch in V-HEPTAMER: seq 0 vs co-ords 7 - likely indel\nlength mismatch in V-INTRON: seq 0 vs co-ords 146 - likely indel\nlength mismatch in L-PART1: seq 0 vs co-ords 46 - likely indel\nlength mismatch in L-PART2: seq 0 vs co-ords 11 - likely indel\nlength mismatch in V-REGION: seq 0 vs co-ords 290 - likely indel\nHeptamer does not match\nNonamer does not match,,,,572D,,46D,,146D,,11D,,290D,,,,7D,,23D,,9D,,,,,,,,,,,,,,,,,,,,,,
Pangenome-HG02572.1,Pangenome,HG02572.1,1,0,IGLV2-18,,,IGLV2-18*01,,CAGTCTGCCCTGACTCAGCCTCCCTCCGTGTCCGGGTCTCCTGGACAGTCAGTCACCATCTCCTGCACTGGAACCAGCAGTGACGTTGGTAGTTATAACCGTGTCTCCTGGTACCAGCAGCCCCCAGGCACAGCCCCCAAACTCATGATTTATGAGGTCAGTAATCGGCCCTCAGGGGTCCCTGATCGCTTCTCTGGGTCCAAGTCTGGCAACACGGCCTCCCTGACCATCTCTGGGCTCCAGGCTGAGGACGAGGCTGATTATTACTGCAGCTTATATACAAGCAGCAGCACTTTC,False,length mismatch in V-NONAMER: seq 0 vs co-ords 9 - likely indel\nlength mismatch in V-SPACER: seq 0 vs co-ords 23 - likely indel\nlength mismatch in V-HEPTAMER: seq 0 vs co-ords 7 - likely indel\nlength mismatch in V-INTRON: seq 0 vs co-ords 116 - likely indel\nlength mismatch in L-PART1: seq 0 vs co-ords 46 - likely indel\nlength mismatch in L-PART2: seq 0 vs co-ords 11 - likely indel\nlength mismatch in V-REGION: seq 0 vs co-ords 297 - likely indel\nHeptamer does not match\nNonamer does not match,,,,522D,,46D,,116D,,11D,,297D,,,,7D,,23D,,9D,,,,,,,,,,,,,,,,,,,,,,
Pangenome-HG02572.1,Pangenome,HG02572.1,1,0,IGLV3-16,,,IGLV3-16*01,,TCCTATGAGCTGACACAGCCACCCTCGGTGTCAGTGTCCCTAGGACAGATGGCCAGGATCACCTGCTCTGGAGAAGCATTGCCAAAAAAATATGCTTATTGGTACCAGCAGAAGCCAGGCCAGTTCCCTGTGCTGGTGATATATAAAGACAGCGAGAGGCCCTCAGGGATCCCTGAGCGATTCTCTGGCTCCAGCTCAGGGACAATAGTCACATTGACCATCAGTGGAGTCCAGGCAGAAGACGAGGCTGACTATTACTGTCTATCAGCAGACAGCAGTGGTACTTATCC,False,length mismatch in V-INTRON: seq 0 vs co-ords 154 - likely indel\nlength mismatch in L-PART1: seq 0 vs co-ords 46 - likely indel\nlength mismatch in L-PART2: seq 0 vs co-ords 11 - likely indel\nlength mismatch in V-REGION: seq 27 vs co-ords 290 - likely indel,,,ATCAGCAGACAGCAGTGGTACTTATCCCACAGTGACACAAGGAGACAGGGAAGTGAAACATAAACC,512D66M,,46D,,154D,,11D,ATCAGCAGACAGCAGTGGTACTTATCC,263D27M,,,CACAGTG,7M,ACACAAGGAGACAGGGAAGTGAA,23M,ACATAAACC,9M,,,,,,,,,,,,,,,,,,,,,,
Pangenome-HG02572.1,Pangenome,HG02572.1,1,0,IGLV2-14,,IGLV2-14*01_g168t_t198g_c337t,IGLV2-14*01,98.99,CAGTCTGCCCTGACTCAGCCTGCCTCCGTGTCTGGGTCTCCTGGACAGTCGATCACCATCTCCTGCACTGGAACCAGCAGTGACGTTGGTGGTTATAACTATGTCTCCTGGTACCAACAGCACCCAGGCAAAGCCCCCAAACTCATGATTTATGAGGTCAGTAATCGGCCCTCAGGGGTTTCTAATCGCTTCTCTGGCTCCAAGTCTGGCAACACGGCCTCCCTGACCATCTCTGGGCTCCAGGCTGAGGACGAGGCTGATTATTACTGCAGCTCATATACAAGCAGCAGCACTCTC,False,,,,GCTGGGGTCTCAGGAGGCAGCGCTCTCGGGACGTCTCCACCATGGCCTGGGCTCTGCTGCTCCTCACCCTCCTCACTCAGGGCACAGGTGATGCCTCCAGGGAAGGGGCTTCGGGGACCTCTGGGCTGATCCTTGGTCTCCTGCTCCTCAGGCTCACCGGGGCCCAGCACTGACTCACTGGCATGTGTTTCTCCCTCTTTCCAGGGTCCTGGGCCCAGTCTGCCCTGACTCAGCCTGCCTCCGTGTCTGGGTCTCCTGGACAGTCGATCACCATCTCCTGCACTGGAACCAGCAGTGACGTTGGTGGTTATAACTATGTCTCCTGGTACCAACAGCACCCAGGCAAAGCCCCCAAACTCATGATTTATGATGTCAGTAAGCGGCCCTCAGGGGTTTCTAATCGCTTCTCTGGCTCCAAGTCTGGCAACACGGCCTCCCTGACCATCTCTGGGCTCCAGGCTGAGGACGAGGCTGATTATTACTGCAGCTCATATACAAGCAGCAGCACTTTCCACAGTGGTCCAAGTTCCTGGGGAACTGAGACCAAAACC,551M,ATGGCCTGGGCTCTGCTGCTCCTCACCCTCCTCACTCAGGGCACAG,46M,GTGATGCCTCCAGGGAAGGGGCTTCGGGGACCTCTGGGCTGATCCTTGGTCTCCTGCTCCTCAGGCTCACCGGGGCCCAGCACTGACTCACTGGCATGTGTTTCTCCCTCTTTCCAG,117M,GGTCCTGGGCC,11M,CAGTCTGCCCTGACTCAGCCTGCCTCCGTGTCTGGGTCTCCTGGACAGTCGATCACCATCTCCTGCACTGGAACCAGCAGTGACGTTGGTGGTTATAACTATGTCTCCTGGTACCAACAGCACCCAGGCAAAGCCCCCAAACTCATGATTTATGATGTCAGTAAGCGGCCCTCAGGGGTTTCTAATCGCTTCTCTGGCTCCAAGTCTGGCAACACGGCCTCCCTGACCATCTCTGGGCTCCAGGCTGAGGACGAGGCTGATTATTACTGCAGCTCATATACAAGCAGCAGCACTTTC,297M,CAGTCTGCCCTGACTCAGCCTGCCTCC...GTGTCTGGGTCTCCTGGACAGTCGATCACCATCTCCTGCACTGGAACCAGCAGTGACGTTGGT.........GGTTATAACTATGTCTCCTGGTACCAACAGCACCCAGGCAAAGCCCCCAAACTCATGATTTATGATGTC.....................AGTAAGCGGCCCTCAGGGGTTTCT...AATCGCTTCTCTGGCTCCAAG......TCTGGCAACACGGCCTCCCTGACCATCTCTGGGCTCCAGGCTGAGGACGAGGCTGATTATTACTGCAGCTCATATACAAGCAGCAGCACTTTC,,CACAGTG,7M,GTCCAAGTTCCTGGGGAACTGAG,23M,ACCAAAACC,9M,,,,,,,,,,,,,,,,,,,,,,
Pangenome-HG02572.1,Pangenome,HG02572.1,1,0,IGLV3-12,,IGLV3-12*01,IGLV3-12*01,100.0,TCCTATGAGCTGACTCAGCCACACTCAGTGTCAGTGGCCACAGCACAGATGGCCAGGATCACCTGTGGGGGAAACAACATTGGAAGTAAAGCTGTGCACTGGTACCAGCAAAAGCCAGGCCAGGACCCTGTGCTGGTCATCTATAGCGATAGCAACCGGCCCTCAGGGATCCCTGAGCGATTCTCTGGCTCCAACCCAGGGAACACCACCACCCTAACCATCAGCAGGATCGAGGCTGGGGATGAGGCTGACTATTACTGTCAGGTGTGGGACAGTAGTAGTGATCATCC,False,length mismatch in V-INTRON: seq 404 vs co-ords 403 - likely indel,,,GCCTCAGCCACGGCCTGGACCCCTCTCCTCCTCGGCCTCCTCGCTCACTGCACAGGTGCTCTGCCCAGGGTATCACCAACCTGCCCATCCCCAGGGCTCTGGGTCCAGTGTGGCCATGACTATGAGCTCAGGAGGGCCCTGCCTGTGGTGGGCAGGATGCTCATGACCCTGCTGCAGGGTGAGGGGCTGGCGGAGCTGAAGTCCCCTCAAACTCTGCTCAGAGGCTTGTGAGAGCCTGAGGGGCTGCACCTGCCAGGAGAGAGTACTGGGTTTTCAGTTCAAAGGCTCCATGCAGAGGGAAAGTCCATGGGCCACTGGGGCTAGGGCTGATTGCAGGGGATACCCTGAGGGTTCACAGACTCTCTGAAGCTTTTCCAGGACAGCAGGGCAGGGGATTTCATACGGATCTTTTACCTAAAAGCCATCCTCTCCTTTTTTTTTTTTTTTTAATCTTTGCAGGCTCTGCGACCTCCTATGAGCTGACTCAGCCACACTCAGTGTCAGTGGCCACAGCACAGATGGCCAGGATCACCTGTGGGGGAAACAACATTGGAAGTAAAGCTGTGCACTGGTACCAGCAAAAGCCAGGCCAGGACCCTGTGCTGGTCATCTATAGCGATAGCAACCGGCCCTCAGGGATCCCTGAGCGATTCTCTGGCTCCAACCCAGGGAACACCACCACCCTAACCATCAGCAGGATCGAGGCTGGGGATGAGGCTGACTATTACTGTCAGGTGTGGGACAGTAGTAGTGATCATCCCACGGTGACACAGGCAGATGGGGAAGTGAGACAAAAACA,432M1I366M,ACGGCCTGGACCCCTCTCCTCCTCGGCCTCCTCGCTCACTGCACAG,46M,GTGCTCTGCCCAGGGTATCACCAACCTGCCCATCCCCAGGGCTCTGGGTCCAGTGTGGCCATGACTATGAGCTCAGGAGGGCCCTGCCTGTGGTGGGCAGGATGCTCATGACCCTGCTGCAGGGTGAGGGGCTGGCGGAGCTGAAGTCCCCTCAAACTCTGCTCAGAGGCTTGTGAGAGCCTGAGGGGCTGCACCTGCCAGGAGAGAGTACTGGGTTTTCAGTTCAAAGGCTCCATGCAGAGGGAAAGTCCATGGGCCACTGGGGCTAGGGCTGATTGCAGGGGATACCCTGAGGGTTCACAGACTCTCTGAAGCTTTTCCAGGACAGCAGGGCAGGGGATTTCATACGGATCTTTTACCTAAAAGCCATCCTCTCCTTTTTTTTTTTTTTTTAATCTTTGCAG,377M1I26M,GCTCTGCGACC,11M,TCCTATGAGCTGACTCAGCCACACTCAGTGTCAGTGGCCACAGCACAGATGGCCAGGATCACCTGTGGGGGAAACAACATTGGAAGTAAAGCTGTGCACTGGTACCAGCAAAAGCCAGGCCAGGACCCTGTGCTGGTCATCTATAGCGATAGCAACCGGCCCTCAGGGATCCCTGAGCGATTCTCTGGCTCCAACCCAGGGAACACCACCACCCTAACCATCAGCAGGATCGAGGCTGGGGATGAGGCTGACTATTACTGTCAGGTGTGGGACAGTAGTAGTGATCATCC,290M,TCCTATGAGCTGACTCAGCCACACTCA...GTGTCAGTGGCCACAGCACAGATGGCCAGGATCACCTGTGGGGGAAACAACATTGGA..................AGTAAAGCTGTGCACTGGTACCAGCAAAAGCCAGGCCAGGACCCTGTGCTGGTCATCTATAGCGAT.....................AGCAACCGGCCCTCAGGGATCCCT...GAGCGATTCTCTGGCTCCAAC......CCAGGGAACACCACCACCCTAACCATCAGCAGGATCGAGGCTGGGGATGAGGCTGACTATTACTGTCAGGTGTGGGACAGTAGTAGTGATCATCC,,CACGGTG,7M,ACACAGGCAGATGGGGAAGTGAG,23M,ACAAAAACA,9M,,,,,,,,,,,,,,,,,,,,,,
Pangenome-HG02572.1,Pangenome,HG02572.1,1,0,IGLV2-11,,IGLV2-11*01,IGLV2-11*01,100.0,CAGTCTGCCCTGACTCAGCCTCGCTCAGTGTCCGGGTCTCCTGGACAGTCAGTCACCATCTCCTGCACTGGAACCAGCAGTGATGTTGGTGGTTATAACTATGTCTCCTGGTACCAACAGCACCCAGGCAAAGCCCCCAAACTCATGATTTATGATGTCAGTAAGCGGCCCTCAGGGGTCCCTGATCGCTTCTCTGGCTCCAAGTCTGGCAACACGGCCTCCCTGACCATCTCTGGGCTCCAGGCTGAGGATGAGGCTGATTATTACTGCTGCTCATATGCAGGCAGCTACACTTTC,False,,,,TGCTGGGGTCTCAGGAGGCAGCACTCTCGGGACGTCTCCACCATGGCCTGGGCTCTGCTCCTCCTCAGCCTCCTCACTCAGGGCACAGGTGACACCTCCAGGGAAAGGGTCACAGGGGTCTCTGGGCTGATCCTTGGTCTCCTGCTCCTCAGGCTCACCTGGGCCCAGCACTGACTCACTAGAGTGTGTTTCTCCCTCTTTCCAGGATCCTGGGCTCAGTCTGCCCTGACTCAGCCTCGCTCAGTGTCCGGGTCTCCTGGACAGTCAGTCACCATCTCCTGCACTGGAACCAGCAGTGATGTTGGTGGTTATAACTATGTCTCCTGGTACCAACAGCACCCAGGCAAAGCCCCCAAACTCATGATTTATGATGTCAGTAAGCGGCCCTCAGGGGTCCCTGATCGCTTCTCTGGCTCCAAGTCTGGCAACACGGCCTCCCTGACCATCTCTGGGCTCCAGGCTGAGGATGAGGCTGATTATTACTGCTGCTCATATGCAGGCAGCTACACTTTCCACAGTGGTCCAAGTTCCTGGGGAACTGAGACCAAAACC,552M,ATGGCCTGGGCTCTGCTCCTCCTCAGCCTCCTCACTCAGGGCACAG,46M,GTGACACCTCCAGGGAAAGGGTCACAGGGGTCTCTGGGCTGATCCTTGGTCTCCTGCTCCTCAGGCTCACCTGGGCCCAGCACTGACTCACTAGAGTGTGTTTCTCCCTCTTTCCAG,117M,GATCCTGGGCT,11M,CAGTCTGCCCTGACTCAGCCTCGCTCAGTGTCCGGGTCTCCTGGACAGTCAGTCACCATCTCCTGCACTGGAACCAGCAGTGATGTTGGTGGTTATAACTATGTCTCCTGGTACCAACAGCACCCAGGCAAAGCCCCCAAACTCATGATTTATGATGTCAGTAAGCGGCCCTCAGGGGTCCCTGATCGCTTCTCTGGCTCCAAGTCTGGCAACACGGCCTCCCTGACCATCTCTGGGCTCCAGGCTGAGGATGAGGCTGATTATTACTGCTGCTCATATGCAGGCAGCTACACTTTC,297M,CAGTCTGCCCTGACTCAGCCTCGCTCA...GTGTCCGGGTCTCCTGGACAGTCAGTCACCATCTCCTGCACTGGAACCAGCAGTGATGTTGGT.........GGTTATAACTATGTCTCCTGGTACCAACAGCACCCAGGCAAAGCCCCCAAACTCATGATTTATGATGTC.....................AGTAAGCGGCCCTCAGGGGTCCCT...GATCGCTTCTCTGGCTCCAAG......TCTGGCAACACGGCCTCCCTGACCATCTCTGGGCTCCAGGCTGAGGATGAGGCTGATTATTACTGCTGCTCATATGCAGGCAGCTACACTTTC,,CACAGTG,7M,GTCCAAGTTCCTGGGGAACTGAG,23M,ACCAAAACC,9M,,,,,,,,,,,,,,,,,,,,,,
Pangenome-HG02572.1,Pangenome,HG02572.1,1,0,IGLV3-10,,IGLV3-10*01,IGLV3-10*01,100.0,TCCTATGAGCTGACACAGCCACCCTCGGTGTCAGTGTCCCCAGGACAAACGGCCAGGATCACCTGCTCTGGAGATGCATTGCCAAAAAAATATGCTTATTGGTACCAGCAGAAGTCAGGCCAGGCCCCTGTGCTGGTCATCTATGAGGACAGCAAACGACCCTCCGGGATCCCTGAGAGATTCTCTGGCTCCAGCTCAGGGACAATGGCCACCTTGACTATCAGTGGGGCCCAGGTGGAGGATGAAGCTGACTACTACTGTTACTCAACAGACAGCAGTGGTAATCATAG,False,,,,GTGGGCTCAGGAGGCAGAGCTCTGGGAATCTCACCATGGCCTGGACCCCTCTCCTGCTCCCCCTCCTCACTTTCTGCACAGGTGCTTCTCCCAGGCCCTGCCCCAGGCTCAGTGCCCATAGACCCCAAGTTGGCCCTGCCCTGAACCCTGTGCAAAGCCCAGACACAGTCTTAGGGTAGGACCCCTGGGAATGGGCTCTTGATCTTCAAGCCCCCTCTCCTGTTTTCCTTGCAGTCTCTGAGGCCTCCTATGAGCTGACACAGCCACCCTCGGTGTCAGTGTCCCCAGGACAAACGGCCAGGATCACCTGCTCTGGAGATGCATTGCCAAAAAAATATGCTTATTGGTACCAGCAGAAGTCAGGCCAGGCCCCTGTGCTGGTCATCTATGAGGACAGCAAACGACCCTCCGGGATCCCTGAGAGATTCTCTGGCTCCAGCTCAGGGACAATGGCCACCTTGACTATCAGTGGGGCCCAGGTGGAGGATGAAGCTGACTACTACTGTTACTCAACAGACAGCAGTGGTAATCATAGCACAGTGACACTGGCAGATGGGGAAGTGAGACACAAACC,574M,ATGGCCTGGACCCCTCTCCTGCTCCCCCTCCTCACTTTCTGCACAG,46M,GTGCTTCTCCCAGGCCCTGCCCCAGGCTCAGTGCCCATAGACCCCAAGTTGGCCCTGCCCTGAACCCTGTGCAAAGCCCAGACACAGTCTTAGGGTAGGACCCCTGGGAATGGGCTCTTGATCTTCAAGCCCCCTCTCCTGTTTTCCTTGCAG,153M,TCTCTGAGGCC,11M,TCCTATGAGCTGACACAGCCACCCTCGGTGTCAGTGTCCCCAGGACAAACGGCCAGGATCACCTGCTCTGGAGATGCATTGCCAAAAAAATATGCTTATTGGTACCAGCAGAAGTCAGGCCAGGCCCCTGTGCTGGTCATCTATGAGGACAGCAAACGACCCTCCGGGATCCCTGAGAGATTCTCTGGCTCCAGCTCAGGGACAATGGCCACCTTGACTATCAGTGGGGCCCAGGTGGAGGATGAAGCTGACTACTACTGTTACTCAACAGACAGCAGTGGTAATCATAG,290M,TCCTATGAGCTGACACAGCCACCCTCG...GTGTCAGTGTCCCCAGGACAAACGGCCAGGATCACCTGCTCTGGAGATGCATTGCCA..................AAAAAATATGCTTATTGGTACCAGCAGAAGTCAGGCCAGGCCCCTGTGCTGGTCATCTATGAGGAC.....................AGCAAACGACCCTCCGGGATCCCT...GAGAGATTCTCTGGCTCCAGC......TCAGGGACAATGGCCACCTTGACTATCAGTGGGGCCCAGGTGGAGGATGAAGCTGACTACTACTGTTACTCAACAGACAGCAGTGGTAATCATAG,,CACAGTG,7M,ACACTGGCAGATGGGGAAGTGAG,23M,ACACAAACC,9M,,,,,,,,,,,,,,,,,,,,,,
Pangenome-HG02572.1,Pangenome,HG02572.1,1,0,IGLV3-9,,IGLV3-9*01,IGLV3-9*01,100.0,TCCTATGAGCTGACTCAGCCACTCTCAGTGTCAGTGGCCCTGGGACAGACGGCCAGGATTACCTGTGGGGGAAACAACATTGGAAGTAAAAATGTGCACTGGTACCAGCAGAAGCCAGGCCAGGCCCCTGTGCTGGTCATCTATAGGGATAGCAACCGGCCCTCTGGGATCCCTGAGCGATTCTCTGGCTCCAACTCGGGGAACACGGCCACCCTGACCATCAGCAGAGCCCAAGCCGGGGATGAGGCTGACTATTACTGTCAGGTGTGGGACAGCAGCACTGCA,False,,,,CTTGACTCTGCTGATTTGCATCACAGGCTGCTCTCTTCAGCAAGGGGATAAGAGAGGGCTGGAAGGAACCTGCCCAGCCTGGGCCTCAGGAAGCAGCATCGGGGGTGCCGCAGCCATGGCCTGGACCGCTCTCCTTCTGAGCCTCCTTGCTCACTTTACAGGTGCTGCCCCCAGTGTCCCAGCCACCTACCCAGCTCCAAGGCTCTGGGTCCAGCCTGGCCTGACAGTGATCTCAGCAGGGCCCTGCCTGTGGTGTGCAGGATGCTCATGATCCTGCTGCAGGGGGAGGGGCTGCTGGAGGTGAAATCCCCCCACACTGTTCTTCTGTGCTCATGGTCCCCTGAGGACACTTCTATTCCTGAAACTCAGGCCAGGCAGGTGGGAAGGCATTGTTGGGTTGAGCCTCTCAGTTTCAAGTCTATTCTATTCTCTCCCCTTTTCTTGCAGGTTCTGTGGCCTCCTATGAGCTGACTCAGCCACTCTCAGTGTCAGTGGCCCTGGGACAGACGGCCAGGATTACCTGTGGGGGAAACAACATTGGAAGTAAAAATGTGCACTGGTACCAGCAGAAGCCAGGCCAGGCCCCTGTGCTGGTCATCTATAGGGATAGCAACCGGCCCTCTGGGATCCCTGAGCGATTCTCTGGCTCCAACTCGGGGAACACGGCCACCCTGACCATCAGCAGAGCCCAAGCCGGGGATGAGGCTGACTATTACTGTCAGGTGTGGGACAGCAGCACTGCACACAGTAACACAGGCAGATGAAGAAGTGAGACACAAACC,782M,ATGGCCTGGACCGCTCTCCTTCTGAGCCTCCTTGCTCACTTTACAG,46M,GTGCTGCCCCCAGTGTCCCAGCCACCTACCCAGCTCCAAGGCTCTGGGTCCAGCCTGGCCTGACAGTGATCTCAGCAGGGCCCTGCCTGTGGTGTGCAGGATGCTCATGATCCTGCTGCAGGGGGAGGGGCTGCTGGAGGTGAAATCCCCCCACACTGTTCTTCTGTGCTCATGGTCCCCTGAGGACACTTCTATTCCTGAAACTCAGGCCAGGCAGGTGGGAAGGCATTGTTGGGTTGAGCCTCTCAGTTTCAAGTCTATTCTATTCTCTCCCCTTTTCTTGCAG,286M,GTTCTGTGGCC,11M,TCCTATGAGCTGACTCAGCCACTCTCAGTGTCAGTGGCCCTGGGACAGACGGCCAGGATTACCTGTGGGGGAAACAACATTGGAAGTAAAAATGTGCACTGGTACCAGCAGAAGCCAGGCCAGGCCCCTGTGCTGGTCATCTATAGGGATAGCAACCGGCCCTCTGGGATCCCTGAGCGATTCTCTGGCTCCAACTCGGGGAACACGGCCACCCTGACCATCAGCAGAGCCCAAGCCGGGGATGAGGCTGACTATTACTGTCAGGTGTGGGACAGCAGCACTGCA,285M,TCCTATGAGCTGACTCAGCCACTCTCA...GTGTCAGTGGCCCTGGGACAGACGGCCAGGATTACCTGTGGGGGAAACAACATTGGA..................AGTAAAAATGTGCACTGGTACCAGCAGAAGCCAGGCCAGGCCCCTGTGCTGGTCATCTATAGGGAT.....................AGCAACCGGCCCTCTGGGATCCCT...GAGCGATTCTCTGGCTCCAAC......TCGGGGAACACGGCCACCCTGACCATCAGCAGAGCCCAAGCCGGGGATGAGGCTGACTATTACTGTCAGGTGTGGGACAGCAGCACTGCA,,CACAGTA,7M,ACACAGGCAGATGAAGAAGTGAG,23M,ACACAAACC,9M,,,,,,,,,,,,,,,,,,,,,,
Pangenome-HG02572.1,Pangenome,HG02572.1,1,0,IGLV2-8,,IGLV2-8*01,IGLV2-8*01,100.0,CAGTCTGCCCTGACTCAGCCTCCCTCCGCGTCCGGGTCTCCTGGACAGTCAGTCACCATCTCCTGCACTGGAACCAGCAGTGACGTTGGTGGTTATAACTATGTCTCCTGGTACCAACAGCACCCAGGCAAAGCCCCCAAACTCATGATTTATGAGGTCAGTAAGCGGCCCTCAGGGGTCCCTGATCGCTTCTCTGGCTCCAAGTCTGGCAACACGGCCTCCCTGACCGTCTCTGGGCTCCAGGCTGAGGATGAGGCTGATTATTACTGCAGCTCATATGCAGGCAGCAACAATTTC,False,,,,TCTCTAAGCCCAGGCCCAAGTGAGGGTGGGGTGAGAAGAGGAGCTCAGGATGCAGATTTGCATGGAGGTCCCGCCCTTCTCTGAGGCAGAGGGGATAAGACAGGGCTGGGGGCAGGCCCAGTGCTGGGGTCTCAGGAGGCAGCGCTCTCAGGACGTCACCACCATGGCCTGGGCTCTGCTCCTCCTCACCCTCCTCACTCAGGGCACAGGTGATGCCTCCAGGGAAGGGGCCACAGGGACCTCTGGGCTGATCCTTGGTCTCCTGCTCCTCAGGCTCACCTGGGCCCAGCACTGACTCACTAGACTGTGTTTCTCCCTTTCCAGGGTCCTGGGCCCAGTCTGCCCTGACTCAGCCTCCCTCCGCGTCCGGGTCTCCTGGACAGTCAGTCACCATCTCCTGCACTGGAACCAGCAGTGACGTTGGTGGTTATAACTATGTCTCCTGGTACCAACAGCACCCAGGCAAAGCCCCCAAACTCATGATTTATGAGGTCAGTAAGCGGCCCTCAGGGGTCCCTGATCGCTTCTCTGGCTCCAAGTCTGGCAACACGGCCTCCCTGACCGTCTCTGGGCTCCAGGCTGAGGATGAGGCTGATTATTACTGCAGCTCATATGCAGGCAGCAACAATTTCCACAGTGTTTTAAGTCAATGAGGAAGTAAGATCAAAACC,671M,ATGGCCTGGGCTCTGCTCCTCCTCACCCTCCTCACTCAGGGCACAG,46M,GTGATGCCTCCAGGGAAGGGGCCACAGGGACCTCTGGGCTGATCCTTGGTCTCCTGCTCCTCAGGCTCACCTGGGCCCAGCACTGACTCACTAGACTGTGTTTCTCCCTTTCCAG,115M,GGTCCTGGGCC,11M,CAGTCTGCCCTGACTCAGCCTCCCTCCGCGTCCGGGTCTCCTGGACAGTCAGTCACCATCTCCTGCACTGGAACCAGCAGTGACGTTGGTGGTTATAACTATGTCTCCTGGTACCAACAGCACCCAGGCAAAGCCCCCAAACTCATGATTTATGAGGTCAGTAAGCGGCCCTCAGGGGTCCCTGATCGCTTCTCTGGCTCCAAGTCTGGCAACACGGCCTCCCTGACCGTCTCTGGGCTCCAGGCTGAGGATGAGGCTGATTATTACTGCAGCTCATATGCAGGCAGCAACAATTTC,297M,CAGTCTGCCCTGACTCAGCCTCCCTCC...GCGTCCGGGTCTCCTGGACAGTCAGTCACCATCTCCTGCACTGGAACCAGCAGTGACGTTGGT.........GGTTATAACTATGTCTCCTGGTACCAACAGCACCCAGGCAAAGCCCCCAAACTCATGATTTATGAGGTC.....................AGTAAGCGGCCCTCAGGGGTCCCT...GATCGCTTCTCTGGCTCCAAG......TCTGGCAACACGGCCTCCCTGACCGTCTCTGGGCTCCAGGCTGAGGATGAGGCTGATTATTACTGCAGCTCATATGCAGGCAGCAACAATTTC,,CACAGTG,7M,TTTTAAGTCAATGAGGAAGTAAG,23M,ATCAAAACC,9M,,,,,,,,,,,,,,,,,,,,,,
Pangenome-HG02572.1,Pangenome,HG02572.1,1,0,IGLV4-3,,IGLV4-3*01,IGLV4-3*01,100.0,CTGCCTGTGCTGACTCAGCCCCCGTCTGCATCTGCCTTGCTGGGAGCCTCGATCAAGCTCACCTGCACCCTAAGCAGTGAGCACAGCACCTACACCATCGAATGGTATCAACAGAGACCAGGGAGGTCCCCCCAGTATATAATGAAGGTTAAGAGTGATGGCAGCCACAGCAAGGGGGACGGGATCCCCGATCGCTTCATGGGCTCCAGTTCTGGGGCTGACCGCTACCTCACCTTCTCCAACCTCCAGTCTGACGATGAGGCTGAGTATCACTGTGGAGAGAGCCACACGATTGATGGCCAAGTCGGTTGAGC,False,,,,CTCGAATAGAGCTCTTGGAAGTCCCTCCAACCATGGCCTGGGTCTCCTTCTACCTACTGCCCTTCATTTTCTCCACAGGTCAGAACATCCCAGGGAATTCAGGGAAATGTTTTCACTGCTATTTTCCCATGAGCACCAGTCCTCAGGGGCATTCTTTCCAGTTCTTCTGTGCATTCAGCATCATTCATGACATTCTGTTTACAGGTCTCTGTGCTCTGCCTGTGCTGACTCAGCCCCCGTCTGCATCTGCCTTGCTGGGAGCCTCGATCAAGCTCACCTGCACCCTAAGCAGTGAGCACAGCACCTACACCATCGAATGGTATCAACAGAGACCAGGGAGGTCCCCCCAGTATATAATGAAGGTTAAGAGTGATGGCAGCCACAGCAAGGGGGACGGGATCCCCGATCGCTTCATGGGCTCCAGTTCTGGGGCTGACCGCTACCTCACCTTCTCCAACCTCCAGTCTGACGATGAGGCTGAGTATCACTGTGGAGAGAGCCACACGATTGATGGCCAAGTCGGTTGAGCCACAGTGACACAGATGAAGGGGAAGTGAGGCCAAAACCT,568M,ATGGCCTGGGTCTCCTTCTACCTACTGCCCTTCATTTTCTCCACAG,46M,GTCAGAACATCCCAGGGAATTCAGGGAAATGTTTTCACTGCTATTTTCCCATGAGCACCAGTCCTCAGGGGCATTCTTTCCAGTTCTTCTGTGCATTCAGCATCATTCATGACATTCTGTTTACAG,126M,GTCTCTGTGCT,11M,CTGCCTGTGCTGACTCAGCCCCCGTCTGCATCTGCCTTGCTGGGAGCCTCGATCAAGCTCACCTGCACCCTAAGCAGTGAGCACAGCACCTACACCATCGAATGGTATCAACAGAGACCAGGGAGGTCCCCCCAGTATATAATGAAGGTTAAGAGTGATGGCAGCCACAGCAAGGGGGACGGGATCCCCGATCGCTTCATGGGCTCCAGTTCTGGGGCTGACCGCTACCTCACCTTCTCCAACCTCCAGTCTGACGATGAGGCTGAGTATCACTGTGGAGAGAGCCACACGATTGATGGCCAAGTCGGTTGAGC,314M,CTGCCTGTGCTGACTCAGCCCCCGTCT...GCATCTGCCTTGCTGGGAGCCTCGATCAAGCTCACCTGCACCCTAAGCAGTGAGCACAGC...............ACCTACACCATCGAATGGTATCAACAGAGACCAGGGAGGTCCCCCCAGTATATAATGAAGGTTAAGAGTGAT.........GGCAGCCACAGCAAGGGGGACGGGATCCCC...GATCGCTTCATGGGCTCCAGT......TCTGGGGCTGACCGCTACCTCACCTTCTCCAACCTCCAGTCTGACGATGAGGCTGAGTATCACTGTGGAGAGAGCCACACGATTGATGGCCAAGTCGGTTGAGC,,CACAGTG,7M,ACACAGATGAAGGGGAAGTGAGG,23M,CCAAAACCT,9M,,,,,,,,,,,,,,,,,,,,,,
Pangenome-HG02572.1,Pangenome,HG02572.1,1,0,IGLV3-1,,IGLV3-1*01,IGLV3-1*01,100.0,TCCTATGAGCTGACTCAGCCACCCTCAGTGTCCGTGTCCCCAGGACAGACAGCCAGCATCACCTGCTCTGGAGATAAATTGGGGGATAAATATGCTTGCTGGTATCAGCAGAAGCCAGGCCAGTCCCCTGTGCTGGTCATCTATCAAGATAGCAAGCGGCCCTCAGGGATCCCTGAGCGATTCTCTGGCTCCAACTCTGGGAACACAGCCACTCTGACCATCAGCGGGACCCAGGCTATGGATGAGGCTGACTATTACTGTCAGGCGTGGGACAGCAGCACTGCA,False,,,,AAGAACCTGCCCAGCCTGGGCCTCAGGAAGCAGCATCGGAGGTGCCTCAGCCATGGCATGGATCCCTCTCTTCCTCGGCGTCCTTGCTTACTGCACAGGTGCTGCCCCTAGGGTCCTAGCCACTGGTCCAGTCCCAGGGCTCTGGGTCCAGCCTGGCCCTGACTCTGAGCTCAGCAGGGCCCCCGCCTGTGGTGGGCAGGATGCTCATGACCCTGCTGCAGGTGGATGGGCTCGGCGGGGCTGAAATCCCCCCACACAGTGCTCATGTGCTCACACTGCCTTAGGGCTCTTTCATCCCTGGATCTGTGTCCAGGCCAGGCACGTGGGAAGATTTACTTGGAGTTCAGCTCCTCAGTTTCAAGCCTTTTCTCTCCCGTTTTCTCTCCTGTAGGATCCGTGGCCTCCTATGAGCTGACTCAGCCACCCTCAGTGTCCGTGTCCCCAGGACAGACAGCCAGCATCACCTGCTCTGGAGATAAATTGGGGGATAAATATGCTTGCTGGTATCAGCAGAAGCCAGGCCAGTCCCCTGTGCTGGTCATCTATCAAGATAGCAAGCGGCCCTCAGGGATCCCTGAGCGATTCTCTGGCTCCAACTCTGGGAACACAGCCACTCTGACCATCAGCGGGACCCAGGCTATGGATGAGGCTGACTATTACTGTCAGGCGTGGGACAGCAGCACTGCACACAGTGACACAGGCAGATGCGGAAGTGAGACAGAAACC,726M,ATGGCATGGATCCCTCTCTTCCTCGGCGTCCTTGCTTACTGCACAG,46M,GTGCTGCCCCTAGGGTCCTAGCCACTGGTCCAGTCCCAGGGCTCTGGGTCCAGCCTGGCCCTGACTCTGAGCTCAGCAGGGCCCCCGCCTGTGGTGGGCAGGATGCTCATGACCCTGCTGCAGGTGGATGGGCTCGGCGGGGCTGAAATCCCCCCACACAGTGCTCATGTGCTCACACTGCCTTAGGGCTCTTTCATCCCTGGATCTGTGTCCAGGCCAGGCACGTGGGAAGATTTACTTGGAGTTCAGCTCCTCAGTTTCAAGCCTTTTCTCTCCCGTTTTCTCTCCTGTAG,293M,GATCCGTGGCC,11M,TCCTATGAGCTGACTCAGCCACCCTCAGTGTCCGTGTCCCCAGGACAGACAGCCAGCATCACCTGCTCTGGAGATAAATTGGGGGATAAATATGCTTGCTGGTATCAGCAGAAGCCAGGCCAGTCCCCTGTGCTGGTCATCTATCAAGATAGCAAGCGGCCCTCAGGGATCCCTGAGCGATTCTCTGGCTCCAACTCTGGGAACACAGCCACTCTGACCATCAGCGGGACCCAGGCTATGGATGAGGCTGACTATTACTGTCAGGCGTGGGACAGCAGCACTGCA,285M,TCCTATGAGCTGACTCAGCCACCCTCA...GTGTCCGTGTCCCCAGGACAGACAGCCAGCATCACCTGCTCTGGAGATAAATTGGGG..................GATAAATATGCTTGCTGGTATCAGCAGAAGCCAGGCCAGTCCCCTGTGCTGGTCATCTATCAAGAT.....................AGCAAGCGGCCCTCAGGGATCCCT...GAGCGATTCTCTGGCTCCAAC......TCTGGGAACACAGCCACTCTGACCATCAGCGGGACCCAGGCTATGGATGAGGCTGACTATTACTGTCAGGCGTGGGACAGCAGCACTGCA,,CACAGTG,7M,ACACAGGCAGATGCGGAAGTGAG,23M,ACAGAAACC,9M,,,,,,,,,,,,,,,,,,,,,,
Pangenome-HG02572.1,Pangenome,HG02572.1,1,0,IGLJ7,,IGLJ7*01,IGLJ7*01,100.0,TGCTGTGTTCGGAGGAGGCACCCAGCTGACCGTCCTCG,,,,,GGTTTGTGTGTGGGGCTGTGTCACTGTGTGCTGTGTTCGGAGGAGGCACCCAGCTGACCGTCCTCG,66M,,,,,,,,,,,,,,,,,,,,,,,,,,,,,,,GGTTTGTGT,9M,GTGGGGCTGTGT,12M,CACTGTG,7M,TGCTGTGTTCGGAGGAGGCACCCAGCTGACCGTCCTCG,38M
Pangenome-HG02572.1,Pangenome,HG02572.1,1,0,IGLJ6,,IGLJ6*01,IGLJ6*01,100.0,TAATGTGTTCGGCAGTGGCACCAAGGTGACCGTCCTCG,,,,,GGTTTGTGTGCAGGGTTATATCACAGTGTAATGTGTTCGGCAGTGGCACCAAGGTGACCGTCCTCG,66M,,,,,,,,,,,,,,,,,,,,,,,,,,,,,,,GGTTTGTGT,9M,GCAGGGTTATAT,12M,CACAGTG,7M,TAATGTGTTCGGCAGTGGCACCAAGGTGACCGTCCTCG,38M
Pangenome-HG02572.1,Pangenome,HG02572.1,1,0,IGLJ5,,IGLJ5*01,IGLJ5*01,100.0,CTGGGTGTTTGGTGAGGGGACCGAGCTGACCGTCCTAG,,,,,GGTTTTTGTATGAGCCTGTGTCACAGCACTGGGTGTTTGGTGAGGGGACCGAGCTGACCGTCCTAG,66M,,,,,,,,,,,,,,,,,,,,,,,,,,,,,,,GGTTTTTGT,9M,ATGAGCCTGTGT,12M,CACAGCA,7M,CTGGGTGTTTGGTGAGGGGACCGAGCTGACCGTCCTAG,38M
Pangenome-HG02572.1,Pangenome,HG02572.1,1,0,IGLJ4,,IGLJ4*01,IGLJ4*01,100.0,TTTTGTATTTGGTGGAGGAACCCAGCTGATCATTTTAG,,,,,AGTTTTTGTATGAACCTGTGTCACCGCATTTTGTATTTGGTGGAGGAACCCAGCTGATCATTTTAG,66M,,,,,,,,,,,,,,,,,,,,,,,,,,,,,,,AGTTTTTGT,9M,ATGAACCTGTGT,12M,CACCGCA,7M,TTTTGTATTTGGTGGAGGAACCCAGCTGATCATTTTAG,38M
Pangenome-HG02572.1,Pangenome,HG02572.1,1,0,IGLJ3,,IGLJ3*02,IGLJ3*02,100.0,TTGGGTGTTCGGCGGAGGGACCAAGCTGACCGTCCTAG,,,,,GGTTTTTGTATGAGCCTGTGTCACAGTGTTGGGTGTTCGGCGGAGGGACCAAGCTGACCGTCCTAG,66M,,,,,,,,,,,,,,,,,,,,,,,,,,,,,,,GGTTTTTGT,9M,ATGAGCCTGTGT,12M,CACAGTG,7M,TTGGGTGTTCGGCGGAGGGACCAAGCTGACCGTCCTAG,38M
Pangenome-HG02572.1,Pangenome,HG02572.1,1,0,IGLJ2,,IGLJ2*01,IGLJ2*01,100.0,TGTGGTATTCGGCGGAGGGACCAAGCTGACCGTCCTAG,,,,,GGTTTTTGTATGAGCCTGTGTCACAGTGTGTGGTATTCGGCGGAGGGACCAAGCTGACCGTCCTAG,66M,,,,,,,,,,,,,,,,,,,,,,,,,,,,,,,GGTTTTTGT,9M,ATGAGCCTGTGT,12M,CACAGTG,7M,TGTGGTATTCGGCGGAGGGACCAAGCTGACCGTCCTAG,38M
Pangenome-HG02572.1,Pangenome,HG02572.1,1,0,IGLJ1,,IGLJ1*01,IGLJ1*01,100.0,TTATGTCTTCGGAACTGGGACCAAGGTCACCGTCCTAG,,,,,GGTTTTGGTCTGAGCCTCAGTCACTGTGTTATGTCTTCGGAACTGGGACCAAGGTCACCGTCCTAG,66M,,,,,,,,,,,,,,,,,,,,,,,,,,,,,,,GGTTTTGGT,9M,CTGAGCCTCAGT,12M,CACTGTG,7M,TTATGTCTTCGGAACTGGGACCAAGGTCACCGTCCTAG,38M
