"subject"	"gene"	"IGHJ6_02"	"IGHJ6_04"	"alleles"	"proirs_row"	"proirs_col"	"counts1"	"k1"	"counts2"	"k2"	"counts3"	"k3"	"counts4"	"k4"
"P6_I82_S1"	"IGHV4-34"	"01_02"	"01_02"	"01_02"	"0.51,0.49"	"1"	"258,795"	"200.360778623433"	NA	NA	NA	NA	NA	NA
"P6_I82_S1"	"IGHV1-46"	"01"	"01"	"01"	"0.51,0.49"	"1"	"190,106"	"125.255986451067"	NA	NA	NA	NA	NA	NA
"P6_I82_S1"	"IGHV1-18"	"01"	"01"	"01"	"0.51,0.49"	"1"	"258,296"	"35.2378446404808"	NA	NA	NA	NA	NA	NA
"P6_I82_S1"	"IGHV3-53"	"01_02"	"01_02"	"01_02"	"0.51,0.49"	"1"	"25,27"	"34.6576625088712"	NA	NA	NA	NA	NA	NA
"P6_I82_S1"	"IGHV3-23"	"01_04"	"01_04"	"01_04"	"0.51,0.49"	"1"	"263,128"	"141.551971388391"	NA	NA	NA	NA	NA	NA
"P6_I82_S1"	"IGHV4-59"	"02_G88A"	"02_G88A"	"02_G88A"	"0.51,0.49"	"1"	"154,219"	"197.442522219531"	NA	NA	NA	NA	NA	NA
"P6_I82_S1"	"IGHV1-69"	"01_12_13,06_14"	"01_12_13,06_14"	"01_12_13,06_14"	"0.51,0.49"	"0.53,0.47"	"383,287"	"37.7120733039012"	"173,180"	"241.914793795105"	NA	NA	NA	NA
"P6_I82_S1"	"IGHV1-2"	"02"	"04"	"02,04"	"0.51,0.49"	"0.73,0.27"	"305,15"	"62.6494457477269"	"3,159"	"43.2925272597109"	NA	NA	NA	NA
"P6_I82_S1"	"IGHV4-31"	"02"	"01"	"01,02"	"0.51,0.49"	"0.12,0.88"	"0,4"	"1.2185784992495"	"194,3"	"50.9667134073925"	NA	NA	NA	NA
"P6_I82_S1"	"IGHV5-51"	"07_A128G"	"07_A128G"	"07_A128G"	"0.51,0.49"	"1"	"294,253"	"34.5052605972131"	NA	NA	NA	NA	NA	NA
"P6_I82_S1"	"IGHV3-21"	"01_02"	"01_02"	"01_02"	"0.51,0.49"	"1"	"192,124"	"155.272170575271"	NA	NA	NA	NA	NA	NA
"P6_I82_S1"	"IGHV3-30"	"NR"	"NR"	NA	NA	NA	NA	NA	NA	NA	NA	NA	NA	NA
"P6_I82_S1"	"IGHV3-33"	"01"	"01"	"01"	"0.51,0.49"	"1"	"88,144"	"107.079571200413"	NA	NA	NA	NA	NA	NA
"P6_I82_S1"	"IGHV4-39"	"02_C258G"	"Unk"	"02_C258G"	"0.51,0.49"	"1"	"72,12"	"0.4117838737477"	NA	NA	NA	NA	NA	NA
"P6_I82_S1"	"IGHV4-61"	"01"	"01"	"01"	"0.51,0.49"	"1"	"27,37"	"35.0418616510519"	NA	NA	NA	NA	NA	NA
"P6_I82_S1"	"IGHV1-8"	"01"	"01"	"01"	"0.51,0.49"	"1"	"213,200"	"278.378631245772"	NA	NA	NA	NA	NA	NA
"P6_I82_S1"	"IGHV3-9"	"01"	"01"	"01"	"0.51,0.49"	"1"	"73,97"	"95.6680281393112"	NA	NA	NA	NA	NA	NA
"P6_I82_S1"	"IGHV3-11"	"01"	"01"	"01"	"0.51,0.49"	"1"	"68,46"	"58.5332203057631"	NA	NA	NA	NA	NA	NA
"P6_I82_S1"	"IGHV2-26"	"01"	"01"	"01"	"0.51,0.49"	"1"	"10,3"	"2.20904346060651"	NA	NA	NA	NA	NA	NA
"P6_I82_S1"	"IGHV3-48"	"01"	"03"	"01,03"	"0.51,0.49"	"0.5,0.5"	"224,3"	"59.6366737663054"	"12,83"	"4.70163151760055"	NA	NA	NA	NA
"P6_I82_S1"	"IGHV4-4"	"07"	"02_03"	"02_03,07"	"0.51,0.49"	"0.39,0.61"	"1,51"	"13.8215531702789"	"59,5"	"8.552538294344"	NA	NA	NA	NA
"P6_I82_S1"	"IGHV3-43D"	"Del"	"04"	"04"	"0.51,0.49"	"1"	"0,13"	"3.96038012256087"	NA	NA	NA	NA	NA	NA
"P6_I82_S1"	"IGHV1-24"	"01"	"01"	"01"	"0.51,0.49"	"1"	"17,21"	"22.7629486965278"	NA	NA	NA	NA	NA	NA
"P6_I82_S1"	"IGHV3-7"	"01"	"01"	"01"	"0.51,0.49"	"1"	"66,35"	"40.414773424351"	NA	NA	NA	NA	NA	NA
"P6_I82_S1"	"IGHV4-38-2"	"Del"	"02_A70G"	"02_A70G"	"0.51,0.49"	"1"	"2,33"	"6.62262722850394"	NA	NA	NA	NA	NA	NA
"P6_I82_S1"	"IGHV2-70"	"11_15"	"01"	"01,11_15"	"0.51,0.49"	"0.38,0.62"	"1,21"	"4.68221442590766"	"21,0"	"6.06897225123902"	NA	NA	NA	NA
"P6_I82_S1"	"IGHV3-15"	"01_02"	"01_02"	"01_02"	"0.51,0.49"	"1"	"33,32"	"44.8526995722444"	NA	NA	NA	NA	NA	NA
"P6_I82_S1"	"IGHV3-72"	"01"	"01"	"01"	"0.51,0.49"	"1"	"4,7"	"4.72877840692223"	NA	NA	NA	NA	NA	NA
"P6_I82_S1"	"IGHV4-30-4"	"Del"	"Del"	NA	NA	NA	NA	NA	NA	NA	NA	NA	NA	NA
"P6_I82_S1"	"IGHV3-13"	"01"	"01"	"01"	"0.51,0.49"	"1"	"19,24"	"25.2796602123951"	NA	NA	NA	NA	NA	NA
"P6_I82_S1"	"IGHV1-3"	"Del"	"01_05"	"01_05"	"0.51,0.49"	"1"	"0,69"	"21.0204791120539"	NA	NA	NA	NA	NA	NA
"P6_I82_S1"	"IGHV2-5"	"01"	"02"	"01,02"	"0.51,0.49"	"0.31,0.69"	"4,0"	"1.15599471452172"	"0,7"	"2.13251237368662"	NA	NA	NA	NA
"P6_I82_S1"	"IGHV3-74"	"01_02"	"01_02"	"01_02"	"0.51,0.49"	"0.57,0.43"	"33,35"	"45.9430870715899"	NA	NA	NA	NA	NA	NA
"P6_I82_S1"	"IGHV3-49"	"03_05"	"04"	"03_05,04"	"0.51,0.49"	"0.58,0.42"	"10,0"	"2.88998678630429"	"0,8"	"2.437156998499"	NA	NA	NA	NA
"P6_I82_S1"	"IGHV6-1"	"01_02"	"01_02"	"01_02"	"0.51,0.49"	"1"	"9,22"	"8.73572251049768"	NA	NA	NA	NA	NA	NA
"P6_I82_S1"	"IGHV3-73"	"01_02"	"01_02"	"01_02"	"0.51,0.49"	"1"	"18,23"	"23.8689821420552"	NA	NA	NA	NA	NA	NA
"P6_I82_S1"	"IGHV1-58"	"01_03"	"01_03"	"01_03"	"0.51,0.49"	"1"	"11,19"	"13.0803017752392"	NA	NA	NA	NA	NA	NA
"P6_I82_S1"	"IGHV3-20"	"01_02"	"01_02,03_04"	"01_02,03_04"	"0.51,0.49"	"0.6,0.4"	"4,2"	"2.24335878341882"	"0,1"	"0.304644624812375"	NA	NA	NA	NA
"P6_I82_S1"	"IGHV3-43"	"01"	"Unk"	"01"	"0.51,0.49"	"1"	"7,0"	"2.02299075041301"	NA	NA	NA	NA	NA	NA
"P6_I82_S1"	"IGHV3-30-3"	"Del"	"Del"	NA	NA	NA	NA	NA	NA	NA	NA	NA	NA	NA
"P6_I82_S1"	"IGHV7-4-1"	"Del"	"Del"	NA	NA	NA	NA	NA	NA	NA	NA	NA	NA	NA
"P6_I82_S1"	"IGHD5-12"	"01"	"01"	"01"	"0.51,0.49"	"1"	"91,122"	"118.927721031742"	NA	NA	NA	NA	NA	NA
"P6_I82_S1"	"IGHD6-13"	"01"	"01"	"01"	"0.51,0.49"	"1"	"182,232"	"241.511177561232"	NA	NA	NA	NA	NA	NA
"P6_I82_S1"	"IGHD3-3"	"01"	"01"	"01"	"0.51,0.49"	"1"	"268,277"	"37.5319921227765"	NA	NA	NA	NA	NA	NA
"P6_I82_S1"	"IGHD2-21"	"01,02"	"01"	"01,02"	"0.51,0.49"	"0.16,0.84"	"3,4"	"3.92738958620714"	"51,8"	"1.14151861838976"	NA	NA	NA	NA
"P6_I82_S1"	"IGHD4-17"	"01"	"01"	"01"	"0.51,0.49"	"1"	"117,190"	"142.810276618458"	NA	NA	NA	NA	NA	NA
"P6_I82_S1"	"IGHD2-15"	"01"	"01"	"01"	"0.51,0.49"	"1"	"143,219"	"178.573972572856"	NA	NA	NA	NA	NA	NA
"P6_I82_S1"	"IGHD3-10"	"01"	"01"	"01"	"0.51,0.49"	"1"	"306,400"	"40.3030894791627"	NA	NA	NA	NA	NA	NA
"P6_I82_S1"	"IGHD2-2"	"02,03"	"02,03"	"02,03"	"0.51,0.49"	"0.54,0.46"	"104,18"	"0.538318903900162"	"25,38"	"31.3065716359351"	NA	NA	NA	NA
"P6_I82_S1"	"IGHD5-24"	"01"	"01"	"01"	"0.51,0.49"	"1"	"58,11"	"1.93452087810804"	NA	NA	NA	NA	NA	NA
"P6_I82_S1"	"IGHD1-1"	"01"	"01"	"01"	"0.51,0.49"	"1"	"14,14"	"19.7494929847577"	NA	NA	NA	NA	NA	NA
"P6_I82_S1"	"IGHD4-23"	"01"	"01"	"01"	"0.51,0.49"	"1"	"49,23"	"24.9316299734251"	NA	NA	NA	NA	NA	NA
"P6_I82_S1"	"IGHD3-22"	"01"	"Del"	"01"	"0.51,0.49"	"1"	"229,6"	"55.9826369125467"	NA	NA	NA	NA	NA	NA
"P6_I82_S1"	"IGHD6-19"	"01"	"01"	"01"	"0.51,0.49"	"1"	"239,162"	"206.276949140511"	NA	NA	NA	NA	NA	NA
"P6_I82_S1"	"IGHD1-26"	"01"	"Del"	"01"	"0.51,0.49"	"1"	"146,22"	"4.8009186026968"	NA	NA	NA	NA	NA	NA
"P6_I82_S1"	"IGHD4-11"	"Del"	"Del"	NA	NA	NA	NA	NA	NA	NA	NA	NA	NA	NA
"P6_I82_S1"	"IGHD5-18"	"Del"	"Del"	NA	NA	NA	NA	NA	NA	NA	NA	NA	NA	NA
"P6_I82_S1"	"IGHD6-6"	"01"	"01"	"01"	"0.51,0.49"	"1"	"111,326"	"91.0866714730615"	NA	NA	NA	NA	NA	NA
"P6_I82_S1"	"IGHD2-8"	"01"	"02"	"01,02"	"0.51,0.49"	"0.41,0.59"	"46,5"	"4.79555547214841"	"3,42"	"7.6491061566631"	NA	NA	NA	NA
"P6_I82_S1"	"IGHD1-7"	"01"	"01"	"01"	"0.51,0.49"	"1"	"38,69"	"44.1617833037302"	NA	NA	NA	NA	NA	NA
"P6_I82_S1"	"IGHD6-25"	"01"	"01"	"01"	"0.51,0.49"	"1"	"12,19"	"14.7956244703914"	NA	NA	NA	NA	NA	NA
"P6_I82_S1"	"IGHD3-16"	"02"	"02"	"02"	"0.51,0.49"	"1"	"75,94"	"100.012607404053"	NA	NA	NA	NA	NA	NA
"P6_I82_S1"	"IGHD3-9"	"01"	"01"	"01"	"0.51,0.49"	"1"	"48,59"	"64.3614565033761"	NA	NA	NA	NA	NA	NA
"P6_I82_S1"	"IGHD1-20"	"01"	"01"	"01"	"0.51,0.49"	"1"	"7,5"	"6.47539299443833"	NA	NA	NA	NA	NA	NA
"P6_I82_S1"	"IGHD7-27"	"01"	"01"	"01"	"0.51,0.49"	"1"	"21,20"	"27.9245627281663"	NA	NA	NA	NA	NA	NA
"P6_I82_S1"	"IGHV1-45"	"Unk"	"Unk"	NA	NA	NA	NA	NA	NA	NA	NA	NA	NA	NA
"P6_I82_S1"	"IGHV3-41"	"Unk"	"Unk"	NA	NA	NA	NA	NA	NA	NA	NA	NA	NA	NA
"P6_I82_S1"	"IGHV4-28"	"Del"	"Del"	NA	NA	NA	NA	NA	NA	NA	NA	NA	NA	NA
"P6_I82_S1"	"IGHV5-10-1"	"Del"	"Del"	NA	NA	NA	NA	NA	NA	NA	NA	NA	NA	NA
"P6_I82_S1"	"IGHV8-51-1"	"Unk"	"Unk"	NA	NA	NA	NA	NA	NA	NA	NA	NA	NA	NA
"P6_I82_S1"	"IGHV1-69-2"	"Del"	"Del"	NA	NA	NA	NA	NA	NA	NA	NA	NA	NA	NA
"P6_I82_S1"	"IGHV2-70D"	"Del"	"Del"	NA	NA	NA	NA	NA	NA	NA	NA	NA	NA	NA
"P6_I82_S1"	"IGHV3-30-5"	"Unk"	"Unk"	NA	NA	NA	NA	NA	NA	NA	NA	NA	NA	NA
"P6_I82_S1"	"IGHV3-64"	"Del"	"Del"	NA	NA	NA	NA	NA	NA	NA	NA	NA	NA	NA
"P6_I82_S1"	"IGHV3-64D"	"Del"	"Del"	NA	NA	NA	NA	NA	NA	NA	NA	NA	NA	NA
"P6_I82_S1"	"IGHV3-66"	"Del"	"Del"	NA	NA	NA	NA	NA	NA	NA	NA	NA	NA	NA
"P6_I82_S1"	"IGHV4-30-2"	"Del"	"Del"	NA	NA	NA	NA	NA	NA	NA	NA	NA	NA	NA
"P6_I82_S1"	"IGHD4-4"	"Unk"	"Unk"	NA	NA	NA	NA	NA	NA	NA	NA	NA	NA	NA
"P6_I82_S1"	"IGHD5-5"	"Unk"	"Unk"	NA	NA	NA	NA	NA	NA	NA	NA	NA	NA	NA
