"subject"	"gene"	"IGKJ2_01"	"IGKJ2_04"	"alleles"	"proirs_row"	"proirs_col"	"counts1"	"k1"	"counts2"	"k2"	"counts3"	"k3"	"counts4"	"k4"
"P11_I1_S1"	"IGKV1-5"	"01"	"03_G171A"	"01,03_G171A"	"0.67,0.33"	"0.71,0.29"	"250,6"	"33.7541048257422"	"8,81"	"23.6467279553853"	NA	NA	NA	NA
"P11_I1_S1"	"IGKV1E-39"	"01"	"01"	"01"	"0.67,0.33"	"1"	"211,94"	"107.707567364322"	NA	NA	NA	NA	NA	NA
"P11_I1_S1"	"IGKV2E-28"	"01,01_C142A"	"01_C142A"	"01,01_C142A"	"0.67,0.33"	"0.6,0.4"	"109,7"	"8.00315963774563"	"12,40"	"3.07351189114362"	NA	NA	NA	NA
"P11_I1_S1"	"IGKV3-15"	"01"	"01"	"01"	"0.67,0.33"	"1"	"172,105"	"131.251923153063"	NA	NA	NA	NA	NA	NA
"P11_I1_S1"	"IGKV1E-33"	"01"	"01"	"01"	"0.67,0.33"	"1"	"91,62"	"79.3153525689051"	NA	NA	NA	NA	NA	NA
"P11_I1_S1"	"IGKV3-20"	"01"	"01"	"01"	"0.67,0.33"	"1"	"157,73"	"84.8238721576996"	NA	NA	NA	NA	NA	NA
"P11_I1_S1"	"IGKV3-11"	"01"	"01"	"01"	"0.67,0.33"	"1"	"188,107"	"131.566392694924"	NA	NA	NA	NA	NA	NA
"P11_I1_S1"	"IGKV4-1"	"01_A318G"	"01"	"01,01_A318G"	"0.67,0.33"	"0.49,0.51"	"13,76"	"12.1193321579021"	"149,2"	"22.5309229780708"	NA	NA	NA	NA
"P11_I1_S1"	"IGKV1-8"	"01"	"01_G12A_T31C"	"01,01_G12A_T31C"	"0.67,0.33"	"0.45,0.55"	"13,0"	"2.23300829142188"	"1,9"	"2.42379738335262"	NA	NA	NA	NA
"P11_I1_S1"	"IGKV1E-12"	"01,03"	"01"	"01,03"	"0.67,0.33"	"0.83,0.17"	"20,3"	"1.15878378707486"	"3,0"	"0.515309605712742"	NA	NA	NA	NA
"P11_I1_S1"	"IGKV1-27"	"01,01_T231C"	"01_T231C"	"01,01_T231C"	"0.67,0.33"	"0.57,0.43"	"10,0"	"1.71769868570914"	"1,3"	"0.413768542356944"	NA	NA	NA	NA
"P11_I1_S1"	"IGKV2-30"	"01"	"02"	"01,02"	"0.67,0.33"	"0.52,0.48"	"30,1"	"3.62170233762971"	"2,16"	"3.90173945813539"	NA	NA	NA	NA
"P11_I1_S1"	"IGKV2D-29"	"01,02"	"02"	"01,02"	"0.67,0.33"	"0.423,0.486,0.092"	"13,0"	"2.23300829142188"	"2,4"	"1.77339239328374"	NA	NA	NA	NA
"P11_I1_S1"	"IGKV6E-21"	"01,03"	"01,02"	"01,02,03"	"0.67,0.33"	"0.31,0.48,0.21"	"3,1"	"1.01608411378497"	"0,2"	"0.945855308569856"	"1,0"	"0.171769868570914"	NA	NA
"P11_I1_S1"	"IGKV3D-15"	"01"	"01"	"01"	"0.67,0.33"	"1"	"15,4"	"3.54902684942715"	NA	NA	NA	NA	NA	NA
"P11_I1_S1"	"IGKV1-17"	"01,03"	"Unk"	"01,03"	"0.67,0.33"	"0.63,0.37"	"16,1"	"1.21692417763691"	"2,0"	"0.343539737141828"	NA	NA	NA	NA
"P11_I1_S1"	"IGKV1-9"	"01"	"01"	"01"	"0.67,0.33"	"1"	"28,11"	"12.0357745944893"	NA	NA	NA	NA	NA	NA
"P11_I1_S1"	"IGKV2-29"	"Del"	"02"	"02"	"0.67,0.33"	"1"	"1,35"	"14.7199163947608"	NA	NA	NA	NA	NA	NA
"P11_I1_S1"	"IGKV1E-13"	"03"	"02,03"	"02,03"	"0.67,0.33"	"0.46,0.54"	"0,3"	"1.41878296285478"	"1,2"	"0.886696196641872"	NA	NA	NA	NA
"P11_I1_S1"	"IGKV3-7"	"04"	"04"	"04"	"0.67,0.33"	"1"	"1,1"	"1.3596238509268"	NA	NA	NA	NA	NA	NA
"P11_I1_S1"	"IGKV1-16"	"01,02"	"01,02"	"01,02"	"0.67,0.33"	"0.14,0.86"	"4,1"	"0.844314245214058"	"15,2"	"0.486239410431718"	NA	NA	NA	NA
"P11_I1_S1"	"IGKV3D-20"	"01"	"01"	"01"	"0.67,0.33"	"1"	"5,2"	"2.20393809614086"	NA	NA	NA	NA	NA	NA
"P11_I1_S1"	"IGKV1-6"	"01"	"01"	"01"	"0.67,0.33"	"1"	"9,2"	"1.5168586218572"	NA	NA	NA	NA	NA	NA
"P11_I1_S1"	"IGKV2E-40"	"01"	"01"	"01"	"0.67,0.33"	"1"	"14,3"	"2.18940299850035"	NA	NA	NA	NA	NA	NA
"P11_I1_S1"	"IGKV5-2"	"01_C214T"	"01_C214T"	"01_C214T"	"0.67,0.33"	"1"	"4,2"	"2.37570796471177"	NA	NA	NA	NA	NA	NA
"P11_I1_S1"	"IGKV2-24"	"01"	"Unk"	"01"	"0.67,0.33"	"1"	"9,0"	"1.54592881713823"	NA	NA	NA	NA	NA	NA
"P11_I1_S1"	"IGKV3D-11"	"02,02_T6A_T10A_A15G_T37G_C247T"	"02,02_T6A_T10A_A15G_T37G_C247T"	"02,02_T6A_T10A_A15G_T37G_C247T"	"0.67,0.33"	"0.43,0.57"	"3,1"	"1.01608411378497"	"4,1"	"0.844314245214058"	NA	NA	NA	NA
"P11_I1_S1"	"IGKV1D-8"	"01"	"01"	"01"	"0.67,0.33"	"1"	"10,2"	"1.34508875328629"	NA	NA	NA	NA	NA	NA
"P11_I1_S1"	"IGKV2D-30"	"01"	"Unk"	"01"	"0.67,0.33"	"1"	"2,0"	"0.343539737141828"	NA	NA	NA	NA	NA	NA
"P11_I1_S1"	"IGKV1E-37"	"01"	"01"	"01"	"0.67,0.33"	"1"	"3,2"	"2.54747783328269"	NA	NA	NA	NA	NA	NA
"P11_I1_S1"	"IGKV1D-16"	"01"	"01"	"01"	"0.67,0.33"	"1"	"2,1"	"1.18785398235589"	NA	NA	NA	NA	NA	NA
"P11_I1_S1"	"IGLV1-40"	"Unk"	"Unk"	NA	NA	NA	NA	NA	NA	NA	NA	NA	NA	NA
"P11_I1_S1"	"IGLV2-23"	"Unk"	"Unk"	NA	NA	NA	NA	NA	NA	NA	NA	NA	NA	NA
"P11_I1_S1"	"IGLV3-10"	"Unk"	"Unk"	NA	NA	NA	NA	NA	NA	NA	NA	NA	NA	NA
"P11_I1_S1"	"IGLV3-9"	"Unk"	"Unk"	NA	NA	NA	NA	NA	NA	NA	NA	NA	NA	NA
"P11_I1_S1"	"IGLV4-60"	"Unk"	"Unk"	NA	NA	NA	NA	NA	NA	NA	NA	NA	NA	NA
"P11_I1_S1"	"IGKV1D-17"	"Unk"	"Unk"	NA	NA	NA	NA	NA	NA	NA	NA	NA	NA	NA
"P11_I1_S1"	"IGKV1D-43"	"Unk"	"Unk"	NA	NA	NA	NA	NA	NA	NA	NA	NA	NA	NA
"P11_I1_S1"	"IGKV2D-26"	"Unk"	"Unk"	NA	NA	NA	NA	NA	NA	NA	NA	NA	NA	NA
"P11_I1_S1"	"IGKV3D-7"	"Del"	"Del"	NA	NA	NA	NA	NA	NA	NA	NA	NA	NA	NA
