"subject"	"gene"	"IGHD2-21_01"	"IGHD2-21_02"	"alleles"	"proirs_row"	"proirs_col"	"counts1"	"k1"	"counts2"	"k2"	"counts3"	"k3"	"counts4"	"k4"
"P5_I32_S3"	"IGHV3-21"	"01_02"	"01_02"	"01_02"	"0.37,0.63"	"1"	"16,23"	"20.7138263671661"	NA	NA	NA	NA	NA	NA
"P5_I32_S3"	"IGHV3-30"	"NR"	"NR"	NA	NA	NA	NA	NA	NA	NA	NA	NA	NA	NA
"P5_I32_S3"	"IGHV4-39"	"02_C258G"	"02_C258G"	"02_C258G"	"0.37,0.63"	"1"	"22,37"	"27.4237285992257"	NA	NA	NA	NA	NA	NA
"P5_I32_S3"	"IGHV4-59"	"02_G88A"	"02_G88A"	"02_G88A"	"0.37,0.63"	"1"	"32,38"	"43.0020269194523"	NA	NA	NA	NA	NA	NA
"P5_I32_S3"	"IGHV1-69"	"01_12_13"	"01_12_13,06_14"	"01_12_13,06_14"	"0.37,0.63"	"0.68,0.32"	"7,23"	"6.51624078313615"	"1,28"	"3.93280013858389"	NA	NA	NA	NA
"P5_I32_S3"	"IGHV3-23"	"01_04"	"01_04"	"01_04"	"0.37,0.63"	"1"	"63,75"	"84.623341102708"	NA	NA	NA	NA	NA	NA
"P5_I32_S3"	"IGHV4-61"	"01,02_A234G"	"01,02_A234G"	"01,02_A234G"	"0.37,0.63"	"0.44,0.56"	"1,7"	"0.19993209735652"	"7,10"	"9.07459883395641"	NA	NA	NA	NA
"P5_I32_S3"	"IGHV3-48"	"01"	"03"	"01,03"	"0.37,0.63"	"0.29,0.71"	"10,2"	"0.6530694431746"	"2,47"	"6.09442931890761"	NA	NA	NA	NA
"P5_I32_S3"	"IGHV4-30-4"	"01"	"01"	"01"	"0.37,0.63"	"1"	"8,8"	"11.0457018895731"	NA	NA	NA	NA	NA	NA
"P5_I32_S3"	"IGHV1-2"	"02"	"02"	"02"	"0.37,0.63"	"1"	"12,33"	"12.4358205984192"	NA	NA	NA	NA	NA	NA
"P5_I32_S3"	"IGHV3-30-3"	"NR"	"NR"	NA	NA	NA	NA	NA	NA	NA	NA	NA	NA	NA
"P5_I32_S3"	"IGHV4-30-2"	"Unk"	"01"	"01"	"0.37,0.63"	"1"	"0,13"	"2.55835805082026"	NA	NA	NA	NA	NA	NA
"P5_I32_S3"	"IGHV1-46"	"01,03"	"01"	"01,03"	"0.37,0.63"	"0.77,0.23"	"1,3"	"0.987119189916599"	"1,0"	"0.426811864445985"	NA	NA	NA	NA
"P5_I32_S3"	"IGHV4-4"	"07"	"07"	"07"	"0.37,0.63"	"1"	"10,24"	"11.0519725380061"	NA	NA	NA	NA	NA	NA
"P5_I32_S3"	"IGHV4-34"	"01_02"	"01_02"	"01_02"	"0.37,0.63"	"1"	"17,26"	"21.7009455570827"	NA	NA	NA	NA	NA	NA
"P5_I32_S3"	"IGHV3-11"	"01,06"	"01,06"	"01,06"	"0.37,0.63"	"0.58,0.42"	"6,12"	"7.10349577833971"	"1,8"	"0.00313532421650012"	NA	NA	NA	NA
"P5_I32_S3"	"IGHV3-20"	"03_04"	"Unk"	"03_04"	"0.37,0.63"	"1"	"3,0"	"1.28043559333795"	NA	NA	NA	NA	NA	NA
"P5_I32_S3"	"IGHV1-18"	"01"	"01"	"01"	"0.37,0.63"	"1"	"8,10"	"10.6521083432931"	NA	NA	NA	NA	NA	NA
"P5_I32_S3"	"IGHV4-31"	"02"	"02"	"02"	"0.37,0.63"	"1"	"14,4"	"1.25473230032671"	NA	NA	NA	NA	NA	NA
"P5_I32_S3"	"IGHV3-7"	"01,04"	"04"	"01,04"	"0.37,0.63"	"0.64,0.36"	"18,0"	"7.68261356002772"	"29,18"	"20.1578987426337"	NA	NA	NA	NA
"P5_I32_S3"	"IGHV3-53"	"01_02,04"	"01_02,04"	"01_02,04"	"0.37,0.63"	"0.4,0.6"	"2,1"	"0.953900871750653"	"3,3"	"4.14213820858992"	NA	NA	NA	NA
"P5_I32_S3"	"IGHV1-24"	"01"	"01"	"01"	"0.37,0.63"	"1"	"1,1"	"1.38071273619664"	NA	NA	NA	NA	NA	NA
"P5_I32_S3"	"IGHV3-15"	"01_02"	"01_02"	"01_02"	"0.37,0.63"	"1"	"13,14"	"17.7524687974163"	NA	NA	NA	NA	NA	NA
"P5_I32_S3"	"IGHV6-1"	"01_02"	"01_02"	"01_02"	"0.37,0.63"	"1"	"3,5"	"3.74854466230988"	NA	NA	NA	NA	NA	NA
"P5_I32_S3"	"IGHV3-74"	"Unk"	"01_02,03"	"01_02,03"	"0.37,0.63"	"0.61,0.39"	"1,10"	"0.390458222063539"	"2,19"	"0.584119670987059"	NA	NA	NA	NA
"P5_I32_S3"	"IGHV5-51"	"07_A128G"	"07_A128G"	"07_A128G"	"0.37,0.63"	"1"	"2,5"	"2.17103515297322"	NA	NA	NA	NA	NA	NA
"P5_I32_S3"	"IGHV2-5"	"01,02"	"01,02"	"01,02"	"0.37,0.63"	"0.31,0.69"	"3,1"	"0.527089007304669"	"6,9"	"7.69388609775977"	NA	NA	NA	NA
"P5_I32_S3"	"IGHV3-33"	"01"	"Unk"	"01"	"0.37,0.63"	"1"	"9,1"	"2.03378217937124"	NA	NA	NA	NA	NA	NA
"P5_I32_S3"	"IGHV5-10-1"	"Unk"	"01_03"	"01_03"	"0.37,0.63"	"1"	"0,4"	"0.787187092560079"	NA	NA	NA	NA	NA	NA
"P5_I32_S3"	"IGHV3-9"	"01"	"01"	"01"	"0.37,0.63"	"1"	"5,4"	"5.09603908034057"	NA	NA	NA	NA	NA	NA
"P5_I32_S3"	"IGHV3-43"	"Unk"	"02"	"02"	"0.37,0.63"	"1"	"0,12"	"2.36156127768024"	NA	NA	NA	NA	NA	NA
"P5_I32_S3"	"IGHV1-8"	"01"	"01"	"01"	"0.37,0.63"	"1"	"5,10"	"5.91957981528309"	NA	NA	NA	NA	NA	NA
"P5_I32_S3"	"IGHV3-73"	"01_02"	"01_02"	"01_02"	"0.37,0.63"	"1"	"4,8"	"4.73566385222647"	NA	NA	NA	NA	NA	NA
"P5_I32_S3"	"IGHV3-49"	"Unk"	"03_05,04"	"03_05,04"	"0.37,0.63"	"0.34,0.66"	"0,2"	"0.393593546280039"	"0,7"	"1.37757741198014"	NA	NA	NA	NA
"P5_I32_S3"	"IGHV1-58"	"Unk"	"01_03,02"	"01_03,02"	"0.37,0.63"	"0.8,0.2"	"0,3"	"0.590390319420059"	"0,1"	"0.19679677314002"	NA	NA	NA	NA
"P5_I32_S3"	"IGHV3-64D"	"Unk"	"06"	"06"	"0.37,0.63"	"1"	"1,11"	"0.587254995203559"	NA	NA	NA	NA	NA	NA
"P5_I32_S3"	"IGHV3-66"	"Del"	"Del"	NA	NA	NA	NA	NA	NA	NA	NA	NA	NA	NA
"P5_I32_S3"	"IGHV4-28"	"Del"	"Del"	NA	NA	NA	NA	NA	NA	NA	NA	NA	NA	NA
"P5_I32_S3"	"IGHV3-64"	"02_07"	"Unk"	"02_07"	"0.37,0.63"	"1"	"2,0"	"0.853623728891969"	NA	NA	NA	NA	NA	NA
"P5_I32_S3"	"IGHV2-26"	"Unk"	"01"	"01"	"0.37,0.63"	"1"	"0,1"	"0.19679677314002"	NA	NA	NA	NA	NA	NA
"P5_I32_S3"	"IGHV3-41"	"Unk"	"Unk"	NA	NA	NA	NA	NA	NA	NA	NA	NA	NA	NA
"P5_I32_S3"	"IGHV3-43D"	"Del"	"Del"	NA	NA	NA	NA	NA	NA	NA	NA	NA	NA	NA
"P5_I32_S3"	"IGHV7-4-1"	"Del"	"Del"	NA	NA	NA	NA	NA	NA	NA	NA	NA	NA	NA
"P5_I32_S3"	"IGHV8-51-1"	"Unk"	"Unk"	NA	NA	NA	NA	NA	NA	NA	NA	NA	NA	NA
"P5_I32_S3"	"IGHV1-3"	"Del"	"Del"	NA	NA	NA	NA	NA	NA	NA	NA	NA	NA	NA
"P5_I32_S3"	"IGHV1-45"	"Unk"	"Unk"	NA	NA	NA	NA	NA	NA	NA	NA	NA	NA	NA
"P5_I32_S3"	"IGHV1-69-2"	"Del"	"Del"	NA	NA	NA	NA	NA	NA	NA	NA	NA	NA	NA
"P5_I32_S3"	"IGHV2-70"	"Unk"	"Unk"	NA	NA	NA	NA	NA	NA	NA	NA	NA	NA	NA
"P5_I32_S3"	"IGHV2-70D"	"Del"	"Del"	NA	NA	NA	NA	NA	NA	NA	NA	NA	NA	NA
"P5_I32_S3"	"IGHV3-13"	"Unk"	"Unk"	NA	NA	NA	NA	NA	NA	NA	NA	NA	NA	NA
"P5_I32_S3"	"IGHV3-30-5"	"NR"	"NR"	NA	NA	NA	NA	NA	NA	NA	NA	NA	NA	NA
"P5_I32_S3"	"IGHV3-72"	"Unk"	"Unk"	NA	NA	NA	NA	NA	NA	NA	NA	NA	NA	NA
"P5_I32_S3"	"IGHV4-38-2"	"Del"	"Del"	NA	NA	NA	NA	NA	NA	NA	NA	NA	NA	NA
