"sequence_id","sequences","closest_reference","closest_host","nt_diff","nt_diff_host","nt_substitutions","aa_diff","aa_substitutions","assigned_unmutated_frequency","unmutated_frequency","unmutated_sequences","unmutated_umis","allelic_percentage","unique_js","unique_cdr3s","unique_js_unmutated","unique_cdr3s_unmutated","haplotyping_gene","haplotyping_ratio","nt_sequence","nt_sequence_gapped"
"IGLV10-54*01","1","","","","","","","","100","0.15","1","","100","1","1","1","1","","","CAGGCAGGGCTGACTCAGCCACCCTCGGTGTCCAAGGGCTTGAGACAGACCGCCACACTCACCTGCACTGGGAACAGCAACAATGTTGGCAACCAAGGAGCAGCTTGGCTGCAGCAGCACCAGGGCCACCCTCCCAAACTCCTATCCTACAGGAATAACAACCGGCCCTCAGGGATCTCAGAGAGATTATCTGCATCCAGGTCAGGAAACACAGCCTCCCTGACCATTACTGGACTCCAGCCTGAGGACGAGGCTGACTATTACTGCTCAGCATGGGACAGCAGCCTCAGTGCTCA","CAGGCAGGGCTGACTCAGCCACCCTCG...GTGTCCAAGGGCTTGAGACAGACCGCCACACTCACCTGCACTGGGAACAGCAACAATGTT............GGCAACCAAGGAGCAGCTTGGCTGCAGCAGCACCAGGGCCACCCTCCCAAACTCCTATCCTACAGGAAT.....................AACAACCGGCCCTCAGGGATCTCA...GAGAGATTATCTGCATCCAGG......TCAGGAAACACAGCCTCCCTGACCATTACTGGACTCCAGCCTGAGGACGAGGCTGACTATTACTGCTCAGCATGGGACAGCAGCCTCAGTGCTCA"
"IGLV1-36*01","11","","","","","","","","54.55","0.89","6","","100","2","6","2","4","","","CAGTCTGTGCTGACTCAGCCACCCTCGGTGTCTGAAGCCCCCAGGCAGAGGGTCACCATCTCCTGTTCTGGAAGCAGCTCCAACATCGGAAATAATGCTGTAAACTGGTACCAGCAGCTCCCAGGAAAGGCTCCCAAACTCCTCATCTATTATGATGATCTGCTGCCCTCAGGGGTCTCTGACCGATTCTCTGGCTCCAAGTCTGGCACCTCAGCCTCCCTGGCCATCAGTGGGCTCCAGTCTGAGGATGAGGCTGATTATTACTGTGCAGCATGGGATGACAGCCTGAATGGTCC","CAGTCTGTGCTGACTCAGCCACCCTCG...GTGTCTGAAGCCCCCAGGCAGAGGGTCACCATCTCCTGTTCTGGAAGCAGCTCCAACATC............GGAAATAATGCTGTAAACTGGTACCAGCAGCTCCCAGGAAAGGCTCCCAAACTCCTCATCTATTATGAT.....................GATCTGCTGCCCTCAGGGGTCTCT...GACCGATTCTCTGGCTCCAAG......TCTGGCACCTCAGCCTCCCTGGCCATCAGTGGGCTCCAGTCTGAGGATGAGGCTGATTATTACTGTGCAGCATGGGATGACAGCCTGAATGGTCC"
"IGLV1-40*01","84","","","","","","","","84.52","10.5","71","","100","3","79","3","70","","","CAGTCTGTGCTGACGCAGCCGCCCTCAGTGTCTGGGGCCCCAGGGCAGAGGGTCACCATCTCCTGCACTGGGAGCAGCTCCAACATCGGGGCAGGTTATGATGTACACTGGTACCAGCAGCTTCCAGGAACAGCCCCCAAACTCCTCATCTATGGTAACAGCAATCGGCCCTCAGGGGTCCCTGACCGATTCTCTGGCTCCAAGTCTGGCACCTCAGCCTCCCTGGCCATCACTGGGCTCCAGGCTGAGGATGAGGCTGATTATTACTGCCAGTCCTATGACAGCAGCCTGAGTGGTTC","CAGTCTGTGCTGACGCAGCCGCCCTCA...GTGTCTGGGGCCCCAGGGCAGAGGGTCACCATCTCCTGCACTGGGAGCAGCTCCAACATCGGG.........GCAGGTTATGATGTACACTGGTACCAGCAGCTTCCAGGAACAGCCCCCAAACTCCTCATCTATGGTAAC.....................AGCAATCGGCCCTCAGGGGTCCCT...GACCGATTCTCTGGCTCCAAG......TCTGGCACCTCAGCCTCCCTGGCCATCACTGGGCTCCAGGCTGAGGATGAGGCTGATTATTACTGCCAGTCCTATGACAGCAGCCTGAGTGGTTC"
"IGLV1-44*01","77","","","","","","","","57.14","6.51","44","","100","2","55","2","39","","","CAGTCTGTGCTGACTCAGCCACCCTCAGCGTCTGGGACCCCCGGGCAGAGGGTCACCATCTCTTGTTCTGGAAGCAGCTCCAACATCGGAAGTAATACTGTAAACTGGTACCAGCAGCTCCCAGGAACGGCCCCCAAACTCCTCATCTATAGTAATAATCAGCGGCCCTCAGGGGTCCCTGACCGATTCTCTGGCTCCAAGTCTGGCACCTCAGCCTCCCTGGCCATCAGTGGGCTCCAGTCTGAGGATGAGGCTGATTATTACTGTGCAGCATGGGATGACAGCCTGAATGGTCC","CAGTCTGTGCTGACTCAGCCACCCTCA...GCGTCTGGGACCCCCGGGCAGAGGGTCACCATCTCTTGTTCTGGAAGCAGCTCCAACATC............GGAAGTAATACTGTAAACTGGTACCAGCAGCTCCCAGGAACGGCCCCCAAACTCCTCATCTATAGTAAT.....................AATCAGCGGCCCTCAGGGGTCCCT...GACCGATTCTCTGGCTCCAAG......TCTGGCACCTCAGCCTCCCTGGCCATCAGTGGGCTCCAGTCTGAGGATGAGGCTGATTATTACTGTGCAGCATGGGATGACAGCCTGAATGGTCC"
"IGLV1-47*01","35","","","","","","","","54.29","2.81","19","","76","3","23","3","17","","","CAGTCTGTGCTGACTCAGCCACCCTCAGCGTCTGGGACCCCCGGGCAGAGGGTCACCATCTCTTGTTCTGGAAGCAGCTCCAACATCGGAAGTAATTATGTATACTGGTACCAGCAGCTCCCAGGAACGGCCCCCAAACTCCTCATCTATAGGAATAATCAGCGGCCCTCAGGGGTCCCTGACCGATTCTCTGGCTCCAAGTCTGGCACCTCAGCCTCCCTGGCCATCAGTGGGCTCCGGTCCGAGGATGAGGCTGATTATTACTGTGCAGCATGGGATGACAGCCTGAGTGGTCC","CAGTCTGTGCTGACTCAGCCACCCTCA...GCGTCTGGGACCCCCGGGCAGAGGGTCACCATCTCTTGTTCTGGAAGCAGCTCCAACATC............GGAAGTAATTATGTATACTGGTACCAGCAGCTCCCAGGAACGGCCCCCAAACTCCTCATCTATAGGAAT.....................AATCAGCGGCCCTCAGGGGTCCCT...GACCGATTCTCTGGCTCCAAG......TCTGGCACCTCAGCCTCCCTGGCCATCAGTGGGCTCCGGTCCGAGGATGAGGCTGATTATTACTGTGCAGCATGGGATGACAGCCTGAGTGGTCC"
"IGLV1-47*02","11","","","","","","","","72.73","1.18","8","","24","2","10","1","7","","","CAGTCTGTGCTGACTCAGCCACCCTCAGCGTCTGGGACCCCCGGGCAGAGGGTCACCATCTCTTGTTCTGGAAGCAGCTCCAACATCGGAAGTAATTATGTATACTGGTACCAGCAGCTCCCAGGAACGGCCCCCAAACTCCTCATCTATAGTAATAATCAGCGGCCCTCAGGGGTCCCTGACCGATTCTCTGGCTCCAAGTCTGGCACCTCAGCCTCCCTGGCCATCAGTGGGCTCCGGTCCGAGGATGAGGCTGATTATTACTGTGCAGCATGGGATGACAGCCTGAGTGGTCC","CAGTCTGTGCTGACTCAGCCACCCTCA...GCGTCTGGGACCCCCGGGCAGAGGGTCACCATCTCTTGTTCTGGAAGCAGCTCCAACATC............GGAAGTAATTATGTATACTGGTACCAGCAGCTCCCAGGAACGGCCCCCAAACTCCTCATCTATAGTAAT.....................AATCAGCGGCCCTCAGGGGTCCCT...GACCGATTCTCTGGCTCCAAG......TCTGGCACCTCAGCCTCCCTGGCCATCAGTGGGCTCCGGTCCGAGGATGAGGCTGATTATTACTGTGCAGCATGGGATGACAGCCTGAGTGGTCC"
"IGLV1-51*01","30","","","","","","","","86.67","3.85","26","","100","3","27","3","23","","","CAGTCTGTGTTGACGCAGCCGCCCTCAGTGTCTGCGGCCCCAGGACAGAAGGTCACCATCTCCTGCTCTGGAAGCAGCTCCAACATTGGGAATAATTATGTATCCTGGTACCAGCAGCTCCCAGGAACAGCCCCCAAACTCCTCATTTATGACAATAATAAGCGACCCTCAGGGATTCCTGACCGATTCTCTGGCTCCAAGTCTGGCACGTCAGCCACCCTGGGCATCACCGGACTCCAGACTGGGGACGAGGCCGATTATTACTGCGGAACATGGGATAGCAGCCTGAGTGCTGG","CAGTCTGTGTTGACGCAGCCGCCCTCA...GTGTCTGCGGCCCCAGGACAGAAGGTCACCATCTCCTGCTCTGGAAGCAGCTCCAACATT............GGGAATAATTATGTATCCTGGTACCAGCAGCTCCCAGGAACAGCCCCCAAACTCCTCATTTATGACAAT.....................AATAAGCGACCCTCAGGGATTCCT...GACCGATTCTCTGGCTCCAAG......TCTGGCACGTCAGCCACCCTGGGCATCACCGGACTCCAGACTGGGGACGAGGCCGATTATTACTGCGGAACATGGGATAGCAGCCTGAGTGCTGG"
"IGLV2-8*01","42","","","","","","","","69.05","4.29","29","","100","2","32","2","26","","","CAGTCTGCCCTGACTCAGCCTCCCTCCGCGTCCGGGTCTCCTGGACAGTCAGTCACCATCTCCTGCACTGGAACCAGCAGTGACGTTGGTGGTTATAACTATGTCTCCTGGTACCAACAGCACCCAGGCAAAGCCCCCAAACTCATGATTTATGAGGTCAGTAAGCGGCCCTCAGGGGTCCCTGATCGCTTCTCTGGCTCCAAGTCTGGCAACACGGCCTCCCTGACCGTCTCTGGGCTCCAGGCTGAGGATGAGGCTGATTATTACTGCAGCTCATATGCAGGCAGCAACAATTTC","CAGTCTGCCCTGACTCAGCCTCCCTCC...GCGTCCGGGTCTCCTGGACAGTCAGTCACCATCTCCTGCACTGGAACCAGCAGTGACGTTGGT.........GGTTATAACTATGTCTCCTGGTACCAACAGCACCCAGGCAAAGCCCCCAAACTCATGATTTATGAGGTC.....................AGTAAGCGGCCCTCAGGGGTCCCT...GATCGCTTCTCTGGCTCCAAG......TCTGGCAACACGGCCTCCCTGACCGTCTCTGGGCTCCAGGCTGAGGATGAGGCTGATTATTACTGCAGCTCATATGCAGGCAGCAACAATTTC"
"IGLV2-11*01","49","","","","","","","","77.55","5.62","38","","100","2","44","2","38","","","CAGTCTGCCCTGACTCAGCCTCGCTCAGTGTCCGGGTCTCCTGGACAGTCAGTCACCATCTCCTGCACTGGAACCAGCAGTGATGTTGGTGGTTATAACTATGTCTCCTGGTACCAACAGCACCCAGGCAAAGCCCCCAAACTCATGATTTATGATGTCAGTAAGCGGCCCTCAGGGGTCCCTGATCGCTTCTCTGGCTCCAAGTCTGGCAACACGGCCTCCCTGACCATCTCTGGGCTCCAGGCTGAGGATGAGGCTGATTATTACTGCTGCTCATATGCAGGCAGCTACACTTTC","CAGTCTGCCCTGACTCAGCCTCGCTCA...GTGTCCGGGTCTCCTGGACAGTCAGTCACCATCTCCTGCACTGGAACCAGCAGTGATGTTGGT.........GGTTATAACTATGTCTCCTGGTACCAACAGCACCCAGGCAAAGCCCCCAAACTCATGATTTATGATGTC.....................AGTAAGCGGCCCTCAGGGGTCCCT...GATCGCTTCTCTGGCTCCAAG......TCTGGCAACACGGCCTCCCTGACCATCTCTGGGCTCCAGGCTGAGGATGAGGCTGATTATTACTGCTGCTCATATGCAGGCAGCTACACTTTC"
"IGLV2-14*01","89","","","","","","","","71.91","9.47","64","","58","2","78","2","64","","","CAGTCTGCCCTGACTCAGCCTGCCTCCGTGTCTGGGTCTCCTGGACAGTCGATCACCATCTCCTGCACTGGAACCAGCAGTGACGTTGGTGGTTATAACTATGTCTCCTGGTACCAACAGCACCCAGGCAAAGCCCCCAAACTCATGATTTATGAGGTCAGTAATCGGCCCTCAGGGGTTTCTAATCGCTTCTCTGGCTCCAAGTCTGGCAACACGGCCTCCCTGACCATCTCTGGGCTCCAGGCTGAGGACGAGGCTGATTATTACTGCAGCTCATATACAAGCAGCAGCACTCTC","CAGTCTGCCCTGACTCAGCCTGCCTCC...GTGTCTGGGTCTCCTGGACAGTCGATCACCATCTCCTGCACTGGAACCAGCAGTGACGTTGGT.........GGTTATAACTATGTCTCCTGGTACCAACAGCACCCAGGCAAAGCCCCCAAACTCATGATTTATGAGGTC.....................AGTAATCGGCCCTCAGGGGTTTCT...AATCGCTTCTCTGGCTCCAAG......TCTGGCAACACGGCCTCCCTGACCATCTCTGGGCTCCAGGCTGAGGACGAGGCTGATTATTACTGCAGCTCATATACAAGCAGCAGCACTCTC"
"IGLV2-14*04EXT3","65","","","","","","","","76.92","7.4","50","","42","1","56","1","47","","","CAGTCTGCCCTGACTCAGCCTGCCTCCGTGTCTGGGTCTCCTGGACAGTCGATCACCATCTCCTGCACTGGAACCAGCAGTGACGTTGGTGGTTATAACTATGTCTCCTGGTACCAACAGCACCCAGGCAAAGCCCCCAAACTCATGATTTATGATGTCAGTAATCGGCCCTCAGGGGTTTCTAATCGCTTCTCTGGCTCCAAGTCTGGCAACACGGCCTCCCTGACCATCTCTGGGCTCCAGGCTGAGGACGAGGCTGATTATTACTGCAGCTCATATACAAGCAGCAGCACTCTC","CAGTCTGCCCTGACTCAGCCTGCCTCC...GTGTCTGGGTCTCCTGGACAGTCGATCACCATCTCCTGCACTGGAACCAGCAGTGACGTTGGT.........GGTTATAACTATGTCTCCTGGTACCAACAGCACCCAGGCAAAGCCCCCAAACTCATGATTTATGATGTC.....................AGTAATCGGCCCTCAGGGGTTTCT...AATCGCTTCTCTGGCTCCAAG......TCTGGCAACACGGCCTCCCTGACCATCTCTGGGCTCCAGGCTGAGGACGAGGCTGATTATTACTGCAGCTCATATACAAGCAGCAGCACTCTC"
"IGLV2-18*01","2","","","","","","","","100","0.3","2","","40","1","2","1","2","","","CAGTCTGCCCTGACTCAGCCTCCCTCCGTGTCCGGGTCTCCTGGACAGTCAGTCACCATCTCCTGCACTGGAACCAGCAGTGACGTTGGTAGTTATAACCGTGTCTCCTGGTACCAGCAGCCCCCAGGCACAGCCCCCAAACTCATGATTTATGAGGTCAGTAATCGGCCCTCAGGGGTCCCTGATCGCTTCTCTGGGTCCAAGTCTGGCAACACGGCCTCCCTGACCATCTCTGGGCTCCAGGCTGAGGACGAGGCTGATTATTACTGCAGCTTATATACAAGCAGCAGCACTTTC","CAGTCTGCCCTGACTCAGCCTCCCTCC...GTGTCCGGGTCTCCTGGACAGTCAGTCACCATCTCCTGCACTGGAACCAGCAGTGACGTTGGT.........AGTTATAACCGTGTCTCCTGGTACCAGCAGCCCCCAGGCACAGCCCCCAAACTCATGATTTATGAGGTC.....................AGTAATCGGCCCTCAGGGGTCCCT...GATCGCTTCTCTGGGTCCAAG......TCTGGCAACACGGCCTCCCTGACCATCTCTGGGCTCCAGGCTGAGGACGAGGCTGATTATTACTGCAGCTTATATACAAGCAGCAGCACTTTC"
"IGLV2-18*02","3","","","","","","","","66.67","0.3","2","","60","2","3","1","2","","","CAGTCTGCCCTGACTCAGCCTCCCTCCGTGTCCGGGTCTCCTGGACAGTCAGTCACCATCTCCTGCACTGGAACCAGCAGTGACGTTGGTAGTTATAACCGTGTCTCCTGGTACCAGCAGCCCCCAGGCACAGCCCCCAAACTCATGATTTATGAGGTCAGTAATCGGCCCTCAGGGGTCCCTGATCGCTTCTCTGGGTCCAAGTCTGGCAACACGGCCTCCCTGACCATCTCTGGGCTCCAGGCTGAGGACGAGGCTGATTATTACTGCAGCTCATATACAAGCAGCAGCACTTTC","CAGTCTGCCCTGACTCAGCCTCCCTCC...GTGTCCGGGTCTCCTGGACAGTCAGTCACCATCTCCTGCACTGGAACCAGCAGTGACGTTGGT.........AGTTATAACCGTGTCTCCTGGTACCAGCAGCCCCCAGGCACAGCCCCCAAACTCATGATTTATGAGGTC.....................AGTAATCGGCCCTCAGGGGTCCCT...GATCGCTTCTCTGGGTCCAAG......TCTGGCAACACGGCCTCCCTGACCATCTCTGGGCTCCAGGCTGAGGACGAGGCTGATTATTACTGCAGCTCATATACAAGCAGCAGCACTTTC"
"IGLV2-23*01","3","","","","","","","","100","0.44","3","","21","2","3","2","3","","","CAGTCTGCCCTGACTCAGCCTGCCTCCGTGTCTGGGTCTCCTGGACAGTCGATCACCATCTCCTGCACTGGAACCAGCAGTGATGTTGGGAGTTATAACCTTGTCTCCTGGTACCAACAGCACCCAGGCAAAGCCCCCAAACTCATGATTTATGAGGGCAGTAAGCGGCCCTCAGGGGTTTCTAATCGCTTCTCTGGCTCCAAGTCTGGCAACACGGCCTCCCTGACAATCTCTGGGCTCCAGGCTGAGGACGAGGCTGATTATTACTGCTGCTCATATGCAGGTAGTAGCACTTTAC","CAGTCTGCCCTGACTCAGCCTGCCTCC...GTGTCTGGGTCTCCTGGACAGTCGATCACCATCTCCTGCACTGGAACCAGCAGTGATGTTGGG.........AGTTATAACCTTGTCTCCTGGTACCAACAGCACCCAGGCAAAGCCCCCAAACTCATGATTTATGAGGGC.....................AGTAAGCGGCCCTCAGGGGTTTCT...AATCGCTTCTCTGGCTCCAAG......TCTGGCAACACGGCCTCCCTGACAATCTCTGGGCTCCAGGCTGAGGACGAGGCTGATTATTACTGCTGCTCATATGCAGGTAGTAGCACTTTAC"
"IGLV2-23*03EXT5","11","","","","","","","","81.82","1.33","9","","79","2","11","2","9","","","CAGTCTGCCCTGACTCAGCCTGCCTCCGTGTCTGGGTCTCCTGGACAGTCGATCACCATCTCCTGCACTGGAACCAGCAGTGATGTTGGGAGTTATAACCTTGTCTCCTGGTACCAACAGCACCCAGGCAAAGCCCCCAAACTCATGATTTATGAGGGCAGTAAGCGGCCCTCAGGGGTTTCTAATCGCTTCTCTGGCTCCAAGTCTGGCAACACGGCCTCCCTGACAATCTCTGGGCTCCAGGCTGAGGACGAGGCTGATTATTACTGCTGCTCATATGCAGGTAGTAGCACTTTCC","CAGTCTGCCCTGACTCAGCCTGCCTCC...GTGTCTGGGTCTCCTGGACAGTCGATCACCATCTCCTGCACTGGAACCAGCAGTGATGTTGGG.........AGTTATAACCTTGTCTCCTGGTACCAACAGCACCCAGGCAAAGCCCCCAAACTCATGATTTATGAGGGC.....................AGTAAGCGGCCCTCAGGGGTTTCT...AATCGCTTCTCTGGCTCCAAG......TCTGGCAACACGGCCTCCCTGACAATCTCTGGGCTCCAGGCTGAGGACGAGGCTGATTATTACTGCTGCTCATATGCAGGTAGTAGCACTTTCC"
"IGLV3-1*01","81","","","","","","","","70.37","8.43","57","","100","2","66","2","52","","","TCCTATGAGCTGACTCAGCCACCCTCAGTGTCCGTGTCCCCAGGACAGACAGCCAGCATCACCTGCTCTGGAGATAAATTGGGGGATAAATATGCTTGCTGGTATCAGCAGAAGCCAGGCCAGTCCCCTGTGCTGGTCATCTATCAAGATAGCAAGCGGCCCTCAGGGATCCCTGAGCGATTCTCTGGCTCCAACTCTGGGAACACAGCCACTCTGACCATCAGCGGGACCCAGGCTATGGATGAGGCTGACTATTACTGTCAGGCGTGGGACAGCAGCACTGCA","TCCTATGAGCTGACTCAGCCACCCTCA...GTGTCCGTGTCCCCAGGACAGACAGCCAGCATCACCTGCTCTGGAGATAAATTGGGG..................GATAAATATGCTTGCTGGTATCAGCAGAAGCCAGGCCAGTCCCCTGTGCTGGTCATCTATCAAGAT.....................AGCAAGCGGCCCTCAGGGATCCCT...GAGCGATTCTCTGGCTCCAAC......TCTGGGAACACAGCCACTCTGACCATCAGCGGGACCCAGGCTATGGATGAGGCTGACTATTACTGTCAGGCGTGGGACAGCAGCACTGCA"
"IGLV3-9*01EXT5","9","","","","","","","","77.78","1.04","7","","100","2","9","2","7","","","TCCTATGAGCTGACTCAGCCACTCTCAGTGTCAGTGGCCCTGGGACAGACGGCCAGGATTACCTGTGGGGGAAACAACATTGGAAGTAAAAATGTGCACTGGTACCAGCAGAAGCCAGGCCAGGCCCCTGTGCTGGTCATCTATAGGGATAGCAACCGGCCCTCTGGGATCCCTGAGCGATTCTCTGGCTCCAACTCGGGGAACACGGCCACCCTGACCATCAGCAGAGCCCAAGCCGGGGATGAGGCTGACTATTACTGTCAGGTGTGGGACAGCAGCACTGCACACCC","TCCTATGAGCTGACTCAGCCACTCTCA...GTGTCAGTGGCCCTGGGACAGACGGCCAGGATTACCTGTGGGGGAAACAACATTGGA..................AGTAAAAATGTGCACTGGTACCAGCAGAAGCCAGGCCAGGCCCCTGTGCTGGTCATCTATAGGGAT.....................AGCAACCGGCCCTCTGGGATCCCT...GAGCGATTCTCTGGCTCCAAC......TCGGGGAACACGGCCACCCTGACCATCAGCAGAGCCCAAGCCGGGGATGAGGCTGACTATTACTGTCAGGTGTGGGACAGCAGCACTGCACACCC"
"IGLV3-10*01","25","","","","","","","","84","3.11","21","","100","2","21","2","19","","","TCCTATGAGCTGACACAGCCACCCTCGGTGTCAGTGTCCCCAGGACAAACGGCCAGGATCACCTGCTCTGGAGATGCATTGCCAAAAAAATATGCTTATTGGTACCAGCAGAAGTCAGGCCAGGCCCCTGTGCTGGTCATCTATGAGGACAGCAAACGACCCTCCGGGATCCCTGAGAGATTCTCTGGCTCCAGCTCAGGGACAATGGCCACCTTGACTATCAGTGGGGCCCAGGTGGAGGATGAAGCTGACTACTACTGTTACTCAACAGACAGCAGTGGTAATCATAG","TCCTATGAGCTGACACAGCCACCCTCG...GTGTCAGTGTCCCCAGGACAAACGGCCAGGATCACCTGCTCTGGAGATGCATTGCCA..................AAAAAATATGCTTATTGGTACCAGCAGAAGTCAGGCCAGGCCCCTGTGCTGGTCATCTATGAGGAC.....................AGCAAACGACCCTCCGGGATCCCT...GAGAGATTCTCTGGCTCCAGC......TCAGGGACAATGGCCACCTTGACTATCAGTGGGGCCCAGGTGGAGGATGAAGCTGACTACTACTGTTACTCAACAGACAGCAGTGGTAATCATAG"
"IGLV3-16*01","6","","","","","","","","83.33","0.74","5","","100","3","6","3","5","","","TCCTATGAGCTGACACAGCCACCCTCGGTGTCAGTGTCCCTAGGACAGATGGCCAGGATCACCTGCTCTGGAGAAGCATTGCCAAAAAAATATGCTTATTGGTACCAGCAGAAGCCAGGCCAGTTCCCTGTGCTGGTGATATATAAAGACAGCGAGAGGCCCTCAGGGATCCCTGAGCGATTCTCTGGCTCCAGCTCAGGGACAATAGTCACATTGACCATCAGTGGAGTCCAGGCAGAAGACGAGGCTGACTATTACTGTCTATCAGCAGACAGCAGTGGTACTTATCC","TCCTATGAGCTGACACAGCCACCCTCG...GTGTCAGTGTCCCTAGGACAGATGGCCAGGATCACCTGCTCTGGAGAAGCATTGCCA..................AAAAAATATGCTTATTGGTACCAGCAGAAGCCAGGCCAGTTCCCTGTGCTGGTGATATATAAAGAC.....................AGCGAGAGGCCCTCAGGGATCCCT...GAGCGATTCTCTGGCTCCAGC......TCAGGGACAATAGTCACATTGACCATCAGTGGAGTCCAGGCAGAAGACGAGGCTGACTATTACTGTCTATCAGCAGACAGCAGTGGTACTTATCC"
"IGLV3-19*01","69","","","","","","","","75.36","7.69","52","","100","3","57","3","45","","","TCTTCTGAGCTGACTCAGGACCCTGCTGTGTCTGTGGCCTTGGGACAGACAGTCAGGATCACATGCCAAGGAGACAGCCTCAGAAGCTATTATGCAAGCTGGTACCAGCAGAAGCCAGGACAGGCCCCTGTACTTGTCATCTATGGTAAAAACAACCGGCCCTCAGGGATCCCAGACCGATTCTCTGGCTCCAGCTCAGGAAACACAGCTTCCTTGACCATCACTGGGGCTCAGGCGGAAGATGAGGCTGACTATTACTGTAACTCCCGGGACAGCAGTGGTAACCATCT","TCTTCTGAGCTGACTCAGGACCCTGCT...GTGTCTGTGGCCTTGGGACAGACAGTCAGGATCACATGCCAAGGAGACAGCCTCAGA..................AGCTATTATGCAAGCTGGTACCAGCAGAAGCCAGGACAGGCCCCTGTACTTGTCATCTATGGTAAA.....................AACAACCGGCCCTCAGGGATCCCA...GACCGATTCTCTGGCTCCAGC......TCAGGAAACACAGCTTCCTTGACCATCACTGGGGCTCAGGCGGAAGATGAGGCTGACTATTACTGTAACTCCCGGGACAGCAGTGGTAACCATCT"
"IGLV3-21*04","45","","","","","","","","86.67","5.77","39","","100","3","41","3","37","","","TCCTATGTGCTGACTCAGCCACCCTCAGTGTCAGTGGCCCCAGGAAAGACGGCCAGGATTACCTGTGGGGGAAACAACATTGGAAGTAAAAGTGTGCACTGGTACCAGCAGAAGCCAGGCCAGGCCCCTGTGCTGGTCATCTATTATGATAGCGACCGGCCCTCAGGGATCCCTGAGCGATTCTCTGGCTCCAACTCTGGGAACACGGCCACCCTGACCATCAGCAGGGTCGAAGCCGGGGATGAGGCCGACTATTACTGTCAGGTGTGGGATAGTAGTAGTGATCATCC","TCCTATGTGCTGACTCAGCCACCCTCA...GTGTCAGTGGCCCCAGGAAAGACGGCCAGGATTACCTGTGGGGGAAACAACATTGGA..................AGTAAAAGTGTGCACTGGTACCAGCAGAAGCCAGGCCAGGCCCCTGTGCTGGTCATCTATTATGAT.....................AGCGACCGGCCCTCAGGGATCCCT...GAGCGATTCTCTGGCTCCAAC......TCTGGGAACACGGCCACCCTGACCATCAGCAGGGTCGAAGCCGGGGATGAGGCCGACTATTACTGTCAGGTGTGGGATAGTAGTAGTGATCATCC"
"IGLV3-25*03","48","","","","","","","","77.08","5.47","37","","100","3","41","3","37","","","TCCTATGAGCTGACACAGCCACCCTCGGTGTCAGTGTCCCCAGGACAGACGGCCAGGATCACCTGCTCTGGAGATGCATTGCCAAAGCAATATGCTTATTGGTACCAGCAGAAGCCAGGCCAGGCCCCTGTGCTGGTGATATATAAAGACAGTGAGAGGCCCTCAGGGATCCCTGAGCGATTCTCTGGCTCCAGCTCAGGGACAACAGTCACGTTGACCATCAGTGGAGTCCAGGCAGAAGACGAGGCTGACTATTACTGTCAATCAGCAGACAGCAGTGGTACTTATCC","TCCTATGAGCTGACACAGCCACCCTCG...GTGTCAGTGTCCCCAGGACAGACGGCCAGGATCACCTGCTCTGGAGATGCATTGCCA..................AAGCAATATGCTTATTGGTACCAGCAGAAGCCAGGCCAGGCCCCTGTGCTGGTGATATATAAAGAC.....................AGTGAGAGGCCCTCAGGGATCCCT...GAGCGATTCTCTGGCTCCAGC......TCAGGGACAACAGTCACGTTGACCATCAGTGGAGTCCAGGCAGAAGACGAGGCTGACTATTACTGTCAATCAGCAGACAGCAGTGGTACTTATCC"
"IGLV3-27*01","16","","","","","","","","81.25","1.92","13","","100","3","15","3","12","","","TCCTATGAGCTGACACAGCCATCCTCAGTGTCAGTGTCTCCGGGACAGACAGCCAGGATCACCTGCTCAGGAGATGTACTGGCAAAAAAATATGCTCGGTGGTTCCAGCAGAAGCCAGGCCAGGCCCCTGTGCTGGTGATTTATAAAGACAGTGAGCGGCCCTCAGGGATCCCTGAGCGATTCTCCGGCTCCAGCTCAGGGACCACAGTCACCTTGACCATCAGCGGGGCCCAGGTTGAGGATGAGGCTGACTATTACTGTTACTCTGCGGCTGACAACAATCT","TCCTATGAGCTGACACAGCCATCCTCA...GTGTCAGTGTCTCCGGGACAGACAGCCAGGATCACCTGCTCAGGAGATGTACTGGCA..................AAAAAATATGCTCGGTGGTTCCAGCAGAAGCCAGGCCAGGCCCCTGTGCTGGTGATTTATAAAGAC.....................AGTGAGCGGCCCTCAGGGATCCCT...GAGCGATTCTCCGGCTCCAGC......TCAGGGACCACAGTCACCTTGACCATCAGCGGGGCCCAGGTTGAGGATGAGGCTGACTATTACTGTTACTCTGCGGCTGACAACAATCT"
"IGLV4-3*01","2","","","","","","","","100","0.3","2","","100","1","2","1","2","","","CTGCCTGTGCTGACTCAGCCCCCGTCTGCATCTGCCTTGCTGGGAGCCTCGATCAAGCTCACCTGCACCCTAAGCAGTGAGCACAGCACCTACACCATCGAATGGTATCAACAGAGACCAGGGAGGTCCCCCCAGTATATAATGAAGGTTAAGAGTGATGGCAGCCACAGCAAGGGGGACGGGATCCCCGATCGCTTCATGGGCTCCAGTTCTGGGGCTGACCGCTACCTCACCTTCTCCAACCTCCAGTCTGACGATGAGGCTGAGTATCACTGTGGAGAGAGCCACACGATTGATGGCCAAGTCGGTTGAGC","CTGCCTGTGCTGACTCAGCCCCCGTCT...GCATCTGCCTTGCTGGGAGCCTCGATCAAGCTCACCTGCACCCTAAGCAGTGAGCACAGC...............ACCTACACCATCGAATGGTATCAACAGAGACCAGGGAGGTCCCCCCAGTATATAATGAAGGTTAAGAGTGAT.........GGCAGCCACAGCAAGGGGGACGGGATCCCC...GATCGCTTCATGGGCTCCAGT......TCTGGGGCTGACCGCTACCTCACCTTCTCCAACCTCCAGTCTGACGATGAGGCTGAGTATCACTGTGGAGAGAGCCACACGATTGATGGCCAAGTCGGTTGAGC"
"IGLV4-60*03EXT5","6","","","","","","","","83.33","0.74","5","","100","3","6","3","5","","","CAGCCTGTGCTGACTCAATCATCCTCTGCCTCTGCTTCCCTGGGATCCTCGGTCAAGCTCACCTGCACTCTGAGCAGTGGGCACAGTAGCTACATCATCGCATGGCATCAGCAGCAGCCAGGGAAGGCCCCTCGGTACTTGATGAAGCTTGAAGGTAGTGGAAGCTACAACAAGGGGAGCGGAGTTCCTGATCGCTTCTCAGGCTCCAGCTCTGGGGCTGACCGCTACCTCACCATCTCCAACCTCCAGTCTGAGGATGAGGCTGATTATTACTGTGAGACCTGGGACAGTAACACTCA","CAGCCTGTGCTGACTCAATCATCCTCT...GCCTCTGCTTCCCTGGGATCCTCGGTCAAGCTCACCTGCACTCTGAGCAGTGGGCACAGT...............AGCTACATCATCGCATGGCATCAGCAGCAGCCAGGGAAGGCCCCTCGGTACTTGATGAAGCTTGAAGGTAGT.........GGAAGCTACAACAAGGGGAGCGGAGTTCCT...GATCGCTTCTCAGGCTCCAGC......TCTGGGGCTGACCGCTACCTCACCATCTCCAACCTCCAGTCTGAGGATGAGGCTGATTATTACTGTGAGACCTGGGACAGTAACACTCA"
"IGLV4-69*01","11","","","","","","","","63.64","1.04","7","","100","1","9","1","6","","","CAGCTTGTGCTGACTCAATCGCCCTCTGCCTCTGCCTCCCTGGGAGCCTCGGTCAAGCTCACCTGCACTCTGAGCAGTGGGCACAGCAGCTACGCCATCGCATGGCATCAGCAGCAGCCAGAGAAGGGCCCTCGGTACTTGATGAAGCTTAACAGTGATGGCAGCCACAGCAAGGGGGACGGGATCCCTGATCGCTTCTCAGGCTCCAGCTCTGGGGCTGAGCGCTACCTCACCATCTCCAGCCTCCAGTCTGAGGATGAGGCTGACTATTACTGTCAGACCTGGGGCACTGGCATTCA","CAGCTTGTGCTGACTCAATCGCCCTCT...GCCTCTGCCTCCCTGGGAGCCTCGGTCAAGCTCACCTGCACTCTGAGCAGTGGGCACAGC...............AGCTACGCCATCGCATGGCATCAGCAGCAGCCAGAGAAGGGCCCTCGGTACTTGATGAAGCTTAACAGTGAT.........GGCAGCCACAGCAAGGGGGACGGGATCCCT...GATCGCTTCTCAGGCTCCAGC......TCTGGGGCTGAGCGCTACCTCACCATCTCCAGCCTCCAGTCTGAGGATGAGGCTGACTATTACTGTCAGACCTGGGGCACTGGCATTCA"
"IGLV5-37*01","1","","","","","","","","100","0.15","1","","100","1","1","1","1","","","CAGCCTGTGCTGACTCAGCCACCTTCCTCCTCCGCATCTCCTGGAGAATCCGCCAGACTCACCTGCACCTTGCCCAGTGACATCAATGTTGGTAGCTACAACATATACTGGTACCAGCAGAAGCCAGGGAGCCCTCCCAGGTATCTCCTGTACTACTACTCAGACTCAGATAAGGGCCAGGGCTCTGGAGTCCCCAGCCGCTTCTCTGGATCCAAAGATGCTTCAGCCAATACAGGGATTTTACTCATCTCCGGGCTCCAGTCTGAGGATGAGGCTGACTATTACTGTATGATTTGGCCAAGCAATGCTTCT","CAGCCTGTGCTGACTCAGCCACCTTCC...TCCTCCGCATCTCCTGGAGAATCCGCCAGACTCACCTGCACCTTGCCCAGTGACATCAATGTT.........GGTAGCTACAACATATACTGGTACCAGCAGAAGCCAGGGAGCCCTCCCAGGTATCTCCTGTACTACTACTCAGAC.........TCAGATAAGGGCCAGGGCTCTGGAGTCCCC...AGCCGCTTCTCTGGATCCAAAGATGCTTCAGCCAATACAGGGATTTTACTCATCTCCGGGCTCCAGTCTGAGGATGAGGCTGACTATTACTGTATGATTTGGCCAAGCAATGCTTCT"
"IGLV5-45*02","7","","","","","","","","42.86","0.44","3","","100","1","3","1","3","","","CAGGCTGTGCTGACTCAGCCGTCTTCCCTCTCTGCATCTCCTGGAGCATCAGCCAGTCTCACCTGCACCTTACGCAGTGGCATCAATGTTGGTACCTACAGGATATACTGGTACCAGCAGAAGCCAGGGAGTCCTCCCCAGTATCTCCTGAGGTACAAATCAGACTCAGATAAGCAGCAGGGCTCTGGAGTCCCCAGCCGCTTCTCTGGATCCAAAGATGCTTCGGCCAATGCAGGGATTTTACTCATCTCTGGGCTCCAGTCTGAGGATGAGGCTGACTATTACTGTATGATTTGGCACAGCAGCGCTTCT","CAGGCTGTGCTGACTCAGCCGTCTTCC...CTCTCTGCATCTCCTGGAGCATCAGCCAGTCTCACCTGCACCTTACGCAGTGGCATCAATGTT.........GGTACCTACAGGATATACTGGTACCAGCAGAAGCCAGGGAGTCCTCCCCAGTATCTCCTGAGGTACAAATCAGAC.........TCAGATAAGCAGCAGGGCTCTGGAGTCCCC...AGCCGCTTCTCTGGATCCAAAGATGCTTCGGCCAATGCAGGGATTTTACTCATCTCTGGGCTCCAGTCTGAGGATGAGGCTGACTATTACTGTATGATTTGGCACAGCAGCGCTTCT"
"IGLV5-52*01","2","","","","","","","","50","0.15","1","","100","1","2","1","1","","","CAGCCTGTGCTGACTCAGCCATCTTCCCATTCTGCATCTTCTGGAGCATCAGTCAGACTCACCTGCATGCTGAGCAGTGGCTTCAGTGTTGGGGACTTCTGGATAAGGTGGTACCAACAAAAGCCAGGGAACCCTCCCCGGTATCTCCTGTACTACCACTCAGACTCCAATAAGGGCCAAGGCTCTGGAGTTCCCAGCCGCTTCTCTGGATCCAACGATGCATCAGCCAATGCAGGGATTCTGCGTATCTCTGGGCTCCAGCCTGAGGATGAGGCTGACTATTACTGTGGTACATGGCACAGCAACTCTAAGACTCA","CAGCCTGTGCTGACTCAGCCATCTTCC...CATTCTGCATCTTCTGGAGCATCAGTCAGACTCACCTGCATGCTGAGCAGTGGCTTCAGTGTT.........GGGGACTTCTGGATAAGGTGGTACCAACAAAAGCCAGGGAACCCTCCCCGGTATCTCCTGTACTACCACTCAGAC.........TCCAATAAGGGCCAAGGCTCTGGAGTTCCC...AGCCGCTTCTCTGGATCCAACGATGCATCAGCCAATGCAGGGATTCTGCGTATCTCTGGGCTCCAGCCTGAGGATGAGGCTGACTATTACTGTGGTACATGGCACAGCAACTCTAAGACTCA"
"IGLV6-57*02","8","","","","","","","","87.5","1.04","7","","42","1","8","1","7","","","AATTTTATGCTGACTCAGCCCCACTCTGTGTCGGAGTCTCCGGGGAAGACGGTAACCATCTCCTGCACCGGCAGCAGTGGCAGCATTGCCAGCAACTATGTGCAGTGGTACCAGCAGCGCCCGGGCAGTGCCCCCACCACTGTGATCTATGAGGATAACCAAAGACCCTCTGGGGTCCCTGATCGGTTCTCTGGCTCCATCGACAGCTCCTCCAACTCTGCCTCCCTCACCATCTCTGGACTGAAGACTGAGGACGAGGCTGACTACTACTGTCAGTCTTATGATAGCAGCAATCA","AATTTTATGCTGACTCAGCCCCACTCT...GTGTCGGAGTCTCCGGGGAAGACGGTAACCATCTCCTGCACCGGCAGCAGTGGCAGCATT............GCCAGCAACTATGTGCAGTGGTACCAGCAGCGCCCGGGCAGTGCCCCCACCACTGTGATCTATGAGGAT.....................AACCAAAGACCCTCTGGGGTCCCT...GATCGGTTCTCTGGCTCCATCGACAGCTCCTCCAACTCTGCCTCCCTCACCATCTCTGGACTGAAGACTGAGGACGAGGCTGACTACTACTGTCAGTCTTATGATAGCAGCAATCA"
"IGLV6-57*03","11","","","","","","","","90.91","1.48","10","","58","2","9","2","8","","","AATTTTATGCTGACTCAGCCCCACTCTGTGTCGGAGTCTCCGGGGAAGACGGTAACCATCTCCTGCACCCGCAGCAGTGGCAGCATTGCCAGCAACTATGTGCAGTGGTACCAGCAGCGCCCGGGCAGTGCCCCCACCACTGTGATCTATGAGGATAACCAAAGACCCTCTGGGGTCCCTGATCGGTTCTCTGGCTCCATCGACAGCTCCTCCAACTCTGCCTCCCTCACCATCTCTGGACTGAAGACTGAGGACGAGGCTGACTACTACTGTCAGTCTTATGATAGCAGCAATCA","AATTTTATGCTGACTCAGCCCCACTCT...GTGTCGGAGTCTCCGGGGAAGACGGTAACCATCTCCTGCACCCGCAGCAGTGGCAGCATT............GCCAGCAACTATGTGCAGTGGTACCAGCAGCGCCCGGGCAGTGCCCCCACCACTGTGATCTATGAGGAT.....................AACCAAAGACCCTCTGGGGTCCCT...GATCGGTTCTCTGGCTCCATCGACAGCTCCTCCAACTCTGCCTCCCTCACCATCTCTGGACTGAAGACTGAGGACGAGGCTGACTACTACTGTCAGTCTTATGATAGCAGCAATCA"
"IGLV7-43*01","9","","","","","","","","77.78","1.04","7","","100","2","9","2","7","","","CAGACTGTGGTGACTCAGGAGCCCTCACTGACTGTGTCCCCAGGAGGGACAGTCACTCTCACCTGTGCTTCCAGCACTGGAGCAGTCACCAGTGGTTACTATCCAAACTGGTTCCAGCAGAAACCTGGACAAGCACCCAGGGCACTGATTTATAGTACAAGCAACAAACACTCCTGGACCCCTGCCCGGTTCTCAGGCTCCCTCCTTGGGGGCAAAGCTGCCCTGACACTGTCAGGTGTGCAGCCTGAGGACGAGGCTGAGTATTACTGCCTGCTCTACTATGGTGGTGCTCAG","CAGACTGTGGTGACTCAGGAGCCCTCA...CTGACTGTGTCCCCAGGAGGGACAGTCACTCTCACCTGTGCTTCCAGCACTGGAGCAGTCACC.........AGTGGTTACTATCCAAACTGGTTCCAGCAGAAACCTGGACAAGCACCCAGGGCACTGATTTATAGTACA.....................AGCAACAAACACTCCTGGACCCCT...GCCCGGTTCTCAGGCTCCCTC......CTTGGGGGCAAAGCTGCCCTGACACTGTCAGGTGTGCAGCCTGAGGACGAGGCTGAGTATTACTGCCTGCTCTACTATGGTGGTGCTCAG"
"IGLV7-46*01","23","","","","","","","","69.57","2.37","16","","100","2","21","2","16","","","CAGGCTGTGGTGACTCAGGAGCCCTCACTGACTGTGTCCCCAGGAGGGACAGTCACTCTCACCTGTGGCTCCAGCACTGGAGCTGTCACCAGTGGTCATTATCCCTACTGGTTCCAGCAGAAGCCTGGCCAAGCCCCCAGGACACTGATTTATGATACAAGCAACAAACACTCCTGGACACCTGCCCGGTTCTCAGGCTCCCTCCTTGGGGGCAAAGCTGCCCTGACCCTTTCGGGTGCGCAGCCTGAGGATGAGGCTGAGTATTACTGCTTGCTCTCCTATAGTGGTGCTCGG","CAGGCTGTGGTGACTCAGGAGCCCTCA...CTGACTGTGTCCCCAGGAGGGACAGTCACTCTCACCTGTGGCTCCAGCACTGGAGCTGTCACC.........AGTGGTCATTATCCCTACTGGTTCCAGCAGAAGCCTGGCCAAGCCCCCAGGACACTGATTTATGATACA.....................AGCAACAAACACTCCTGGACACCT...GCCCGGTTCTCAGGCTCCCTC......CTTGGGGGCAAAGCTGCCCTGACCCTTTCGGGTGCGCAGCCTGAGGATGAGGCTGAGTATTACTGCTTGCTCTCCTATAGTGGTGCTCGG"
"IGLV8-61*01","18","","","","","","","","66.67","1.78","12","","100","3","15","3","11","","","CAGACTGTGGTGACCCAGGAGCCATCGTTCTCAGTGTCCCCTGGAGGGACAGTCACACTCACTTGTGGCTTGAGCTCTGGCTCAGTCTCTACTAGTTACTACCCCAGCTGGTACCAGCAGACCCCAGGCCAGGCTCCACGCACGCTCATCTACAGCACAAACACTCGCTCTTCTGGGGTCCCTGATCGCTTCTCTGGCTCCATCCTTGGGAACAAAGCTGCCCTCACCATCACGGGGGCCCAGGCAGATGATGAATCTGATTATTACTGTGTGCTGTATATGGGTAGTGGCATTTC","CAGACTGTGGTGACCCAGGAGCCATCG...TTCTCAGTGTCCCCTGGAGGGACAGTCACACTCACTTGTGGCTTGAGCTCTGGCTCAGTCTCT.........ACTAGTTACTACCCCAGCTGGTACCAGCAGACCCCAGGCCAGGCTCCACGCACGCTCATCTACAGCACA.....................AACACTCGCTCTTCTGGGGTCCCT...GATCGCTTCTCTGGCTCCATC......CTTGGGAACAAAGCTGCCCTCACCATCACGGGGGCCCAGGCAGATGATGAATCTGATTATTACTGTGTGCTGTATATGGGTAGTGGCATTTC"
"IGLV9-49*01","2","","","","","","","","100","0.3","2","","100","1","2","1","2","","","CAGCCTGTGCTGACTCAGCCACCTTCTGCATCAGCCTCCCTGGGAGCCTCGGTCACACTCACCTGCACCCTGAGCAGCGGCTACAGTAATTATAAAGTGGACTGGTACCAGCAGAGACCAGGGAAGGGCCCCCGGTTTGTGATGCGAGTGGGCACTGGTGGGATTGTGGGATCCAAGGGGGATGGCATCCCTGATCGCTTCTCAGTCTTGGGCTCAGGCCTGAATCGGTACCTGACCATCAAGAACATCCAGGAAGAGGATGAGAGTGACTACCACTGTGGGGCAGACCATGGCAGTGGGAGCAACTTCGTGTAACC","CAGCCTGTGCTGACTCAGCCACCTTCT...GCATCAGCCTCCCTGGGAGCCTCGGTCACACTCACCTGCACCCTGAGCAGCGGCTACAGT...............AATTATAAAGTGGACTGGTACCAGCAGAGACCAGGGAAGGGCCCCCGGTTTGTGATGCGAGTGGGCACTGGT......GGGATTGTGGGATCCAAGGGGGATGGCATCCCT...GATCGCTTCTCAGTCTTGGGC......TCAGGCCTGAATCGGTACCTGACCATCAAGAACATCCAGGAAGAGGATGAGAGTGACTACCACTGTGGGGCAGACCATGGCAGTGGGAGCAACTTCGTGTAACC"
