"subject"	"gene"	"IGHJ6_02"	"IGHJ6_03"	"alleles"	"proirs_row"	"proirs_col"	"counts1"	"k1"	"counts2"	"k2"	"counts3"	"k3"	"counts4"	"k4"
"P9_I15_S2"	"IGHV1-69"	"01,17"	"01"	"01,17"	"0.56,0.44"	"0.79,0.21"	"258,239"	"33.0948544153739"	"144,0"	"35.5567544012972"	NA	NA	NA	NA
"P9_I15_S2"	"IGHV1-2"	"02"	"02"	"02"	"0.56,0.44"	"1"	"100,19"	"6.68200827198936"	NA	NA	NA	NA	NA	NA
"P9_I15_S2"	"IGHV1-46"	"01"	"01"	"01"	"0.56,0.44"	"1"	"66,27"	"28.2875420415828"	NA	NA	NA	NA	NA	NA
"P9_I15_S2"	"IGHV7-4-1"	"Del"	"Del"	NA	NA	NA	NA	NA	NA	NA	NA	NA	NA	NA
"P9_I15_S2"	"IGHV3-33"	"01"	"01"	"01"	"0.56,0.44"	"1"	"125,68"	"81.4213681378144"	NA	NA	NA	NA	NA	NA
"P9_I15_S2"	"IGHV3-30"	"18"	"04"	"04,18"	"0.56,0.44"	"0.62,0.38"	"1,89"	"29.6638503915069"	"87,3"	"16.5283849164677"	NA	NA	NA	NA
"P9_I15_S2"	"IGHV3-11"	"05"	"06"	"05,06"	"0.56,0.44"	"0.73,0.27"	"42,1"	"8.71944641116191"	"0,17"	"6.0018117709587"	NA	NA	NA	NA
"P9_I15_S2"	"IGHV4-61"	"01"	"01"	"01"	"0.56,0.44"	"1"	"24,10"	"10.5866104919482"	NA	NA	NA	NA	NA	NA
"P9_I15_S2"	"IGHV4-4"	"02"	"02"	"02"	"0.56,0.44"	"1"	"25,31"	"32.9905064172331"	NA	NA	NA	NA	NA	NA
"P9_I15_S2"	"IGHV4-39"	"01"	"01_G315A"	"01,01_G315A"	"0.56,0.44"	"0.57,0.43"	"56,3"	"8.87380584396626"	"0,67"	"23.654199332602"	NA	NA	NA	NA
"P9_I15_S2"	"IGHV4-59"	"01"	"01"	"01"	"0.56,0.44"	"1"	"45,53"	"60.3714452544717"	NA	NA	NA	NA	NA	NA
"P9_I15_S2"	"IGHV4-31"	"Del"	"03"	"03"	"0.56,0.44"	"1"	"0,19"	"6.70790727342443"	NA	NA	NA	NA	NA	NA
"P9_I15_S2"	"IGHV4-34"	"01"	"01"	"01"	"0.56,0.44"	"1"	"127,137"	"174.822190544794"	NA	NA	NA	NA	NA	NA
"P9_I15_S2"	"IGHV1-3"	"Del"	"01"	"01"	"0.56,0.44"	"1"	"0,36"	"12.7097190443831"	NA	NA	NA	NA	NA	NA
"P9_I15_S2"	"IGHV1-24"	"01"	"01"	"01"	"0.56,0.44"	"1"	"13,8"	"10.0002042080589"	NA	NA	NA	NA	NA	NA
"P9_I15_S2"	"IGHV2-70"	"01,04"	"01"	"01,04"	"0.56,0.44"	"0.75,0.25"	"3,5"	"3.50695964848991"	"3,0"	"0.740765716693692"	NA	NA	NA	NA
"P9_I15_S2"	"IGHV2-26"	"01"	"01"	"01"	"0.56,0.44"	"1"	"12,14"	"16.1461251013568"	NA	NA	NA	NA	NA	NA
"P9_I15_S2"	"IGHV1-18"	"01"	"01"	"01"	"0.56,0.44"	"1"	"66,64"	"89.3846660759245"	NA	NA	NA	NA	NA	NA
"P9_I15_S2"	"IGHV6-1"	"01"	"01"	"01"	"0.56,0.44"	"1"	"20,17"	"23.1332134720549"	NA	NA	NA	NA	NA	NA
"P9_I15_S2"	"IGHV4-30-2"	"01"	"Unk"	"01"	"0.56,0.44"	"1"	"12,0"	"2.96306286677477"	NA	NA	NA	NA	NA	NA
"P9_I15_S2"	"IGHV5-51"	"01"	"01"	"01"	"0.56,0.44"	"1"	"79,59"	"77.9183131908363"	NA	NA	NA	NA	NA	NA
"P9_I15_S2"	"IGHV2-5"	"02"	"02"	"02"	"0.56,0.44"	"1"	"16,14"	"19.1670802266639"	NA	NA	NA	NA	NA	NA
"P9_I15_S2"	"IGHV1-58"	"01"	"01"	"01"	"0.56,0.44"	"1"	"12,13"	"16.4991728525897"	NA	NA	NA	NA	NA	NA
"P9_I15_S2"	"IGHV3-7"	"04"	"03"	"03,04"	"0.56,0.44"	"0.7,0.3"	"0,50"	"17.6523875616432"	"22,0"	"5.43228192242041"	NA	NA	NA	NA
"P9_I15_S2"	"IGHV3-64D"	"06"	"06"	"06"	"0.56,0.44"	"1"	"6,5"	"6.7748366793615"	NA	NA	NA	NA	NA	NA
"P9_I15_S2"	"IGHV3-48"	"02"	"02"	"02"	"0.56,0.44"	"1"	"66,25"	"24.9849947964832"	NA	NA	NA	NA	NA	NA
"P9_I15_S2"	"IGHV3-74"	"01"	"01"	"01"	"0.56,0.44"	"1"	"19,12"	"15.1237672648706"	NA	NA	NA	NA	NA	NA
"P9_I15_S2"	"IGHV3-53"	"01"	"01"	"01"	"0.56,0.44"	"1"	"55,40"	"52.4702400959401"	NA	NA	NA	NA	NA	NA
"P9_I15_S2"	"IGHV3-15"	"01"	"01"	"01"	"0.56,0.44"	"1"	"37,29"	"38.7508245480547"	NA	NA	NA	NA	NA	NA
"P9_I15_S2"	"IGHV3-49"	"05"	"05"	"05"	"0.56,0.44"	"1"	"20,16"	"21.4819398495052"	NA	NA	NA	NA	NA	NA
"P9_I15_S2"	"IGHV3-13"	"04"	"05"	"04,05"	"0.56,0.44"	"0.89,0.11"	"81,0"	"20.0006743507297"	"0,8"	"2.82438200986292"	NA	NA	NA	NA
"P9_I15_S2"	"IGHV3-72"	"01"	"01"	"01"	"0.56,0.44"	"1"	"9,8"	"10.9878918303171"	NA	NA	NA	NA	NA	NA
"P9_I15_S2"	"IGHV3-21"	"01"	"01"	"01"	"0.56,0.44"	"1"	"162,102"	"128.428560798618"	NA	NA	NA	NA	NA	NA
"P9_I15_S2"	"IGHV3-20"	"04"	"01"	"01,04"	"0.56,0.44"	"0.21,0.79"	"0,3"	"1.05914325369859"	"13,0"	"3.20998477233933"	NA	NA	NA	NA
"P9_I15_S2"	"IGHV3-73"	"02"	"02"	"02"	"0.56,0.44"	"1"	"16,15"	"20.8183538492136"	NA	NA	NA	NA	NA	NA
"P9_I15_S2"	"IGHV3-23"	"01"	"01"	"01"	"0.56,0.44"	"1"	"83,169"	"86.1990859037463"	NA	NA	NA	NA	NA	NA
"P9_I15_S2"	"IGHV1-69-2"	"01"	"Unk"	"01"	"0.56,0.44"	"1"	"5,0"	"1.23460952782282"	NA	NA	NA	NA	NA	NA
"P9_I15_S2"	"IGHV5-10-1"	"01"	"03"	"01,03"	"0.56,0.44"	"0.56,0.44"	"36,0"	"8.88918860032431"	"0,37"	"13.062766795616"	NA	NA	NA	NA
"P9_I15_S2"	"IGHV3-43"	"01"	"Unk"	"01"	"0.56,0.44"	"1"	"14,1"	"1.80563305535412"	NA	NA	NA	NA	NA	NA
"P9_I15_S2"	"IGHD3-10"	"01"	"01"	"01"	"0.56,0.44"	"1"	"418,169"	"175.851885684925"	NA	NA	NA	NA	NA	NA
"P9_I15_S2"	"IGHD3-16"	"02"	"02"	"02"	"0.56,0.44"	"1"	"38,40"	"52.6592697429724"	NA	NA	NA	NA	NA	NA
"P9_I15_S2"	"IGHD4-17"	"01"	"01"	"01"	"0.56,0.44"	"1"	"111,97"	"132.765209869662"	NA	NA	NA	NA	NA	NA
"P9_I15_S2"	"IGHD6-19"	"01"	"01"	"01"	"0.56,0.44"	"1"	"114,60"	"70.9273201186264"	NA	NA	NA	NA	NA	NA
"P9_I15_S2"	"IGHD2-15"	"01"	"01"	"01"	"0.56,0.44"	"1"	"160,114"	"148.737688080344"	NA	NA	NA	NA	NA	NA
"P9_I15_S2"	"IGHD6-13"	"01"	"01"	"01"	"0.56,0.44"	"1"	"154,147"	"204.711249057874"	NA	NA	NA	NA	NA	NA
"P9_I15_S2"	"IGHD3-9"	"01"	"01"	"01"	"0.56,0.44"	"1"	"116,57"	"65.4796554398479"	NA	NA	NA	NA	NA	NA
"P9_I15_S2"	"IGHD2-2"	"01,02,03"	"01,02,03"	"01,02,03"	"0.56,0.44"	"0.22,0.49,0.29"	"2,3"	"2.45565568273756"	"10,6"	"7.43842267965303"	"5,2"	"2.06793771727674"	NA	NA
"P9_I15_S2"	"IGHD3-3"	"Del"	"01"	"01"	"0.56,0.44"	"1"	"7,152"	"41.3614619098689"	NA	NA	NA	NA	NA	NA
"P9_I15_S2"	"IGHD4-11"	"Del"	"Del"	NA	NA	NA	NA	NA	NA	NA	NA	NA	NA	NA
"P9_I15_S2"	"IGHD5-18"	"Del"	"Del"	NA	NA	NA	NA	NA	NA	NA	NA	NA	NA	NA
"P9_I15_S2"	"IGHD2-21"	"01,02"	"01"	"01,02"	"0.56,0.44"	"0.2,0.8"	"5,7"	"6.31566308246034"	"43,2"	"7.3150946941767"	NA	NA	NA	NA
"P9_I15_S2"	"IGHD1-26"	"01"	"Del"	"01"	"0.56,0.44"	"1"	"82,4"	"13.6425017660951"	NA	NA	NA	NA	NA	NA
"P9_I15_S2"	"IGHD6-6"	"Del"	"01"	"01"	"0.56,0.44"	"1"	"4,93"	"25.8038429917841"	NA	NA	NA	NA	NA	NA
"P9_I15_S2"	"IGHD5-24"	"01"	"01"	"01"	"0.56,0.44"	"1"	"26,7"	"5.13894581316977"	NA	NA	NA	NA	NA	NA
"P9_I15_S2"	"IGHD1-7"	"Del"	"01"	"01"	"0.56,0.44"	"1"	"1,30"	"8.83403306876787"	NA	NA	NA	NA	NA	NA
"P9_I15_S2"	"IGHD5-12"	"01"	"01"	"01"	"0.56,0.44"	"1"	"58,67"	"78.2749698240466"	NA	NA	NA	NA	NA	NA
"P9_I15_S2"	"IGHD4-23"	"01"	"01"	"01"	"0.56,0.44"	"1"	"33,14"	"14.9694078320663"	NA	NA	NA	NA	NA	NA
"P9_I15_S2"	"IGHD1-1"	"01"	"01"	"01"	"0.56,0.44"	"1"	"9,7"	"9.33661820776737"	NA	NA	NA	NA	NA	NA
"P9_I15_S2"	"IGHD3-22"	"01"	"Del"	"01"	"0.56,0.44"	"1"	"103,4"	"18.827861782951"	NA	NA	NA	NA	NA	NA
"P9_I15_S2"	"IGHD6-25"	"01"	"01"	"01"	"0.56,0.44"	"1"	"13,5"	"5.04638334040955"	NA	NA	NA	NA	NA	NA
"P9_I15_S2"	"IGHD1-20"	"01"	"01"	"01"	"0.56,0.44"	"1"	"3,4"	"3.86000739972277"	NA	NA	NA	NA	NA	NA
"P9_I15_S2"	"IGHD2-8"	"02"	"01,02"	"01,02"	"0.56,0.44"	"0.8,0.2"	"1,22"	"6.00965105890495"	"2,2"	"2.80870343397043"	NA	NA	NA	NA
"P9_I15_S2"	"IGHD7-27"	"01"	"01"	"01"	"0.56,0.44"	"1"	"4,4"	"5.61740686794086"	NA	NA	NA	NA	NA	NA
"P9_I15_S2"	"IGHV1-8"	"Del"	"Del"	NA	NA	NA	NA	NA	NA	NA	NA	NA	NA	NA
"P9_I15_S2"	"IGHV2-70D"	"Del"	"Del"	NA	NA	NA	NA	NA	NA	NA	NA	NA	NA	NA
"P9_I15_S2"	"IGHV3-41"	"Unk"	"Unk"	NA	NA	NA	NA	NA	NA	NA	NA	NA	NA	NA
"P9_I15_S2"	"IGHV3-43D"	"Del"	"Del"	NA	NA	NA	NA	NA	NA	NA	NA	NA	NA	NA
"P9_I15_S2"	"IGHV3-66"	"Del"	"Del"	NA	NA	NA	NA	NA	NA	NA	NA	NA	NA	NA
"P9_I15_S2"	"IGHV3-9"	"Del"	"Del"	NA	NA	NA	NA	NA	NA	NA	NA	NA	NA	NA
"P9_I15_S2"	"IGHV4-28"	"Del"	"Del"	NA	NA	NA	NA	NA	NA	NA	NA	NA	NA	NA
"P9_I15_S2"	"IGHV4-30-4"	"Del"	"Del"	NA	NA	NA	NA	NA	NA	NA	NA	NA	NA	NA
"P9_I15_S2"	"IGHV4-38-2"	"Del"	"Del"	NA	NA	NA	NA	NA	NA	NA	NA	NA	NA	NA
"P9_I15_S2"	"IGHV8-51-1"	"Unk"	"Unk"	NA	NA	NA	NA	NA	NA	NA	NA	NA	NA	NA
"P9_I15_S2"	"IGHV1-45"	"Unk"	"Unk"	NA	NA	NA	NA	NA	NA	NA	NA	NA	NA	NA
"P9_I15_S2"	"IGHV3-30-3"	"Del"	"Del"	NA	NA	NA	NA	NA	NA	NA	NA	NA	NA	NA
"P9_I15_S2"	"IGHV3-64"	"Del"	"Del"	NA	NA	NA	NA	NA	NA	NA	NA	NA	NA	NA
"P9_I15_S2"	"IGHD4-4"	"Unk"	"Unk"	NA	NA	NA	NA	NA	NA	NA	NA	NA	NA	NA
"P9_I15_S2"	"IGHD5-5"	"Unk"	"Unk"	NA	NA	NA	NA	NA	NA	NA	NA	NA	NA	NA
