"subject"	"gene"	"IGKJ2_03"	"IGKJ2_04"	"alleles"	"proirs_row"	"proirs_col"	"counts1"	"k1"	"counts2"	"k2"	"counts3"	"k3"	"counts4"	"k4"
"P1_I56_S1"	"IGKV2D-30"	"01"	"01"	"01"	"0.5,0.5"	"1"	"1,1"	"1.41081515914484"	NA	NA	NA	NA	NA	NA
"P1_I56_S1"	"IGKV1E-12"	"01,01_02,03"	"01,01_02"	"01,01_02,03"	"0.5,0.5"	"0.31,0.43,0.11,0.16"	"3,2"	"2.52358930972469"	"2,2"	"2.82163031828967"	"3,0"	"0.894123025694956"	NA	NA
"P1_I56_S1"	"IGKV2D-29"	"01"	"01"	"01"	"0.5,0.5"	"1"	"8,13"	"9.80919524279458"	NA	NA	NA	NA	NA	NA
"P1_I56_S1"	"IGKV1E-33"	"01"	"01"	"01"	"0.5,0.5"	"1"	"40,30"	"39.3440446886952"	NA	NA	NA	NA	NA	NA
"P1_I56_S1"	"IGKV3-15"	"01"	"01"	"01"	"0.5,0.5"	"1"	"118,95"	"127.172496921765"	NA	NA	NA	NA	NA	NA
"P1_I56_S1"	"IGKV3D-20"	"01"	"01"	"01"	"0.5,0.5"	"1"	"4,13"	"2.98407378192395"	NA	NA	NA	NA	NA	NA
"P1_I56_S1"	"IGKV3-20"	"01"	"01"	"01"	"0.5,0.5"	"1"	"150,149"	"209.913417704016"	NA	NA	NA	NA	NA	NA
"P1_I56_S1"	"IGKV4-1"	"01"	"01"	"01"	"0.5,0.5"	"1"	"46,49"	"64.011101702444"	NA	NA	NA	NA	NA	NA
"P1_I56_S1"	"IGKV1-5"	"03"	"03"	"03"	"0.5,0.5"	"1"	"70,65"	"90.2127803015894"	NA	NA	NA	NA	NA	NA
"P1_I56_S1"	"IGKV3-11"	"01"	"01"	"01"	"0.5,0.5"	"1"	"94,138"	"119.61615589241"	NA	NA	NA	NA	NA	NA
"P1_I56_S1"	"IGKV2E-28"	"01"	"01"	"01"	"0.5,0.5"	"1"	"66,61"	"84.56951966501"	NA	NA	NA	NA	NA	NA
"P1_I56_S1"	"IGKV1E-39"	"01"	"01"	"01"	"0.5,0.5"	"1"	"116,112"	"156.819133789962"	NA	NA	NA	NA	NA	NA
"P1_I56_S1"	"IGKV1E-13"	"Del"	"02"	"02"	"0.5,0.5"	"1"	"0,24"	"7.09116494574771"	NA	NA	NA	NA	NA	NA
"P1_I56_S1"	"IGKV1-9"	"01"	"01_C70T"	"01,01_C70T"	"0.5,0.5"	"0.47,0.53"	"17,2"	"1.64898481018511"	"0,19"	"5.6138389153836"	NA	NA	NA	NA
"P1_I56_S1"	"IGKV1D-43"	"01"	"Unk"	"01"	"0.5,0.5"	"1"	"1,0"	"0.298041008564985"	NA	NA	NA	NA	NA	NA
"P1_I56_S1"	"IGKV2-30"	"01"	"01"	"01"	"0.5,0.5"	"1"	"18,7"	"6.59725501979901"	NA	NA	NA	NA	NA	NA
"P1_I56_S1"	"IGKV2E-40"	"01"	"01"	"01"	"0.5,0.5"	"1"	"9,6"	"7.57076792917406"	NA	NA	NA	NA	NA	NA
"P1_I56_S1"	"IGKV3D-15"	"01"	"03"	"01,03"	"0.5,0.5"	"0.59,0.41"	"6,0"	"1.78824605138991"	"0,5"	"1.47732603036411"	NA	NA	NA	NA
"P1_I56_S1"	"IGKV1D-16"	"01"	"Unk"	"01"	"0.5,0.5"	"1"	"1,0"	"0.298041008564985"	NA	NA	NA	NA	NA	NA
"P1_I56_S1"	"IGKV1E-37"	"01"	"01"	"01"	"0.5,0.5"	"1"	"1,1"	"1.41081515914484"	NA	NA	NA	NA	NA	NA
"P1_I56_S1"	"IGKV1-17"	"01"	"01"	"01"	"0.5,0.5"	"1"	"7,5"	"6.45799377859421"	NA	NA	NA	NA	NA	NA
"P1_I56_S1"	"IGKV2-24"	"01"	"01"	"01"	"0.5,0.5"	"1"	"5,2"	"1.92750729259472"	NA	NA	NA	NA	NA	NA
"P1_I56_S1"	"IGKV1D-8"	"01"	"Unk"	"01"	"0.5,0.5"	"1"	"5,0"	"1.49020504282493"	NA	NA	NA	NA	NA	NA
"P1_I56_S1"	"IGKV3D-7"	"Unk"	"01"	"01"	"0.5,0.5"	"1"	"0,2"	"0.590930412145642"	NA	NA	NA	NA	NA	NA
"P1_I56_S1"	"IGKV1-6"	"01"	"Unk"	"01"	"0.5,0.5"	"1"	"3,0"	"0.894123025694956"	NA	NA	NA	NA	NA	NA
"P1_I56_S1"	"IGKV1-27"	"01"	"01"	"01"	"0.5,0.5"	"1"	"3,4"	"3.93698027136169"	NA	NA	NA	NA	NA	NA
"P1_I56_S1"	"IGKV1-16"	"02"	"02"	"02"	"0.5,0.5"	"1"	"2,3"	"2.52616511221685"	NA	NA	NA	NA	NA	NA
"P1_I56_S1"	"IGKV6E-21"	"01,03"	"03"	"01,03"	"0.5,0.5"	"0.66,0.34"	"2,0"	"0.596082017129971"	"1,2"	"1.11534995307201"	NA	NA	NA	NA
"P1_I56_S1"	"IGKV1-8"	"01_T258C"	"01"	"01,01_T258C"	"0.5,0.5"	"0.53,0.47"	"0,6"	"1.77279123643693"	"10,0"	"2.98041008564985"	NA	NA	NA	NA
"P1_I56_S1"	"IGKV3-7"	"Unk"	"04"	"04"	"0.5,0.5"	"1"	"0,2"	"0.590930412145642"	NA	NA	NA	NA	NA	NA
"P1_I56_S1"	"IGKV5-2"	"Unk"	"01"	"01"	"0.5,0.5"	"1"	"0,2"	"0.590930412145642"	NA	NA	NA	NA	NA	NA
"P1_I56_S1"	"IGLV1-40"	"Unk"	"Unk"	NA	NA	NA	NA	NA	NA	NA	NA	NA	NA	NA
"P1_I56_S1"	"IGLV2-23"	"Unk"	"Unk"	NA	NA	NA	NA	NA	NA	NA	NA	NA	NA	NA
"P1_I56_S1"	"IGLV3-10"	"Unk"	"Unk"	NA	NA	NA	NA	NA	NA	NA	NA	NA	NA	NA
"P1_I56_S1"	"IGLV3-9"	"Unk"	"Unk"	NA	NA	NA	NA	NA	NA	NA	NA	NA	NA	NA
"P1_I56_S1"	"IGLV4-60"	"Unk"	"Unk"	NA	NA	NA	NA	NA	NA	NA	NA	NA	NA	NA
"P1_I56_S1"	"IGKV1D-17"	"Unk"	"Unk"	NA	NA	NA	NA	NA	NA	NA	NA	NA	NA	NA
"P1_I56_S1"	"IGKV2D-26"	"Unk"	"Unk"	NA	NA	NA	NA	NA	NA	NA	NA	NA	NA	NA
"P1_I56_S1"	"IGKV2-29"	"Del"	"Del"	NA	NA	NA	NA	NA	NA	NA	NA	NA	NA	NA
"P1_I56_S1"	"IGKV3D-11"	"Unk"	"Unk"	NA	NA	NA	NA	NA	NA	NA	NA	NA	NA	NA
