subject	gene	TRBJ1-6_01	TRBJ1-6_02	alleles	proirs_row	proirs_col	counts1	k1	counts2	k2	counts3	k3	counts4	k4	TOTAL
solC_9a	TRBV20-1	bp01	bp01	bp01	0.36,0.64	1	21,22	28.7173317341845	NA	NA	NA	NA	NA	NA	406
solC_9a	TRBV15	bp02	bp02	bp02	0.36,0.64	1	9,9	12.3893470811133	NA	NA	NA	NA	NA	NA	406
solC_9a	TRBV4-1	bp01	bp01	bp01	0.36,0.64	1	1,7	0.229725389644217	NA	NA	NA	NA	NA	NA	406
solC_9a	TRBV12-34	bp01	bp01	bp01	0.36,0.64	1	25,26	34.2237082146793	NA	NA	NA	NA	NA	NA	406
solC_9a	TRBV19	bp01	bp01	bp01	0.36,0.64	1	12,35	12.1227993079797	NA	NA	NA	NA	NA	NA	406
solC_9a	TRBV6-1	bp01	bp01	bp01	0.36,0.64	1	7,4	4.19662908475774	NA	NA	NA	NA	NA	NA	406
solC_9a	TRBV7-2	Unk	bp01	bp01	0.36,0.64	1	0,3	0.573434365239744	NA	NA	NA	NA	NA	NA	406
solC_9a	TRBV30	bp01	Del	bp01	0.36,0.64	1	27,1	9.97454997626425	NA	NA	NA	NA	NA	NA	406
solC_9a	TRBV6-23	Unk	bp01	bp01	0.36,0.64	1	0,6	1.14686873047949	NA	NA	NA	NA	NA	NA	406
solC_9a	TRBV6-4	bp01	Unk	bp01	0.36,0.64	1	7,1	1.24290067135044	NA	NA	NA	NA	NA	NA	406
solC_9a	TRBV27	Del	bp01	bp01	0.36,0.64	1	0,17	3.24946140302521	NA	NA	NA	NA	NA	NA	406
solC_9a	TRBV6-5	bp01	bp01	bp01	0.36,0.64	1	7,18	7.5335661683202	NA	NA	NA	NA	NA	NA	406
solC_9a	TRBV6-6	Unk	bp01	bp01	0.36,0.64	1	0,5	0.95572394206624	NA	NA	NA	NA	NA	NA	406
solC_9a	TRBV18	bp01	bp01	bp01	0.36,0.64	1	6,14	6.73040641343624	NA	NA	NA	NA	NA	NA	406
solC_9a	TRBV11-3	Unk	bp01	bp01	0.36,0.64	1	1,10	0.343708975595527	NA	NA	NA	NA	NA	NA	406
solC_9a	TRBV7-6	Del	bp01	bp01	0.36,0.64	1	0,16	3.05831661461197	NA	NA	NA	NA	NA	NA	406
solC_9a	TRBV5-5	Unk	bp01	bp01	0.36,0.64	1	0,7	1.33801351889274	NA	NA	NA	NA	NA	NA	406
solC_9a	TRBV10-1	bp01,bp02	Unk	bp01,bp02	0.36,0.64	0.75,0.25	3,0	1.30974739573707	1,0	0.43658246524569	NA	NA	NA	NA	406
solC_9a	TRBV11-2	Unk	bp01	bp01	0.36,0.64	1	0,7	1.33801351889274	NA	NA	NA	NA	NA	NA	406
solC_9a	TRBV7-3	bp03	Unk	bp03	0.36,0.64	1	4,0	1.74632986098276	NA	NA	NA	NA	NA	NA	406
solC_9a	TRBV10-3	bp01,bp02_313GCCATCAGTGAGTC326	bp01,bp02_313GCCATCAGTGAGTC326	bp01,bp02_313GCCATCAGTGAGTC326	0.36,0.64	0.33,0.67	1,1	1.3765941201237	3,1	0.503429189632323	NA	NA	NA	NA	406
solC_9a	TRBV28	bp01	bp01	bp01	0.36,0.64	1	3,3	4.12978236037111	NA	NA	NA	NA	NA	NA	406
solC_9a	TRBV2	bp01	bp01	bp01	0.36,0.64	1	1,3	0.994304543297208	NA	NA	NA	NA	NA	NA	406
solC_9a	TRBV5-6	Unk	bp01	bp01	0.36,0.64	1	1,13	0.917143340835271	NA	NA	NA	NA	NA	NA	406
solC_9a	TRBV7-9	Unk	bp01	bp01	0.36,0.64	1	0,10	1.91144788413248	NA	NA	NA	NA	NA	NA	406
solC_9a	TRBV5-4	bp01	bp01	bp01	0.36,0.64	1	2,8	1.60631950976792	NA	NA	NA	NA	NA	NA	406
solC_9a	TRBV12-5	Unk	bp01	bp01	0.36,0.64	1	0,1	0.191144788413248	NA	NA	NA	NA	NA	NA	406
solC_9a	TRBV5-1	Unk	bp01	bp01	0.36,0.64	1	0,6	1.14686873047949	NA	NA	NA	NA	NA	NA	406
solC_9a	TRBV5-3	bp02	Unk	bp02	0.36,0.64	1	4,0	1.74632986098276	NA	NA	NA	NA	NA	NA	406
solC_9a	TRBV24-1	Unk	bp02	bp02	0.36,0.64	1	0,4	0.764579153652992	NA	NA	NA	NA	NA	NA	406
solC_9a	TRBV14	Unk	bp01	bp01	0.36,0.64	1	0,1	0.191144788413248	NA	NA	NA	NA	NA	NA	406
solC_9a	TRBV11-1	Unk	bp01	bp01	0.36,0.64	1	0,1	0.191144788413248	NA	NA	NA	NA	NA	NA	406
solC_9a	TRBV1	Unk	Unk	NA	NA	NA	NA	NA	NA	NA	NA	NA	NA	NA	406
solC_9a	TRBV10-2	Unk	Unk	NA	NA	NA	NA	NA	NA	NA	NA	NA	NA	NA	406
solC_9a	TRBV13	Unk	Unk	NA	NA	NA	NA	NA	NA	NA	NA	NA	NA	NA	406
solC_9a	TRBV16	Unk	Unk	NA	NA	NA	NA	NA	NA	NA	NA	NA	NA	NA	406
solC_9a	TRBV21-1	Unk	Unk	NA	NA	NA	NA	NA	NA	NA	NA	NA	NA	NA	406
solC_9a	TRBV23-1	Unk	Unk	NA	NA	NA	NA	NA	NA	NA	NA	NA	NA	NA	406
solC_9a	TRBV25-1	Unk	Unk	NA	NA	NA	NA	NA	NA	NA	NA	NA	NA	NA	406
solC_9a	TRBV26	Unk	Unk	NA	NA	NA	NA	NA	NA	NA	NA	NA	NA	NA	406
solC_9a	TRBV29-1	Unk	Unk	NA	NA	NA	NA	NA	NA	NA	NA	NA	NA	NA	406
solC_9a	TRBV3-1	Unk	Unk	NA	NA	NA	NA	NA	NA	NA	NA	NA	NA	NA	406
solC_9a	TRBV3-2	Unk	Unk	NA	NA	NA	NA	NA	NA	NA	NA	NA	NA	NA	406
solC_9a	TRBV4-2	Unk	Unk	NA	NA	NA	NA	NA	NA	NA	NA	NA	NA	NA	406
solC_9a	TRBV4-3	Unk	Unk	NA	NA	NA	NA	NA	NA	NA	NA	NA	NA	NA	406
solC_9a	TRBV5-7	Unk	Unk	NA	NA	NA	NA	NA	NA	NA	NA	NA	NA	NA	406
solC_9a	TRBV5-8	Unk	Unk	NA	NA	NA	NA	NA	NA	NA	NA	NA	NA	NA	406
solC_9a	TRBV6-7	Unk	Unk	NA	NA	NA	NA	NA	NA	NA	NA	NA	NA	NA	406
solC_9a	TRBV6-8	Unk	Unk	NA	NA	NA	NA	NA	NA	NA	NA	NA	NA	NA	406
solC_9a	TRBV6-9	Unk	Unk	NA	NA	NA	NA	NA	NA	NA	NA	NA	NA	NA	406
solC_9a	TRBV7-1	Unk	Unk	NA	NA	NA	NA	NA	NA	NA	NA	NA	NA	NA	406
solC_9a	TRBV7-4	Unk	Unk	NA	NA	NA	NA	NA	NA	NA	NA	NA	NA	NA	406
solC_9a	TRBV7-7	Unk	Unk	NA	NA	NA	NA	NA	NA	NA	NA	NA	NA	NA	406
solC_9a	TRBV7-8	Unk	Unk	NA	NA	NA	NA	NA	NA	NA	NA	NA	NA	NA	406
solC_9a	TRBV9	Unk	Unk	NA	NA	NA	NA	NA	NA	NA	NA	NA	NA	NA	406
