ALLELE	CLOSE_REFERENCE	CHIMERA	IN_GENOTYPE	SINGLETON	SAHRED_SNP	HOTSPOT	NOVEL_AA	SNP_XXXX	LONG_VERSION	IN_GENO
IGHV3-30*03_T288C	IGHV3-30*03	low probability for chimera	FALSE	NA	NA	NA	NA	NA	NA	TRUE
IGHV3-30*03_T189C_T201C	IGHV3-30*03	high probability for chimera, inference removed	FALSE	NA	NA	NA	NA	NA	NA	FALSE
IGHV3-30-3*01_T288C_T300C_G303A_G317A	IGHV3-30-3*01	high probability for chimera, inference removed	FALSE	NA	NA	NA	NA	NA	NA	FALSE
IGHV3-30-3*02_G75C	IGHV3-30-3*02	low probability for chimera	FALSE	NA	NA	NA	NA	NA	NA	TRUE
IGHV3-33*01_C288T	IGHV3-33*01	low probability for chimera	FALSE	NA	NA	NA	NA	NA	NA	TRUE
IGHV3-53*05_C300T	IGHV3-53*05	low probability for chimera	FALSE	NA	NA	NA	NA	NA	NA	TRUE
IGHV3-53*05_T267G_C300T	IGHV3-53*05	high probability for chimera, inference removed	FALSE	NA	NA	NA	NA	NA	NA	FALSE
IGHV3-53*05_T267G_C300T_G317A	IGHV3-53*05	high probability for chimera, inference removed	FALSE	NA	NA	NA	NA	NA	NA	FALSE
IGHV3-66*02_T267G	IGHV3-66*02	low probability for chimera	FALSE	NA	NA	NA	NA	NA	NA	TRUE
IGHV4-38-2*02_A291G	IGHV4-38-2*02	low probability for chimera	FALSE	NA	NA	NA	NA	NA	NA	TRUE
