germline_call	note	polymorphism_call	nt_substitutions	novel_imgt	novel_imgt_count	novel_imgt_unique_j	novel_imgt_unique_cdr3	perfect_match_count	perfect_match_freq	germline_call_count	germline_call_freq	mut_min	mut_max	mut_pass_count	germline_imgt	germline_imgt_count	pos_min	pos_max	y_intercept	y_intercept_pass	snp_pass	unmutated_count	unmutated_freq	unmutated_snp_j_gene_length_count	snp_min_seqs_j_max_pass	alpha	min_seqs	j_max	min_frac	gene	chimera_note
IGHV1-3*bp01	Novel allele found!	IGHV1-3*bp01_A291G_T300C	291A>G,300T>C	NNNNNNNNNNNNNNNNNNNNNNNNNNN...NNNNNNNNNNNNNNNNNNNNNNNNNNNNNNNNNNNNNNNNNNGCTTCTGGATACACCTTC............ACTAGCTATGCTATGCATTGGGTGCGCCAGGCCCCCGGACAAAGGCTTGAGTGGATGGGATGGATCAACGCTGGC......AATGGTAACACAAAATATTCACAGAAGTTCCAG...GGCAGAGTCACCATTACCAGGGACACATCCGCGAGCACAGCCTACATGGAGCTGAGCAGCCTGAGATCTGAGGACACGGCCGTGTATTACTGTGCGAGAGA	0	0	0	48	0.0569395017793594	843	0.038	2	11	354	NNNNNNNNNNNNNNNNNNNNNNNNNNN...NNNNNNNNNNNNNNNNNNNNNNNNNNNNNNNNNNNNNNNNNNGCTTCTGGATACACCTTC............ACTAGCTATGCTATGCATTGGGTGCGCCAGGCCCCCGGACAAAGGCTTGAGTGGATGGGATGGATCAACGCTGGC......AATGGTAACACAAAATATTCACAGAAGTTCCAG...GGCAGAGTCACCATTACCAGGGACACATCCGCGAGCACAGCCTACATGGAGCTGAGCAGCCTGAGATCTGAAGACACGGCTGTGTATTACTGTGCGAGAGA	0	1	318	0.125	2	267	60	0.0711743772241993	45	1	0.05	1	0.15	0.75	IGHV1-3	probability for chimera, inference removed
IGHV1-24*bp01	Novel allele found!	IGHV1-24*bp01_A315G_C317G	315A>G,317C>G	NNNNNNNNNNNNNNNNNNNNNNNNNNN...NNNNNNNNNNNNNNNNNNNNNNNNNNNNNNNNNNNNNNNNNNGTTTCCGGATACACCCTC............ACTGAATTATCCATGCACTGGGTGCGACAGGCTCCTGGAAAAGGGCTTGAGTGGATGGGAGGTTTTGATCCTGAA......GATGGTGAAACAATCTACGCACAGAAGTTCCAG...GGCAGAGTCACCATGACCGAGGACACATCTACAGACACAGCCTACATGGAGCTGAGCAGCCTGAGATCTGAGGACACGGCCGTGTATTACTGTGCGAGAGA	0	0	0	125	0.162548764629389	769	0.035	1	10	413	NNNNNNNNNNNNNNNNNNNNNNNNNNN...NNNNNNNNNNNNNNNNNNNNNNNNNNNNNNNNNNNNNNNNNNGTTTCCGGATACACCCTC............ACTGAATTATCCATGCACTGGGTGCGACAGGCTCCTGGAAAAGGGCTTGAGTGGATGGGAGGTTTTGATCCTGAA......GATGGTGAAACAATCTACGCACAGAAGTTCCAG...GGCAGAGTCACCATGACCGAGGACACATCTACAGACACAGCCTACATGGAGCTGAGCAGCCTGAGATCTGAGGACACGGCCGTGTATTACTGTGCAACAGA	0	1	318	0.125	2	292	139	0.18075422626788	69	1	0.05	1	0.15	0.75	IGHV1-24	probability for chimera, inference removed
IGHV1-69*bp05	Novel allele found!	IGHV1-69*bp05_T211C_G231C_T234G_G240A_G244A_A245C_C276G_G291C	211T>C,231G>C,234T>G,240G>A,244G>A,245A>C,276C>G,291G>C	NNNNNNNNNNNNNNNNNNNNNNNNNNN...NNNNNNNNNNNNNNNNNNNNNNNNNNNNNNNNNNNNNNNNNNGCTTCTGGAGGCACCTTC............AGCAGCTATGCTATCAGCTGGGTGCGACAGGCCCCTGGACAAGGGCTTGAGTGGATGGGAGGGATCATCCCTATC......TTTGGTACAGCAAACTACGCACAGAAGCTCCAG...GGCAGAGTCACCATGACCACAGACACATCCACGAGCACAGCCTACATGGAGCTGAGGAGCCTGAGATCTGACGACACGGCCGTGTATTACTGTGCGAGAGA	0	0	0	7	0.132075471698113	53	0.002	8	17	35	NNNNNNNNNNNNNNNNNNNNNNNNNNN...NNNNNNNNNNNNNNNNNNNNNNNNNNNNNNNNNNNNNNNNNNGCTTCTGGAGGCACCTTC............AGCAGCTATGCTATCAGCTGGGTGCGACAGGCCCCTGGACAAGGGCTTGAGTGGATGGGAGGGATCATCCCTATC......TTTGGTACAGCAAACTACGCACAGAAGTTCCAG...GGCAGAGTCACGATTACCACGGACGAATCCACGAGCACAGCCTACATGGAGCTGAGCAGCCTGAGATCTGAGGACACGGCCGTGTATTACTGTGCGAGAGA	0	1	318	0.125	8	35	7	0.132075471698113	7	1	0.05	1	0.15	0.75	IGHV1-69	probability for chimera, inference removed
IGHV3-20*bp02	Novel allele found!	IGHV3-20*bp02_T279C_C300T_T301G	279T>C,300C>T,301T>G	NNNNNNNNNNNNNNNNNNNNNNNNNNN...NNNNNNNNNNNNNNNNNNNNNNNNNNNNNNNNNNNNNNTGCAGCCTCTGGATTCACCTTT............GATGATTATGGCATGAGCTGGGTCCGCCAAGCTCCAGGGAAGGGGCTGGAGTGGGTCTCTGGTATTAATTGGAAT......GGTGGTAGCACAGGTTATGCAGACTCTGTGAAG...GGCCGATTCACCATCTCCAGAGACAACGCCAAGAACTCCCTGTATCTGCAAATGAACAGCCTGAGAGCCGAGGACACGGCTGTGTATTACTGTGCGAGAGA	0	0	0	16	0.0349344978165939	458	0.021	2	11	253	NNNNNNNNNNNNNNNNNNNNNNNNNNN...NNNNNNNNNNNNNNNNNNNNNNNNNNNNNNNNNNNNNNTGCAGCCTCTGGATTCACCTTT............GATGATTATGGCATGAGCTGGGTCCGCCAAGCTCCAGGGAAGGGGCTGGAGTGGGTCTCTGGTATTAATTGGAAT......GGTGGTAGCACAGGTTATGCAGACTCTGTGAAG...GGCCGATTCACCATCTCCAGAGACAACGCCAAGAACTCCCTGTATCTGCAAATGAACAGTCTGAGAGCCGAGGACACGGCCTTGTATTACTGTGCGAGAGA	0	1	318	0.125	3	223	33	0.0720524017467249	29	1	0.05	1	0.15	0.75	IGHV3-20	probability for chimera, inference removed
IGHV3-20*bp02	Novel allele found!	IGHV3-20*bp02_C258A_T279C_C300T_T301G	258C>A,279T>C,300C>T,301T>G	NNNNNNNNNNNNNNNNNNNNNNNNNNN...NNNNNNNNNNNNNNNNNNNNNNNNNNNNNNNNNNNNNNTGCAGCCTCTGGATTCACCTTT............GATGATTATGGCATGAGCTGGGTCCGCCAAGCTCCAGGGAAGGGGCTGGAGTGGGTCTCTGGTATTAATTGGAAT......GGTGGTAGCACAGGTTATGCAGACTCTGTGAAG...GGCCGATTCACCATCTCCAGAGACAACGCCAAGAACTCACTGTATCTGCAAATGAACAGCCTGAGAGCCGAGGACACGGCTGTGTATTACTGTGCGAGAGA	0	0	0	14	0.0305676855895196	458	0.021	3	12	238	NNNNNNNNNNNNNNNNNNNNNNNNNNN...NNNNNNNNNNNNNNNNNNNNNNNNNNNNNNNNNNNNNNTGCAGCCTCTGGATTCACCTTT............GATGATTATGGCATGAGCTGGGTCCGCCAAGCTCCAGGGAAGGGGCTGGAGTGGGTCTCTGGTATTAATTGGAAT......GGTGGTAGCACAGGTTATGCAGACTCTGTGAAG...GGCCGATTCACCATCTCCAGAGACAACGCCAAGAACTCCCTGTATCTGCAAATGAACAGTCTGAGAGCCGAGGACACGGCCTTGTATTACTGTGCGAGAGA	0	1	318	0.125	4	215	44	0.0960698689956332	38	2	0.05	1	0.15	0.75	IGHV3-20	probability for chimera, inference removed
IGHV3-23*bp01	Novel allele found!	IGHV3-23*bp01_C300T_A303G_A317G	300C>T,303A>G,317A>G	NNNNNNNNNNNNNNNNNNNNNNNNNNN...NNNNNNNNNNNNNNNNNNNNNNNNNNNNNNNNNNNNNNTGCAGCCTCTGGATTCACCTTT............AGCAGCTATGCCATGAGCTGGGTCCGCCAGGCTCCAGGGAAGGGGCTGGAGTGGGTCTCAGCTATTAGTGGTAGT......GGTGGTAGCACATACTACGCAGACTCCGTGAAG...GGCCGGTTCACCATCTCCAGAGACAATTCCAAGAACACGCTGTATCTGCAAATGAACAGCCTGAGAGCCGAGGACACGGCTGTGTATTACTGTGCGAGAGA	0	0	0	27	0.0340050377833753	794	0.036	2	11	354	NNNNNNNNNNNNNNNNNNNNNNNNNNN...NNNNNNNNNNNNNNNNNNNNNNNNNNNNNNNNNNNNNNTGCAGCCTCTGGATTCACCTTT............AGCAGCTATGCCATGAGCTGGGTCCGCCAGGCTCCAGGGAAGGGGCTGGAGTGGGTCTCAGCTATTAGTGGTAGT......GGTGGTAGCACATACTACGCAGACTCCGTGAAG...GGCCGGTTCACCATCTCCAGAGACAATTCCAAGAACACGCTGTATCTGCAAATGAACAGCCTGAGAGCCGAGGACACGGCCGTATATTACTGTGCGAAAGA	0	1	318	0.125	3	195	31	0.0390428211586902	21	1	0.05	1	0.15	0.75	IGHV3-23	probability for chimera, inference removed
IGHV3-23*bp01	Novel allele found!	IGHV3-23*bp01_C288T_C300T_A303G_A317G	288C>T,300C>T,303A>G,317A>G	NNNNNNNNNNNNNNNNNNNNNNNNNNN...NNNNNNNNNNNNNNNNNNNNNNNNNNNNNNNNNNNNNNTGCAGCCTCTGGATTCACCTTT............AGCAGCTATGCCATGAGCTGGGTCCGCCAGGCTCCAGGGAAGGGGCTGGAGTGGGTCTCAGCTATTAGTGGTAGT......GGTGGTAGCACATACTACGCAGACTCCGTGAAG...GGCCGGTTCACCATCTCCAGAGACAATTCCAAGAACACGCTGTATCTGCAAATGAACAGCCTGAGAGCTGAGGACACGGCTGTGTATTACTGTGCGAGAGA	0	0	0	18	0.0226700251889169	794	0.036	3	12	325	NNNNNNNNNNNNNNNNNNNNNNNNNNN...NNNNNNNNNNNNNNNNNNNNNNNNNNNNNNNNNNNNNNTGCAGCCTCTGGATTCACCTTT............AGCAGCTATGCCATGAGCTGGGTCCGCCAGGCTCCAGGGAAGGGGCTGGAGTGGGTCTCAGCTATTAGTGGTAGT......GGTGGTAGCACATACTACGCAGACTCCGTGAAG...GGCCGGTTCACCATCTCCAGAGACAATTCCAAGAACACGCTGTATCTGCAAATGAACAGCCTGAGAGCCGAGGACACGGCCGTATATTACTGTGCGAAAGA	0	1	318	0.125	4	193	46	0.0579345088161209	33	2	0.05	1	0.15	0.75	IGHV3-23	probability for chimera, inference removed
IGHV3-30*bp19	Novel allele found!	IGHV3-30*bp19_C170G_A171G	170C>G,171A>G	NNNNNNNNNNNNNNNNNNNNNNNNNNN...NNNNNNNNNNNNNNNNNNNNNNNNNNNNNNNNNNNNNNTGCAGCGTCTGGATTCACCTTC............AGTAGCTATGGCATGCACTGGGTCCGCCAGGCTCCAGGCAAGGGGCTGGAGTGGGTGGCAGTTATATGGTATGAT......GGAAGTAATAAATACTACGCAGACTCCGTGAAG...GGCCGATTCACCATCTCCAGAGACAATTCCAAGAACACGCTGTATCTGCAAATGAACAGCCTGAGAGCTGAGGACACGGCTGTGTATTACTGTGCGAGAGA	0	0	0	16	0.111888111888112	143	0.006	2	11	84	NNNNNNNNNNNNNNNNNNNNNNNNNNN...NNNNNNNNNNNNNNNNNNNNNNNNNNNNNNNNNNNNNNTGCAGCGTCTGGATTCACCTTC............AGTAGCTATGGCATGCACTGGGTCCGCCAGGCTCCAGGCAAGGGGCTGGAGTGGGTGGCAGTTATATCATATGAT......GGAAGTAATAAATACTACGCAGACTCCGTGAAG...GGCCGATTCACCATCTCCAGAGACAATTCCAAGAACACGCTGTATCTGCAAATGAACAGCCTGAGAGCTGAGGACACGGCTGTGTATTACTGTGCGAGAGA	0	1	318	0.125	2	23	16	0.111888111888112	13	1	0.05	1	0.15	0.75	IGHV3-30	probability for chimera, inference removed
IGHV3-33*bp06	Novel allele found!	IGHV3-33*bp06_T300C_G303A	300T>C,303G>A	NNNNNNNNNNNNNNNNNNNNNNNNNNN...NNNNNNNNNNNNNNNNNNNNNNNNNNNNNNNNNNNNNNTGCAGCGTCTGGATTCACCTTC............AGTAGCTATGGCATGCACTGGGTCCGCCAGGCTCCAGGCAAGGGGCTGGAGTGGGTGGCAGTTATATGGTATGAT......GGAAGTAATAAATACTATGCAGACTCCGTGAAG...GGCCGATTCACCATCTCCAGAGACAATTCCAAGAACACGCTGTATCTGCAAATGAACAGCCTGAGAGCCGAGGACACGGCCGTATATTACTGTGCGAAAGA	0	0	0	9	0.152542372881356	59	0.003	2	11	44	NNNNNNNNNNNNNNNNNNNNNNNNNNN...NNNNNNNNNNNNNNNNNNNNNNNNNNNNNNNNNNNNNNTGCAGCGTCTGGATTCACCTTC............AGTAGCTATGGCATGCACTGGGTCCGCCAGGCTCCAGGCAAGGGGCTGGAGTGGGTGGCAGTTATATGGTATGAT......GGAAGTAATAAATACTATGCAGACTCCGTGAAG...GGCCGATTCACCATCTCCAGAGACAATTCCAAGAACACGCTGTATCTGCAAATGAACAGCCTGAGAGCCGAGGACACGGCTGTGTATTACTGTGCGAAAGA	0	1	318	0.125	3	40	17	0.288135593220339	15	1	0.05	1	0.15	0.75	IGHV3-33	probability for chimera, inference removed
IGHV3-53*bp04	Novel allele found!	IGHV3-53*bp04_T267G_C300T	267T>G,300C>T	NNNNNNNNNNNNNNNNNNNNNNNNNNN...NNNNNNNNNNNNNNNNNNNNNNNNNNNNNNNNNNNNNNTGCAGCCTCTGGGTTCACCGTC............AGTAGCAACTACATGAGCTGGGTCCGCCAGGCTCCAGGGAAGGGGCTGGAGTGGGTCTCAGTTATTTATAGCGGT.........GGTAGCACATACTACGCAGACTCCGTGAAG...GGCCGATTCACCATCTCCAGAGACAATTCCAAGAACACGCTGTATCTGCAAATGAACAGCCTGAGAGCTGAGGACACGGCTGTGTATTACTGTGCGAGAGA	0	0	0	30	0.410958904109589	73	0.003	2	11	57	NNNNNNNNNNNNNNNNNNNNNNNNNNN...NNNNNNNNNNNNNNNNNNNNNNNNNNNNNNNNNNNNNNTGCAGCCTCTGGGTTCACCGTC............AGTAGCAACTACATGAGCTGGGTCCGCCAGGCTCCAGGGAAGGGGCTGGAGTGGGTCTCAGTTATTTATAGCGGT.........GGTAGCACATACTACGCAGACTCCGTGAAG...GGCCGATTCACCATCTCCAGAGACAATTCCAAGAACACGCTGTATCTTCAAATGAACAGCCTGAGAGCTGAGGACACGGCCGTGTATTACTGTGCGAGAGA	0	1	318	0.125	2	52	30	0.410958904109589	25	1	0.05	1	0.15	0.75	IGHV3-53	probability for chimera, inference removed
IGHV3-64D*bp01	Novel allele found!	IGHV3-64D*bp01_T314C_A317G	314T>C,317A>G	NNNNNNNNNNNNNNNNNNNNNNNNNNN...NNNNNNNNNNNNNNNNNNNNNNNNNNNNNNNNNNNNNNTTCAGCCTCTGGATTCACCTTC............AGTAGCTATGCTATGCACTGGGTCCGCCAGGCTCCAGGGAAGGGACTGGAATATGTTTCAGCTATTAGTAGTAAT......GGGGGTAGCACATACTACGCAGACTCCGTGAAG...GGCAGATTCACCATCTCCAGAGACAATTCCAAGAACACGCTGTATCTTCAAATGAGCAGTCTGAGAGCTGAGGACACGGCTGTGTATTACTGTGCGAGAGA	0	0	0	37	0.11178247734139	331	0.015	1	10	146	NNNNNNNNNNNNNNNNNNNNNNNNNNN...NNNNNNNNNNNNNNNNNNNNNNNNNNNNNNNNNNNNNNTTCAGCCTCTGGATTCACCTTC............AGTAGCTATGCTATGCACTGGGTCCGCCAGGCTCCAGGGAAGGGACTGGAATATGTTTCAGCTATTAGTAGTAAT......GGGGGTAGCACATACTACGCAGACTCCGTGAAG...GGCAGATTCACCATCTCCAGAGACAATTCCAAGAACACGCTGTATCTTCAAATGAGCAGTCTGAGAGCTGAGGACACGGCTGTGTATTACTGTGTGAAAGA	0	1	318	0.125	2	89	52	0.157099697885196	44	2	0.05	1	0.15	0.75	IGHV3-64D	probability for chimera, inference removed
IGHV3-64D*bp01	Novel allele found!	IGHV3-64D*bp01_T314C	314T>C	NNNNNNNNNNNNNNNNNNNNNNNNNNN...NNNNNNNNNNNNNNNNNNNNNNNNNNNNNNNNNNNNNNTTCAGCCTCTGGATTCACCTTC............AGTAGCTATGCTATGCACTGGGTCCGCCAGGCTCCAGGGAAGGGACTGGAATATGTTTCAGCTATTAGTAGTAAT......GGGGGTAGCACATACTACGCAGACTCCGTGAAG...GGCAGATTCACCATCTCCAGAGACAATTCCAAGAACACGCTGTATCTTCAAATGAGCAGTCTGAGAGCTGAGGACACGGCTGTGTATTACTGTGCGAAAGA	0	0	0	7	0.0211480362537764	331	0.015	1	10	146	NNNNNNNNNNNNNNNNNNNNNNNNNNN...NNNNNNNNNNNNNNNNNNNNNNNNNNNNNNNNNNNNNNTTCAGCCTCTGGATTCACCTTC............AGTAGCTATGCTATGCACTGGGTCCGCCAGGCTCCAGGGAAGGGACTGGAATATGTTTCAGCTATTAGTAGTAAT......GGGGGTAGCACATACTACGCAGACTCCGTGAAG...GGCAGATTCACCATCTCCAGAGACAATTCCAAGAACACGCTGTATCTTCAAATGAGCAGTCTGAGAGCTGAGGACACGGCTGTGTATTACTGTGTGAAAGA	0	1	318	0.125	2	89	52	0.157099697885196	44	2	0.05	1	0.15	0.75	IGHV3-64D	probability for chimera, inference removed
IGHV3-64*bp04	Novel allele found!	IGHV3-64*bp04_A210C	210A>C	NNNNNNNNNNNNNNNNNNNNNNNNNNN...NNNNNNNNNNNNNNNNNNNNNNNNNNNNNNNNNNNNNNTTCAGCCTCTGGATTCACCTTC............AGTAGCTATGCTATGCACTGGGTCCGCCAGGCTCCAGGGAAGGGACTGGAATATGTTTCAGCTATTAGTAGTAAT......GGGGGTAGCACATACTACGCAGACTCCGTGAAG...GGCAGATTCACCATCTCCAGAGACAATTCCAAGAACACGCTGTATCTGCAAATGAACAGCCTGAGAGCTGAGGACACGGCTGTGTATTACTGTGCGAGAGA	0	0	0	23	0.0751633986928105	306	0.014	1	10	239	NNNNNNNNNNNNNNNNNNNNNNNNNNN...NNNNNNNNNNNNNNNNNNNNNNNNNNNNNNNNNNNNNNTTCAGCCTCTGGATTCACCTTC............AGTAGCTATGCTATGCACTGGGTCCGCCAGGCTCCAGGGAAGGGACTGGAATATGTTTCAGCTATTAGTAGTAAT......GGGGGTAGCACATACTACGCAGACTCAGTGAAG...GGCAGATTCACCATCTCCAGAGACAATTCCAAGAACACGCTGTATCTGCAAATGAACAGCCTGAGAGCTGAGGACACGGCTGTGTATTACTGTGCGAGAGA	0	1	318	0.125	1	233	23	0.0751633986928105	17	1	0.05	1	0.15	0.75	IGHV3-64	probability for chimera, inference removed
IGHV3-66*bp01	Novel allele found!	IGHV3-66*bp01_T267G_C288T	267T>G,288C>T	NNNNNNNNNNNNNNNNNNNNNNNNNNN...NNNNNNNNNNNNNNNNNNNNNNNNNNNNNNNNNNNNNNTGCAGCCTCTGGATTCACCGTC............AGTAGCAACTACATGAGCTGGGTCCGCCAGGCTCCAGGGAAGGGGCTGGAGTGGGTCTCAGTTATTTATAGCGGT.........GGTAGCACATACTACGCAGACTCCGTGAAG...GGCAGATTCACCATCTCCAGAGACAATTCCAAGAACACGCTGTATCTGCAAATGAACAGCCTGAGAGCTGAGGACACGGCTGTGTATTACTGTGCGAGAGA	0	0	0	22	0.0381944444444444	576	0.026	1	10	296	NNNNNNNNNNNNNNNNNNNNNNNNNNN...NNNNNNNNNNNNNNNNNNNNNNNNNNNNNNNNNNNNNNTGCAGCCTCTGGATTCACCGTC............AGTAGCAACTACATGAGCTGGGTCCGCCAGGCTCCAGGGAAGGGGCTGGAGTGGGTCTCAGTTATTTATAGCGGT.........GGTAGCACATACTACGCAGACTCCGTGAAG...GGCAGATTCACCATCTCCAGAGACAATTCCAAGAACACGCTGTATCTTCAAATGAACAGCCTGAGAGCCGAGGACACGGCTGTGTATTACTGTGCGAGAGA	0	1	318	0.125	2	192	51	0.0885416666666667	40	2	0.05	1	0.15	0.75	IGHV3-66	probability for chimera, inference removed
IGHV3-66*bp01	Novel allele found!	IGHV3-66*bp01_T267G	267T>G	NNNNNNNNNNNNNNNNNNNNNNNNNNN...NNNNNNNNNNNNNNNNNNNNNNNNNNNNNNNNNNNNNNTGCAGCCTCTGGATTCACCGTC............AGTAGCAACTACATGAGCTGGGTCCGCCAGGCTCCAGGGAAGGGGCTGGAGTGGGTCTCAGTTATTTATAGCGGT.........GGTAGCACATACTACGCAGACTCCGTGAAG...GGCAGATTCACCATCTCCAGAGACAATTCCAAGAACACGCTGTATCTGCAAATGAACAGCCTGAGAGCCGAGGACACGGCTGTGTATTACTGTGCGAGAGA	0	0	0	20	0.0347222222222222	576	0.026	1	10	296	NNNNNNNNNNNNNNNNNNNNNNNNNNN...NNNNNNNNNNNNNNNNNNNNNNNNNNNNNNNNNNNNNNTGCAGCCTCTGGATTCACCGTC............AGTAGCAACTACATGAGCTGGGTCCGCCAGGCTCCAGGGAAGGGGCTGGAGTGGGTCTCAGTTATTTATAGCGGT.........GGTAGCACATACTACGCAGACTCCGTGAAG...GGCAGATTCACCATCTCCAGAGACAATTCCAAGAACACGCTGTATCTTCAAATGAACAGCCTGAGAGCCGAGGACACGGCTGTGTATTACTGTGCGAGAGA	0	1	318	0.125	2	192	51	0.0885416666666667	40	2	0.05	1	0.15	0.75	IGHV3-66	probability for chimera, inference removed
IGHV3-72*bp01	Novel allele found!	IGHV3-72*bp01_G73A_C75G_G104C_G117A_G118A_T165C_C167T_G170T_C174T_A177G_C179A_A181T_G185C_G196C_C201T_C203G_A245C_C248T_A254C_C255G_C268G_G303T_T315G	73G>A,75C>G,104G>C,117G>A,118G>A,165T>C,167C>T,170G>T,174C>T,177A>G,179C>A,181A>T,185G>C,196G>C,201C>T,203C>G,245A>C,248C>T,254A>C,255C>G,268C>G,303G>T,315T>G	NNNNNNNNNNNNNNNNNNNNNNNNNNN...NNNNNNNNNNNNNNNNNNNNNNNNNNNNNNNNNNNNNNTGCAACGTCTGGATTCACCTTC............ACTGACCACTACATAAACTGGGTCCGCCAGGCTCCAGGGAAGGGGCTGGAGTGGGTTGGCCGCATTATAAATAAGGATTACACTTACACCACACAATATGGCGCGTCTGTGAAA...GGCAGATTCACCATCTCAAGAGATGCTTTAAAGACGTCACTGTATCTGGAAATGAACAGCCTGAAAACCGAGGACACGGCCGTTTATTACTGTGCGAGAGA	0	0	0	7	0.0307017543859649	228	0.01	22	31	45	NNNNNNNNNNNNNNNNNNNNNNNNNNN...NNNNNNNNNNNNNNNNNNNNNNNNNNNNNNNNNNNNNNTGCAGCCTCTGGATTCACCTTC............AGTGACCACTACATGGACTGGGTCCGCCAGGCTCCAGGGAAGGGGCTGGAGTGGGTTGGCCGTACTAGAAACAAAGCTAACAGTTACACCACAGAATACGCCGCGTCTGTGAAA...GGCAGATTCACCATCTCAAGAGATGATTCAAAGAACTCACTGTATCTGCAAATGAACAGCCTGAAAACCGAGGACACGGCCGTGTATTACTGTGCTAGAGA	0	1	318	0.125	23	39	7	0.0307017543859649	7	1	0.05	1	0.15	0.75	IGHV3-72	
IGHV3-73*bp01	Novel allele found!	IGHV3-73*bp01_A313G_T315G	313A>G,315T>G	NNNNNNNNNNNNNNNNNNNNNNNNNNN...NNNNNNNNNNNNNNNNNNNNNNNNNNNNNNNNNNNNNNTGCAGCCTCTGGGTTCACCTTC............AGTGGCTCTGCTATGCACTGGGTCCGCCAGGCTTCCGGGAAAGGGCTGGAGTGGGTTGGCCGTATTAGAAGCAAAGCTAACAGTTACGCGACAGCATATGCTGCGTCGGTGAAA...GGCAGGTTCACCATCTCCAGAGATGATTCAAAGAACACGGCGTATCTGCAAATGAACAGCCTGAAAACCGAGGACACGGCCGTGTATTACTGTGCGAGACA	0	0	0	14	0.0445859872611465	314	0.014	1	10	134	NNNNNNNNNNNNNNNNNNNNNNNNNNN...NNNNNNNNNNNNNNNNNNNNNNNNNNNNNNNNNNNNNNTGCAGCCTCTGGGTTCACCTTC............AGTGGCTCTGCTATGCACTGGGTCCGCCAGGCTTCCGGGAAAGGGCTGGAGTGGGTTGGCCGTATTAGAAGCAAAGCTAACAGTTACGCGACAGCATATGCTGCGTCGGTGAAA...GGCAGGTTCACCATCTCCAGAGATGATTCAAAGAACACGGCGTATCTGCAAATGAACAGCCTGAAAACCGAGGACACGGCCGTGTATTACTGTACTAGACA	0	1	318	0.125	2	63	20	0.0636942675159236	20	1	0.05	1	0.15	0.75	IGHV3-73	probability for chimera, inference removed
IGHV4-4*bp02	Novel allele found!	IGHV4-4*bp02_A245C_C300T	245A>C,300C>T	NNNNNNNNNNNNNNNNNNNNNNNNNNN...NNNNNNNNNNNNNNNNNNNNNNNNNNNNNNNNNNNNNNCGCTGTCTCTGGTGGCTCCATCAGC.........AGTAGTAACTGGTGGAGTTGGGTCCGCCAGCCCCCAGGGAAGGGGCTGGAGTGGATTGGGGAAATCTATCATAGT.........GGGAGCACCAACTACAACCCGTCCCTCAAG...AGTCGAGTCACCATATCAGTAGACACGTCCAAGAACCAGTTCTCCCTGAAGCTGAGCTCTGTGACCGCCGCGGACACGGCTGTGTATTACTGTGCGAGAG	0	0	0	27	0.0461538461538462	585	0.026	1	10	353	NNNNNNNNNNNNNNNNNNNNNNNNNNN...NNNNNNNNNNNNNNNNNNNNNNNNNNNNNNNNNNNNNNCGCTGTCTCTGGTGGCTCCATCAGC.........AGTAGTAACTGGTGGAGTTGGGTCCGCCAGCCCCCAGGGAAGGGGCTGGAGTGGATTGGGGAAATCTATCATAGT.........GGGAGCACCAACTACAACCCGTCCCTCAAG...AGTCGAGTCACCATATCAGTAGACAAGTCCAAGAACCAGTTCTCCCTGAAGCTGAGCTCTGTGACCGCCGCGGACACGGCCGTGTATTACTGTGCGAGAG	0	1	318	0.125	2	223	53	0.0905982905982906	44	2	0.05	1	0.15	0.75	IGHV4-4	probability for chimera, inference removed
IGHV4-4*bp02	Novel allele found!	IGHV4-4*bp02_C300T	300C>T	NNNNNNNNNNNNNNNNNNNNNNNNNNN...NNNNNNNNNNNNNNNNNNNNNNNNNNNNNNNNNNNNNNCGCTGTCTCTGGTGGCTCCATCAGC.........AGTAGTAACTGGTGGAGTTGGGTCCGCCAGCCCCCAGGGAAGGGGCTGGAGTGGATTGGGGAAATCTATCATAGT.........GGGAGCACCAACTACAACCCGTCCCTCAAG...AGTCGAGTCACCATATCAGTAGACAAGTCCAAGAACCAGTTCTCCCTGAAGCTGAGCTCTGTGACCGCCGCGGACACGGCTGTGTATTACTGTGCGAGAG	0	0	0	26	0.0444444444444444	585	0.026	1	10	353	NNNNNNNNNNNNNNNNNNNNNNNNNNN...NNNNNNNNNNNNNNNNNNNNNNNNNNNNNNNNNNNNNNCGCTGTCTCTGGTGGCTCCATCAGC.........AGTAGTAACTGGTGGAGTTGGGTCCGCCAGCCCCCAGGGAAGGGGCTGGAGTGGATTGGGGAAATCTATCATAGT.........GGGAGCACCAACTACAACCCGTCCCTCAAG...AGTCGAGTCACCATATCAGTAGACAAGTCCAAGAACCAGTTCTCCCTGAAGCTGAGCTCTGTGACCGCCGCGGACACGGCCGTGTATTACTGTGCGAGAG	0	1	318	0.125	2	223	53	0.0905982905982906	44	2	0.05	1	0.15	0.75	IGHV4-4	probability for chimera, inference removed
IGHV4-31*bp02	Novel allele found!	IGHV4-31*bp02_T285C	285T>C	NNNNNNNNNNNNNNNNNNNNNNNNNNN...NNNNNNNNNNNNNNNNNNNNNNNNNNNNNNNNNNNNNNTACTGTCTCTGGTGGCTCCATCAGC......AGTGGTGGTTACTACTGGAGCTGGATCCGCCAGCACCCAGGGAAGGGCCTGGAGTGGATTGGGTACATCTATTACAGT.........GGGAGCACCTACTACAACCCGTCCCTCAAG...AGTCGAGTTACCATATCAGTAGACACGTCTAAGAACCAGTTCTCCCTGAAGCTGAGCTCTGTGACCGCCGCGGACACGGCCGTGTATTACTGTGCGAGAGA	0	0	0	7	0.00721649484536083	970	0.044	1	10	631	NNNNNNNNNNNNNNNNNNNNNNNNNNN...NNNNNNNNNNNNNNNNNNNNNNNNNNNNNNNNNNNNNNTACTGTCTCTGGTGGCTCCATCAGC......AGTGGTGGTTACTACTGGAGCTGGATCCGCCAGCACCCAGGGAAGGGCCTGGAGTGGATTGGGTACATCTATTACAGT.........GGGAGCACCTACTACAACCCGTCCCTCAAG...AGTCGAGTTACCATATCAGTAGACACGTCTAAGAACCAGTTCTCCCTGAAGCTGAGCTCTGTGACTGCCGCGGACACGGCCGTGTATTACTGTGCGAGAGA	0	1	318	0.125	1	388	7	0.00721649484536083	7	1	0.05	1	0.15	0.75	IGHV4-31	probability for chimera, inference removed
IGHV4-34*bp01	Novel allele found!	IGHV4-34*bp01_T300C	300T>C	NNNNNNNNNNNNNNNNNNNNNNNNNNN...NNNNNNNNNNNNNNNNNNNNNNNNNNNNNNNNNNNNNNCGCTGTCTATGGTGGGTCCTTC............AGTGGTTACTACTGGAGCTGGATCCGCCAGCCCCCAGGGAAGGGGCTGGAGTGGATTGGGGAAATCAATCATAGT.........GGAAGCACCAACTACAACCCGTCCCTCAAG...AGTCGAGTCACCATATCAGTAGACACGTCCAAGAACCAGTTCTCCCTGAAGCTGAGCTCTGTGACCGCCGCGGACACGGCCGTGTATTACTGTGCGAGAGG	0	0	0	31	0.0282846715328467	1096	0.049	1	10	728	NNNNNNNNNNNNNNNNNNNNNNNNNNN...NNNNNNNNNNNNNNNNNNNNNNNNNNNNNNNNNNNNNNCGCTGTCTATGGTGGGTCCTTC............AGTGGTTACTACTGGAGCTGGATCCGCCAGCCCCCAGGGAAGGGGCTGGAGTGGATTGGGGAAATCAATCATAGT.........GGAAGCACCAACTACAACCCGTCCCTCAAG...AGTCGAGTCACCATATCAGTAGACACGTCCAAGAACCAGTTCTCCCTGAAGCTGAGCTCTGTGACCGCCGCGGACACGGCTGTGTATTACTGTGCGAGAGG	0	1	318	0.125	1	262	31	0.0282846715328467	24	1	0.05	1	0.15	0.75	IGHV4-34	probability for chimera, inference removed
IGHV4-34*bp01	Novel allele found!	IGHV4-34*bp01_C288T_T300C	288C>T,300T>C	NNNNNNNNNNNNNNNNNNNNNNNNNNN...NNNNNNNNNNNNNNNNNNNNNNNNNNNNNNNNNNNNNNCGCTGTCTATGGTGGGTCCTTC............AGTGGTTACTACTGGAGCTGGATCCGCCAGCCCCCAGGGAAGGGGCTGGAGTGGATTGGGGAAATCAATCATAGT.........GGAAGCACCAACTACAACCCGTCCCTCAAG...AGTCGAGTCACCATATCAGTAGACACGTCCAAGAACCAGTTCTCCCTGAAGCTGAGCTCTGTGACCGCTGCGGACACGGCCGTGTATTACTGTGCGAGAGG	0	0	0	43	0.0392335766423358	1096	0.049	2	11	472	NNNNNNNNNNNNNNNNNNNNNNNNNNN...NNNNNNNNNNNNNNNNNNNNNNNNNNNNNNNNNNNNNNCGCTGTCTATGGTGGGTCCTTC............AGTGGTTACTACTGGAGCTGGATCCGCCAGCCCCCAGGGAAGGGGCTGGAGTGGATTGGGGAAATCAATCATAGT.........GGAAGCACCAACTACAACCCGTCCCTCAAG...AGTCGAGTCACCATATCAGTAGACACGTCCAAGAACCAGTTCTCCCTGAAGCTGAGCTCTGTGACCGCCGCGGACACGGCTGTGTATTACTGTGCGAGAGG	0	1	318	0.125	2	237	43	0.0392335766423358	25	1	0.05	1	0.15	0.75	IGHV4-34	probability for chimera, inference removed
IGHV4-39*bp02	Novel allele found!	IGHV4-39*bp02_C258G	258C>G	NNNNNNNNNNNNNNNNNNNNNNNNNNN...NNNNNNNNNNNNNNNNNNNNNNNNNNNNNNNNNNNNNNCACTGTCTCTGGTGGCTCCATCAGC......AGTAGTAGTTACTACTGGGGCTGGATCCGCCAGCCCCCAGGGAAGGGGCTGGAGTGGATTGGGAGTATCTATTATAGT.........GGGAGCACCTACTACAACCCGTCCCTCAAG...AGTCGAGTCACCATATCCGTAGACACGTCCAAGAACCAGTTCTCCCTGAAGCTGAGCTCTGTGACCGCCGCAGACACGGCTGTGTATTACTGTGCGAGAGA	0	0	0	205	0.368043087971275	557	0.025	1	10	490	NNNNNNNNNNNNNNNNNNNNNNNNNNN...NNNNNNNNNNNNNNNNNNNNNNNNNNNNNNNNNNNNNNCACTGTCTCTGGTGGCTCCATCAGC......AGTAGTAGTTACTACTGGGGCTGGATCCGCCAGCCCCCAGGGAAGGGGCTGGAGTGGATTGGGAGTATCTATTATAGT.........GGGAGCACCTACTACAACCCGTCCCTCAAG...AGTCGAGTCACCATATCCGTAGACACGTCCAAGAACCACTTCTCCCTGAAGCTGAGCTCTGTGACCGCCGCAGACACGGCTGTGTATTACTGTGCGAGAGA	0	1	318	0.125	1	489	206	0.36983842010772	68	1	0.05	1	0.15	0.75	IGHV4-39	probability for chimera, inference removed
IGHV4-39*bp06	Novel allele found!	IGHV4-39*bp06_C288T	288C>T	NNNNNNNNNNNNNNNNNNNNNNNNNNN...NNNNNNNNNNNNNNNNNNNNNNNNNNNNNNNNNNNNNNCACTGTCTCTGGTGGCTCCATCAGC......AGTAGTAGTTACTACTGGGGCTGGATCCGCCAGCCCCCAGGGAAGGGGCTGGAGTGGATTGGGAGTATCTATTATAGT.........GGGAGCACCTACTACAACCCGTCCCTCAAG...AGTCGAGTCACCATATCAGTAGACACGTCCAAGAACCAGTTCTCCCTGAAGCTGAGCTCTGTGACCGCTGCGGACACGGCCGTGTATTACTGTGCGAGAGA	0	0	0	10	0.0253807106598985	394	0.018	1	10	339	NNNNNNNNNNNNNNNNNNNNNNNNNNN...NNNNNNNNNNNNNNNNNNNNNNNNNNNNNNNNNNNNNNCACTGTCTCTGGTGGCTCCATCAGC......AGTAGTAGTTACTACTGGGGCTGGATCCGCCAGCCCCCAGGGAAGGGGCTGGAGTGGATTGGGAGTATCTATTATAGT.........GGGAGCACCTACTACAACCCGTCCCTCAAG...AGTCGAGTCACCATATCAGTAGACACGTCCAAGAACCAGTTCTCCCTGAAGCTGAGCTCTGTGACCGCCGCGGACACGGCCGTGTATTACTGTGCGAGAGA	0	1	318	0.125	2	170	37	0.0939086294416244	32	1	0.05	1	0.15	0.75	IGHV4-39	probability for chimera, inference removed
IGHV4-59*bp02	Novel allele found!	IGHV4-59*bp02_G88A	88G>A	NNNNNNNNNNNNNNNNNNNNNNNNNNN...NNNNNNNNNNNNNNNNNNNNNNNNNNNNNNNNNNNNNNCACTGTCTCTGGTGGCTCCATC............AGTAGTTACTACTGGAGCTGGATCCGGCAGCCCCCAGGGAAGGGACTGGAGTGGATTGGGTATATCTATTACAGT.........GGGAGCACCAACTACAACCCCTCCCTCAAG...AGTCGAGTCACCATATCAGTAGACACGTCCAAGAACCAGTTCTCCCTGAAGCTGAGCTCTGTGACCGCTGCGGACACGGCCGTGTATTACTGTGCGAGAGA	0	0	0	20	0.188679245283019	106	0.005	1	10	78	NNNNNNNNNNNNNNNNNNNNNNNNNNN...NNNNNNNNNNNNNNNNNNNNNNNNNNNNNNNNNNNNNNCACTGTCTCTGGTGGCTCCGTC............AGTAGTTACTACTGGAGCTGGATCCGGCAGCCCCCAGGGAAGGGACTGGAGTGGATTGGGTATATCTATTACAGT.........GGGAGCACCAACTACAACCCCTCCCTCAAG...AGTCGAGTCACCATATCAGTAGACACGTCCAAGAACCAGTTCTCCCTGAAGCTGAGCTCTGTGACCGCTGCGGACACGGCCGTGTATTACTGTGCGAGAGA	0	1	318	0.125	1	76	20	0.188679245283019	19	1	0.05	1	0.15	0.75	IGHV4-59	probability for chimera, inference removed
IGHV4-59*bp04	Novel allele found!	IGHV4-59*bp04_G234A_A237C	234G>A,237A>C	NNNNNNNNNNNNNNNNNNNNNNNNNNN...NNNNNNNNNNNNNNNNNNNNNNNNNNNNNNNNNNNNNNCACTGTCTCTGGTGGCTCCATC............AGTAGTTACTACTGGAGCTGGATCCGGCAGCCCCCAGGGAAGGGACTGGAGTGGATTGGGTATATCTATTATAGT.........GGGAGCACCTACTACAACCCGTCCCTCAAG...AGTCGAGTCACCATATCCGTAGACACGTCCAAGAACCAGTTCTCCCTGAAGCTGAGCTCTGTGACCGCCGCAGACACGGCTGTGTATTACTGTGCG	0	0	0	7	0.7	10	0	1	10	10	NNNNNNNNNNNNNNNNNNNNNNNNNNN...NNNNNNNNNNNNNNNNNNNNNNNNNNNNNNNNNNNNNNCACTGTCTCTGGTGGCTCCATC............AGTAGTTACTACTGGAGCTGGATCCGGCAGCCCCCAGGGAAGGGACTGGAGTGGATTGGGTATATCTATTATAGT.........GGGAGCACCTACTACAACCCGTCCCTCAAG...AGTCGAGTCACCATGTCAGTAGACACGTCCAAGAACCAGTTCTCCCTGAAGCTGAGCTCTGTGACCGCCGCAGACACGGCTGTGTATTACTGTGCG	0	1	318	0.125	2	9	7	0.7	7	1	0.05	1	0.15	0.75	IGHV4-59	probability for chimera, inference removed
IGHV4-59*bp07	Novel allele found!	IGHV4-59*bp07_C300T	300C>T	NNNNNNNNNNNNNNNNNNNNNNNNNNN...NNNNNNNNNNNNNNNNNNNNNNNNNNNNNNNNNNNNNNCACTGTCTCTGGTGGCTCCATC............AGTAGTTACTACTGGAGCTGGATCCGGCAGCCCCCAGGGAAGGGACTGGAGTGGATTGGGTATATCTATTACAGT.........GGGAGCACCAACTACAACCCCTCCCTCAAG...AGTCGAGTCACCATATCAGTAGACACGTCCAAGAACCAGTTCTCCCTGAAGCTGAGCTCTGTGACCGCCGCAGACACGGCTGTGTATTACTGTGCGAGACA	0	0	0	12	0.0731707317073171	164	0.007	1	10	93	NNNNNNNNNNNNNNNNNNNNNNNNNNN...NNNNNNNNNNNNNNNNNNNNNNNNNNNNNNNNNNNNNNCACTGTCTCTGGTGGCTCCATC............AGTAGTTACTACTGGAGCTGGATCCGGCAGCCCCCAGGGAAGGGACTGGAGTGGATTGGGTATATCTATTACAGT.........GGGAGCACCAACTACAACCCCTCCCTCAAG...AGTCGAGTCACCATATCAGTAGACACGTCCAAGAACCAGTTCTCCCTGAAGCTGAGCTCTGTGACCGCCGCAGACACGGCCGTGTATTACTGTGCGAGACA	0	1	318	0.125	1	38	12	0.0731707317073171	12	1	0.05	1	0.15	0.75	IGHV4-59	probability for chimera, inference removed
IGHV4-59*bp11	Novel allele found!	IGHV4-59*bp11_C300T	300C>T	NNNNNNNNNNNNNNNNNNNNNNNNNNN...NNNNNNNNNNNNNNNNNNNNNNNNNNNNNNNNNNNNNNCACTGTCTCTGGTGGCTCCATC............AGTAGTTACTACTGGAGCTGGATCCGGCAGCCCCCAGGGAAGGGACTGGAGTGGATTGGGTATATCTATTACAGT.........GGGAGCACCAACTACAACCCCTCCCTCAAG...AGTCGAGTCACCATATCAGTAGACACGTCCAAGAACCAGTTCTCCCTGAAGCTGAGCTCTGTGACCGCCGCGGACACGGCTGTGTATTACTGTGCGAGAGA	0	0	0	21	0.102439024390244	205	0.009	1	10	177	NNNNNNNNNNNNNNNNNNNNNNNNNNN...NNNNNNNNNNNNNNNNNNNNNNNNNNNNNNNNNNNNNNCACTGTCTCTGGTGGCTCCATC............AGTAGTTACTACTGGAGCTGGATCCGGCAGCCCCCAGGGAAGGGACTGGAGTGGATTGGGTATATCTATTACAGT.........GGGAGCACCAACTACAACCCCTCCCTCAAG...AGTCGAGTCACCATATCAGTAGACACGTCCAAGAACCAGTTCTCCCTGAAGCTGAGCTCTGTGACCGCCGCGGACACGGCCGTGTATTACTGTGCGAGAGA	0	1	318	0.125	1	57	21	0.102439024390244	19	1	0.05	1	0.15	0.75	IGHV4-59	probability for chimera, inference removed
IGHV4-61*bp01	Novel allele found!	IGHV4-61*bp01_G88A_G103A	88G>A,103G>A	NNNNNNNNNNNNNNNNNNNNNNNNNNN...NNNNNNNNNNNNNNNNNNNNNNNNNNNNNNNNNNNNNNCACTGTCTCTGGTGGCTCCATCAGC......AGTAGTAGTTACTACTGGAGCTGGATCCGGCAGCCCCCAGGGAAGGGACTGGAGTGGATTGGGTATATCTATTACAGT.........GGGAGCACCAACTACAACCCCTCCCTCAAG...AGTCGAGTCACCATATCAGTAGACACGTCCAAGAACCAGTTCTCCCTGAAGCTGAGCTCTGTGACCGCTGCGGACACGGCCGTGTATTACTGTGCGAGAGA	0	0	0	33	0.0669371196754564	493	0.022	2	11	237	NNNNNNNNNNNNNNNNNNNNNNNNNNN...NNNNNNNNNNNNNNNNNNNNNNNNNNNNNNNNNNNNNNCACTGTCTCTGGTGGCTCCGTCAGC......AGTGGTAGTTACTACTGGAGCTGGATCCGGCAGCCCCCAGGGAAGGGACTGGAGTGGATTGGGTATATCTATTACAGT.........GGGAGCACCAACTACAACCCCTCCCTCAAG...AGTCGAGTCACCATATCAGTAGACACGTCCAAGAACCAGTTCTCCCTGAAGCTGAGCTCTGTGACCGCTGCGGACACGGCCGTGTATTACTGTGCGAGAGA	0	1	318	0.125	3	222	33	0.0669371196754564	24	1	0.05	1	0.15	0.75	IGHV4-61	probability for chimera, inference removed
IGHV4-61*bp08	Novel allele found!	IGHV4-61*bp08_G88A_G129C_C134A_A147C	88G>A,129G>C,134C>A,147A>C	NNNNNNNNNNNNNNNNNNNNNNNNNNN...NNNNNNNNNNNNNNNNNNNNNNNNNNNNNNNNNNNNNNCACTGTCTCTGGTGGCTCCATCAGC......AGTGGTGGTTACTACTGGAGCTGGATCCGCCAGCACCCAGGGAAGGGCCTGGAGTGGATTGGGTATATCTATTACAGT.........GGGAGCACCAACTACAACCCCTCCCTCAAG...AGTCGAGTCACCATATCAGTAGACACGTCCAAGAACCAGTTCTCCCTGAAGCTGAGCTCTGTGACCGCTGCGGACACGGCCGTGTATTACTGTGCGAGAGA	0	0	0	7	0.0510948905109489	137	0.006	4	13	62	NNNNNNNNNNNNNNNNNNNNNNNNNNN...NNNNNNNNNNNNNNNNNNNNNNNNNNNNNNNNNNNNNNCACTGTCTCTGGTGGCTCCGTCAGC......AGTGGTGGTTACTACTGGAGCTGGATCCGGCAGCCCCCAGGGAAGGGACTGGAGTGGATTGGGTATATCTATTACAGT.........GGGAGCACCAACTACAACCCCTCCCTCAAG...AGTCGAGTCACCATATCAGTAGACACGTCCAAGAACCAGTTCTCCCTGAAGCTGAGCTCTGTGACCGCTGCGGACACGGCCGTGTATTACTGTGCGAGAGA	0	1	318	0.125	4	60	7	0.0510948905109489	7	1	0.05	1	0.15	0.75	IGHV4-61	probability for chimera, inference removed
IGHV5-10-1*bp03	Novel allele found!	IGHV5-10-1*bp03_T240C_T258C	240T>C,258T>C	NNNNNNNNNNNNNNNNNNNNNNNNNNN...NNNNNNNNNNNNNNNNNNNNNNNNNNNNNNNNNNNNNNNAAGGGTTCTGGATACAGCTTT............ACCAGCTACTGGATCAGCTGGGTGCGCCAGATGCCCGGGAAAGGCCTGGAGTGGATGGGGAGGATTGATCCTAGT......GACTCTTATACCAACTACAGCCCGTCCTTCCAA...GGCCAGGTCACCATCTCAGCCGACAAGTCCATCAGCACCGCCTACCTGCAGTGGAGCAGCCTGAAGGCCTCGGACACCGCCATGTATTACTGTGCGAGA	0	0	0	15	0.6	25	0.001	1	10	23	NNNNNNNNNNNNNNNNNNNNNNNNNNN...NNNNNNNNNNNNNNNNNNNNNNNNNNNNNNNNNNNNNNNAAGGGTTCTGGATACAGCTTT............ACCAGCTACTGGATCAGCTGGGTGCGCCAGATGCCCGGGAAAGGCCTGGAGTGGATGGGGAGGATTGATCCTAGT......GACTCTTATACCAACTACAGCCCGTCCTTCCAA...GGCCAGGTCACCATCTCAGCTGACAAGTCCATCAGCACTGCCTACCTGCAGTGGAGCAGCCTGAAGGCCTCGGACACCGCCATGTATTACTGTGCGAGA	0	1	318	0.125	2	22	15	0.6	12	1	0.05	1	0.15	0.75	IGHV5-10-1	probability for chimera, inference removed
IGHV5-51*bp06	Novel allele found!	IGHV5-51*bp06_A128G	128A>G	NNNNNNNNNNNNNNNNNNNNNNNNNNN...NNNNNNNNNNNNNNNNNNNNNNNNNNNNNNNNNNNNNNNAAGGGTTCTGGATACAGCTTT............ACCAGCTACTGGATCGGCTGGGTGCGCCAGATGCCCGGGAAAGGCCTGGAGTGGATGGGGATCATCTATCCTGGT......GACTCTGATACCAGATACAGCCCGTCCTTCCAA...GGCCAGGTCACCATCTCAGCCGACAAGTCCATCAGCACCGCCTACCTGCAGTGGAGCAGCCTGAAGGCCTCGGACACCGCCATGTATTACTGTGCGAGACA	0	0	0	67	0.374301675977654	179	0.008	1	10	157	NNNNNNNNNNNNNNNNNNNNNNNNNNN...NNNNNNNNNNNNNNNNNNNNNNNNNNNNNNNNNNNNNNNAAGGGTTCTGGATACAGCTTT............ACCAGCTACTGGATCGGCTGGGTGCACCAGATGCCCGGGAAAGGCCTGGAGTGGATGGGGATCATCTATCCTGGT......GACTCTGATACCAGATACAGCCCGTCCTTCCAA...GGCCAGGTCACCATCTCAGCCGACAAGTCCATCAGCACCGCCTACCTGCAGTGGAGCAGCCTGAAGGCCTCGGACACCGCCATGTATTACTGTGCGAGACA	0	1	318	0.125	1	157	68	0.379888268156425	36	1	0.05	1	0.15	0.75	IGHV5-51	probability for chimera, inference removed
IGHV6-1*bp01	Novel allele found!	IGHV6-1*bp01_A315G	315A>G	NNNNNNNNNNNNNNNNNNNNNNNNNNN...NNNNNNNNNNNNNNNNNNNNNNNNNNNNNNNNNNNNNNNNCCATCTCCGGGGACAGTGTCTCT......AGCAACAGTGCTGCTTGGAACTGGATCAGGCAGTCCCCATCGAGAGGCCTTGAGTGGCTGGGAAGGACATACTACAGGTCC...AAGTGGTATAATGATTATGCAGTATCTGTGAAA...AGTCGAATAACCATCAACCCAGACACATCCAAGAACCAGTTCTCCCTGCAGCTGAACTCTGTGACTCCCGAGGACACGGCTGTGTATTACTGTGCGAGAGA	0	0	0	47	0.155115511551155	303	0.014	1	10	157	NNNNNNNNNNNNNNNNNNNNNNNNNNN...NNNNNNNNNNNNNNNNNNNNNNNNNNNNNNNNNNNNNNNNCCATCTCCGGGGACAGTGTCTCT......AGCAACAGTGCTGCTTGGAACTGGATCAGGCAGTCCCCATCGAGAGGCCTTGAGTGGCTGGGAAGGACATACTACAGGTCC...AAGTGGTATAATGATTATGCAGTATCTGTGAAA...AGTCGAATAACCATCAACCCAGACACATCCAAGAACCAGTTCTCCCTGCAGCTGAACTCTGTGACTCCCGAGGACACGGCTGTGTATTACTGTGCAAGAGA	0	1	318	0.125	1	121	47	0.155115511551155	25	1	0.05	1	0.15	0.75	IGHV6-1	
